PC1,PC2,PC3,PC4,PC5,PC6,PC7,PC8,PC9,PC10,PC11,PC12,PC13,PC14,PC15,PC16,PC17,PC18,PC19,PC20,PC21,PC22,PC23,PC24,PC25,PC26,PC27,PC28,PC29,PC30,PC31,PC32,PC33,PC34,PC35,PC36,PC37,PC38,PC39,PC40,PC41,PC42,PC43,PC44,PC45,PC46,PC47,PC48,PC49,PC50
-32.32792967792946,-8.577243022994988,14.54157725366698,-2.487755870857236,-30.27151034376618,-11.874788163828045,-36.11504241126798,36.87836127583684,-26.044099272617316,25.0132111665297,-0.8292562311202625,-11.293451107682438,11.24801763983549,7.858191225008798,-2.4410356946433143,1.2103306908688916,-10.69170528275752,7.136917180239162,5.5084456602337895,2.8060651632988995,-3.895499149423648,12.18898408954207,10.129233290108456,-0.5201282193146566,1.3508073229697461,-1.5703491727966563,11.158035878874681,-5.421071577644755,1.1582583035797165,-7.686748864466809,3.351938937017798,6.10527913822329,-4.596390579977749,-5.7019103886351505,1.9680205043174537,-2.467641558997309,2.856357044943499,-9.79534650198717,-1.2980781315704006,-5.044409921037818,9.002429047886537,-12.091969218676182,-5.467583813703415,-3.4649391673433265,-3.3332950187726262,-3.3048829384079315,5.877829752222319,-0.7393400975035627,-16.139329728996195,-4.3061052920339735
3.7165118726601323,-14.787452681605982,1.5126438097764299,35.432116185348924,2.3512794797052345,-20.714026713411787,29.21515990958093,-6.058676160803511,-4.638848220827068,8.207466240915673,-17.184504311541986,1.506520594243518,-10.594052176174394,-4.284923822118252,-2.9242582624085958,14.773230008988062,-9.387112586671195,-7.317991871745242,-6.155778881696922,-2.7751674444415646,-5.526421893365033,1.1353720008869654,4.962739755366691,-6.413840167372759,-6.03669996596374,5.761317599528838,2.7785086845566904,-5.354232560499516,-4.952342748581865,-0.712496668941058,-5.708020928389617,0.6856869284141626,-1.9180745589937038,0.03182752592174507,0.3927986492721975,-0.0018522191254927642,2.520336591255716,-2.3112869515570464,-8.925200891310816,-2.614256074908428,3.0938412768726,7.515235484924214,-7.973528278634733,-2.5394454272821654,-2.695610966511493,-4.225206968062507,-2.139493454252187,3.370557574998906,-4.629401282365746,-2.664575719803527
57.486681882809236,-20.277981625417947,-37.08749617466745,-39.10311089726666,4.417667630052837,-11.946189739747659,-4.569869198735761,-20.471730497917207,-7.740547773975515,8.566416594647837,-0.27900558624692295,4.239085975365498,-5.8530762453842575,5.180484947172089,7.152840982467105,-7.030401348805045,1.3799680119164612,0.3017299600809964,4.525766311265047,1.0446908066309142,-1.741084858577542,-2.9007323922881048,2.0455078033700187,2.2999018017316413,-1.951945088105683,0.7617903557910677,7.210706474337886,11.977921236443214,3.7634956411263767,5.341703814093367,0.9431964978606505,-3.546192431701214,-1.9737152625126864,1.7661468183747393,-0.770126000222179,-4.556214701222775,3.253341083096206,-1.8460442118688112,3.9787759210090106,-5.7941331855182465,-1.7918405230791856,2.633757500684253,-1.4414120461143627,-3.933513124033646,-1.4161647969418893,6.701713538318156,-3.3798023382245077,-0.2030209515999062,-1.1672963002814825,2.88222691764461
-15.804103164845824,16.463141820641066,24.792374597405164,-13.200558892594866,-1.7169116894218093,7.300127518318894,2.041553464659847,4.675052565792618,-10.016929270732676,-11.757404875559432,7.979943831190108,-9.73516041787017,1.6010142083996994,12.600309397036936,1.8602012332786533,-2.43811966550822,-0.648536556822585,4.593258070130278,5.864742681475526,1.887917722251922,-5.867916341551525,-3.1319440661479545,-3.4475452571191734,-0.3193951475620611,-5.01607503006499,4.611882000390708,7.29334586369901,3.385217324482358,-3.385414390709488,4.400814773106646,0.2124542159345951,-6.689836240435231,5.597063379341098,5.029608049604649,3.1037108741572106,3.264576116414169,-2.8822491756219177,-3.4614718538114344,-4.121263888499313,0.4970059808571756,-9.289080944259325,3.292153535570469,-5.7561554803860835,-8.624303443477295,4.927816062430897,2.689827039508043,3.518154043578122,4.000866849646718,-2.0452532840002444,-0.8458933255977613
-48.5748499532903,-64.10175365109748,-27.830961115931544,-1.1926174680593173,16.51115827999086,18.77547047998543,-1.751353457199734,-3.7051270110653554,6.91483818212431,-4.259583325690236,-15.381841239407965,-1.8770374152391835,2.3004044492719316,-0.15090959544230198,5.85831203985322,3.5023768274945857,-9.372166140666017,6.415391620513794,9.403114483756223,-4.774284906083354,-2.4634019909201363,2.4695315723984366,-8.381893247546744,-8.280067837302546,-5.597835354003502,2.403553992542225,-11.06200264631327,-6.770853751800218,-0.3717373496876976,8.078601584449867,-7.984915937625907,3.8360953388320405,-2.036593930407783,3.7494348912627116,-6.586676837750596,-5.800177176095313,-2.665552773381333,1.0153742325520887,4.0876953004780106,5.709781085878616,-0.7353428200599406,-0.6825418667360001,0.5671987088496621,-2.086662421318338,0.2998590329404584,-1.84941105630439,5.099274471366393,-4.328372475423427,-2.310644508482876,6.870296290930021
7.129691636649413,-5.187773700604944,24.06190566885635,37.125295526706516,-11.774369556969098,-3.8301004962012084,2.9750844247095753,10.553433655613631,-12.178569665176532,-6.365365626078661,3.6808409678451652,-10.540566867487703,3.240136993525867,0.44606074361043974,13.343944060260965,-2.969846323218924,-6.285767221131609,4.541220756057668,2.3200034761148327,-5.603038224691634,0.4439454585842238,-12.440504790728024,3.109882038407753,10.128400184761604,-5.244324914819387,-6.9075920284517105,0.4866546098298462,1.613779956527838,-5.229515021935477,3.103368762026946,-0.3367289466767239,7.863538444924685,-5.519216395424274,1.1440571974874987,-1.6333901248791651,-6.700828138512356,-6.453388912113263,-2.120997563344927,-5.0064855514038475,-0.827870173443717,-0.21531157686599,-2.2799858888944993,2.532441786360799,0.844374826477163,-1.0701611092944814,3.949783444375045,-0.3818406389711573,3.4403932280965326,-2.2583269459801216,6.195709387890384
-10.129738474296751,40.54909993083625,-33.30557005781191,14.841665874175472,17.171409702368482,0.012451367242785423,-6.265567648422088,-8.456698868505606,0.020112627204811218,-7.795604607112131,5.27189096038197,13.301460308790459,10.426096987665703,6.743469280669948,5.776230746280346,-2.6580026064947293,8.057604287408639,-3.355636173947379,-4.235845439348391,4.4491033203548245,0.2509855289543286,-1.7330871823131242,-1.8957147189410708,-3.559966399188752,2.9605820629357007,0.33008792402840587,-0.997076650664473,-2.562548404775641,5.7687667364098685,-3.487906180442332,-4.643699944547123,-4.386281721617323,4.047045429734432,-8.26731878939944,2.4116426340278623,-8.254470979944827,4.79455682985063,-4.205695581574871,3.7008395470912183,0.38383931002886806,-1.1737802422074781,6.639142681203394,-4.0595225764307985,-1.398279484945144,-0.1769512151799664,-5.438063420417067,1.58682294844315,-0.6186987086393981,2.277076936284009,0.6013864988396758
-16.439801700398988,40.33094363208743,-26.387005979965547,9.031856099311396,19.31326267581262,-12.459001356511333,0.227657351440304,4.186214470540242,5.405003995458901,-3.212383955152172,16.545271980478425,2.838474020710319,-7.485708649232995,3.2039447973230755,15.955229632101311,-0.9811585158285764,12.24519313653495,3.669823837547379,-2.6116974273371665,0.38814746079286494,-4.8146776297187115,5.244939453624018,1.470209329634136,-6.46794508135526,5.310832689746579,-6.3501685514162,0.16631136626551074,-1.0528147132902252,4.540157321196346,3.096560673700263,8.264281386811762,-1.833909927400182,-7.1428182294587215,4.273082806937057,-11.060109909584853,1.7365841246890918,-5.805923677514465,-4.140249523564278,-0.9141314237810845,-0.05014156132702808,3.017645823547809,-5.365619379553162,-1.373021888558586,2.2660932430766305,-0.16613130598945516,3.1360243671664962,4.013330046030155,-2.5373823487941554,-0.3771027955998772,-0.5190066149134811
66.69152304516192,-30.834750088112056,-21.435870212254454,-26.244959919162568,9.424904184998931,-10.550213851476864,2.7482616873646126,6.003997471214212,22.651435514943874,1.3571435819489197,-3.985383397739169,1.3874599553414655,1.6792697068784217,7.072685694169945,5.790753862362757,-9.346806415929123,-2.297524821937786,-0.7676455594312637,3.3525769768835474,1.945901056504194,-1.2365188949539825,-2.193373265446095,-1.3771573680070242,1.7752622792376533,2.5623946171289407,-1.701129165713723,-1.3019488480625032,-2.071809211098518,-0.999208707092658,-4.154347702635918,0.13536054436152892,-1.5259048739644958,3.5220786053184887,-2.132140697200758,-0.968490553158048,-0.21066788215895382,-0.21838078160837104,-1.576212428962163,-5.131672660605779,-1.1745927211026657,0.07098222866684929,-1.5087259774984656,2.8704799801920173,-1.5262085411583441,-2.1742780828018953,-0.6001136556270009,-1.208843794716347,-6.888444905699459,-3.316352512383552,-1.5052395733422432
56.3390284270766,-11.024719835002417,-11.365193278689175,-7.277079069526279,-17.556701961566485,8.000589851148778,-8.470346133215752,2.3480581497085407,-19.19836949452702,-15.472402405657437,0.43042322497022,-4.590150831016601,2.8764364963203013,-4.953357496074501,-4.144714865105346,11.046884193667957,11.898122559732661,-4.142820006688507,3.442284540631247,-9.912521278974342,-4.959949786568903,-1.1734363323983383,-9.090114470314505,-2.9997211989317623,14.519902062840899,1.673345049201733,-3.700209662018538,0.691603342084125,2.5521763147560272,-8.5162108793884,4.21638475111448,-3.057814308087579,-9.657546124034138,-1.2705434461768366,1.3416684654666886,-5.500985577283359,-5.348089311424534,-1.4854902494870015,5.0265062383825825,0.11828632584890622,-3.3061287025756587,4.59423434680808,-5.144024702299857,-0.08827781170209592,-6.6741077861436695,4.297674067246421,9.636961954645967,1.443778207523952,-3.9764309583113593,-6.767161385143117
-17.776225007357564,48.49712128700842,-41.13476270710244,-2.9666159317641636,31.911416008951335,-9.542677873789271,-6.90899313780956,-5.617273087761105,1.6049616889182352,-3.847815232834025,0.7390461963172205,3.081598614099843,1.2603561513744925,-0.09223540131193864,-3.2147539281467803,-3.9836533322563996,-0.19560147829725552,1.1114857519063466,-2.052683038940995,-2.7065712875432304,-1.183093543595356,3.559216412194299,-5.303196836426558,1.5959494179163671,2.958340694585538,0.9733599630662793,-0.3918958170834514,-2.6691337363118466,-3.570406942405235,-5.236020721877533,-8.266097806490317,-1.9971109674536611,1.18729009805425,-3.134093662469714,2.0066167743500016,0.2573414320920641,0.9827417122384798,-0.7965980219523777,1.339675580816484,0.337425614460002,-3.7126940551310628,-0.6519777538501129,-4.687428528497212,6.846457161379809,3.3081765601934774,-0.01855940196955874,2.9575064785709984,-1.209592217978841,0.19034539387686417,0.6597455803442479
-35.422573340712546,28.846550804024027,-34.99331070643813,4.133541249974507,-4.676160216479779,-20.515971189216682,-4.412890594875312,-4.720899494715662,18.825461657704597,-9.096177467188562,4.939644922748259,-2.6729816788182132,-8.157848044332141,7.992853178761928,3.1498439491647354,1.1648313438644804,12.16990203190899,8.186487704115919,-7.075495299429699,-1.5652202170496023,-6.980341247831701,-3.997509667505125,4.455800336203418,-3.0445407487931324,-2.465260788138844,-7.403377628305045,-0.03774902807753323,-1.4392472736916646,-1.6196659172831291,-1.4368408342959647,-8.051929487419129,2.017072768631063,-8.910741794943243,9.147028456596649,1.2515575743921903,-7.415745339560777,1.4501254897421345,-2.0294070631099532,-2.7649896064851935,-10.870459398073397,1.35699308141963,3.3105244608893982,-5.250940612390231,8.078862868125988,3.049108329076912,8.034985956269553,4.002969970942205,-1.2853238655350865,-7.830400895320514,1.3577904011681383
1.6358905672197728,9.635816071253009,36.04499366586389,11.68641000914122,-26.28653413695051,9.72480017926302,6.274896031308125,-0.8145761653475757,7.553463540395415,-10.79918826633708,9.663198739874687,10.013665345370871,-24.05846912550757,10.199749290992443,16.329476643551935,-9.727799680994574,3.822628685496643,4.707539552590648,-18.4471421454214,9.613517987706764,-0.375876940429176,15.044176376945034,-9.790307181751908,-9.89448071294815,-2.189496162606264,-7.612599091748115,1.1605537521935585,12.475817770841857,0.494115054208266,6.707291118798338,-5.6530014494331535,7.393965214428117,-5.5734442243869635,-3.078595317694443,-9.196257239043689,0.8800639904554521,2.423665426231137,-10.83282069280581,4.593822984093257,1.459008273286375,2.777362294879676,-0.15011504268799897,-6.529787557844812,1.8702898219327142,9.471494093828458,-3.5804867577149637,1.5530681401132926,2.409169006894313,-9.800620840418897,-2.413699426103492
-12.128564357440792,43.68189591234708,-28.471578673264037,15.776112048205327,-12.991165925439644,-6.591583160948565,-9.707542716436066,-7.922570536743509,10.38043973655813,-8.643174982004256,0.8916686724014544,-0.24672235184104785,-7.250099485141838,0.007012717041832871,-0.509193188569585,-4.2532440105181575,1.542210310125466,9.416654071792076,-3.4527498975932653,7.860964998741005,0.5498456238544707,8.867338424788269,-2.1709721805184974,11.432092624196239,3.322187772406928,9.74203647527904,0.853314330611694,-5.3368918682033595,-7.102884930099384,-0.6478332188138395,1.3523448885922025,1.1192533674636815,-0.6472529597144837,-0.6011066808308048,1.5189693940117481,-7.725722496244529,1.760127108726845,3.9901738141330627,-1.1868370663789378,-4.278664538046843,0.7443219477619095,2.0486594726355047,-0.1399843256058286,0.2975216947337363,1.1866391194073438,8.548496122946691,1.2148198742351077,1.275498266202249,0.9617638414377825,4.653626042549845
-13.854005438804268,-5.419123207532487,27.619790057086682,-7.421715191259643,-0.9714228765477797,-4.9543179221790155,-20.32370100352951,-7.465594511044286,9.901766628576583,4.636423283303124,-4.4137551975543365,-5.354510495076663,-12.839905514413212,14.20472314497094,-2.6736853463555517,2.57419114353688,-0.3491921251287559,9.052362528062739,-0.8752870765641738,-2.7507649242873886,2.387977618443588,0.1824206419633915,0.5575731034615158,1.786252266178156,-0.18552249333049917,4.802767850766277,-7.491921642788605,1.400535002225288,-2.292813910719795,1.222055990530752,3.677049116466331,-2.844985780824692,-7.9934789712711805,1.0239482925155705,7.832044634611471,-0.321701691190741,-5.498477847174593,-4.249299497988733,0.47793296268512925,6.323219255324997,3.266715583071798,3.2136997395387934,-0.7692465530935901,-7.180478652784147,0.9176990667347611,3.46948352278716,-2.4307348531961903,-2.9979477386453484,-1.1500378317778468,-0.7526356494714181
58.19210981404337,-23.250383601450864,3.480173092839718,3.0363517510110323,-3.6557084261497503,1.2321327152751065,-2.1819350537168782,21.8745193009772,18.306293767778918,-9.837388544305847,11.803788088369396,-7.506923089631875,0.12790037875183946,-7.9978537350949805,-5.937423462623814,8.420263752357918,0.2539967332422772,-0.1853321382031536,-7.011898456060678,-2.652618946037141,3.9512312264866725,1.7614466391568049,0.6378586713350634,0.10878532495707925,-3.4948355109576834,-11.666731818239136,0.836799299466238,-3.35103435008203,0.3536312085396588,5.154082048069574,-3.4863364302252298,4.333881037645257,4.7287848714630165,-1.133942852371597,-3.5805348857848864,0.38608487182782875,1.783589935716418,-1.6846813467130737,-0.9783607953706607,-1.473086735579146,3.500117197967383,-3.471366819015704,0.3984426663669485,0.3485693047177992,6.027034333147027,-5.9794910094812765,-2.1516080591152322,1.3915931730119504,0.42965559945075593,4.145382582490713
-5.897353382806338,53.06067256736855,-36.68399227037449,21.678919711562106,-11.484019839906015,4.133019439567955,3.0906978742445372,15.375947975838528,4.52976398920861,-3.4035622245378505,5.195354915943185,-6.132482271157164,-2.226303821653758,2.160240404109153,0.5250169625358034,-5.6589086581223675,1.8227894281739923,0.6943756226383012,1.8031680382693378,-3.894527967695126,-6.144893327710292,3.959414272388084,1.927081010352652,1.697995816579366,-2.218107637612364,0.7649634256649874,2.1672502330144514,4.266169333528367,-3.4370780871660758,-5.0189000857440735,-8.217178386430144,-4.230492725643383,0.1499417287248977,0.7091760868910948,6.388548802580064,-3.4253867346442326,6.5146472982263415,6.013451376681769,2.155563808351393,-6.561203879731972,2.1876762097849727,1.1335798587856425,2.8322944078399717,-1.1898355791449806,-0.1592444386452112,-1.6237089903453445,2.448388401443726,2.5723478147288885,-2.242623015898879,-4.602232264070104
9.095846573003092,11.84311653081136,26.525575206962962,-3.442265113571814,22.77798121404106,21.21066464358682,-28.80468105666801,-16.807771558494377,-20.000938850760363,6.922130443925323,-6.065749466631452,-5.525182170561234,-22.38137773945414,1.5238183411808222,-0.5200161625138393,-2.6323504469223207,-0.8801982746619215,1.530591237056245,-2.9984081449079376,-1.5260386145220513,4.698971851610675,-6.458617666344779,-0.44955239315595974,-7.792750544712502,-2.2697337361980705,-4.460921065480635,3.6831052058485265,7.680074554847129,-0.8469651142734804,-2.6969876214736606,-3.8417236642248564,2.140447153302862,0.9019156463875931,-1.1514155820432668,1.6777934598652815,-0.5289310882513069,0.7037021797388493,-1.8983628261936962,-4.399664308729478,4.90598436094287,-5.472546040296167,-0.674446447258085,1.0678965161076004,-2.2186686731170355,6.39152480020571,4.987108347255007,-5.217803394454323,0.03305297615072336,-0.03757864774066735,4.799961269707324
-1.9802123061624595,36.13922738538225,-20.337151785719627,20.132724787149005,11.142378751615004,-6.141209926215759,2.1242000011755264,18.592463770416572,27.838739948060496,1.7229333118435382,10.177440705201741,-5.48226338721333,-6.0629412663143585,-0.5739776158386293,0.7235657120269005,-0.26892259010918357,0.8161255264502192,-4.602157788901955,6.063289980016041,-1.965683847426561,-5.219346132367791,-0.5929666742232867,0.18781161505023106,-3.0414059851776845,0.2522836010929186,1.6265334329134216,-2.4687491405544013,-1.6070412400758534,-5.415652817467437,-3.4271747537069697,-0.8113346291729813,0.3158463416285154,1.423767241806944,-1.9047369403841117,4.443263494594979,-1.7090320329050745,-0.9420577085735111,1.4864475257788967,-0.07270462460775765,-1.9258686781704135,-3.288359659393596,1.5256349071095654,-0.33732795901402896,5.463113784045089,2.9352936358413078,4.96121969872897,3.513378448707961,2.211147347608267,-3.835824066813953,0.46314395889265675
67.64133867434941,-27.828284287428456,-27.488541486336665,-35.8388482991355,11.826216726737087,-10.888187246334768,-4.442661389901579,-18.56510887771901,9.635877718366254,2.8971068374719375,-2.8170719641744704,9.991682756839255,0.042060439035870284,15.174759035945897,8.997564214310886,-11.550040049042204,2.3733719561875257,-2.004777238201653,0.5430334718006204,0.7307318992152311,-4.428874438127955,-0.4461968402401202,-0.11240248443894957,2.5336094252702503,1.157732901719274,-0.584998884700016,1.2543798918347935,-0.6817801666461,1.180866235588225,-1.1509377057106565,-3.621287646865764,-3.1990572970143516,2.780506510045102,-0.12866102870857446,-3.7228442832084556,-2.5938902060227247,0.5763159778461088,-2.4208480186094974,-5.939654144433743,-3.9238396346351774,0.7438140674956515,0.7367716696677574,3.88955487087156,-0.27690794194794494,-0.4269074029773871,-1.0114528850178608,0.48750170303734114,-1.5021539322448079,-1.2411882437652249,-2.5278782143187186
10.034127896880335,-8.839779072210249,26.055574449973516,55.56750161937198,-29.15212714695403,-9.188074379001574,14.445199562370915,15.518684539863,1.1364223471614359,-4.461425409625496,13.581428454633524,-2.6732738838118517,-3.741291827539974,-1.3397537267773116,6.571122351597866,-12.25577176407407,7.204403529038763,-2.0894842398987175,-2.9164521387107323,9.396996427860183,0.8855521920743289,1.7244966883954898,-9.023908340341167,2.067090740971215,-3.1581890341115306,-11.11915241911339,3.0894811898828127,4.6773856603847195,-3.831583285693049,7.4694384604224275,3.5421469090222906,3.837989705919436,-2.103520827897104,4.415317521057732,-5.502090812259288,-5.29031983123726,8.3039658416439,4.492782353045822,-2.965646076180204,3.16326257863452,-2.2549170408123973,-15.04420024785271,1.9223953714588782,2.149537289191595,1.858610049742937,-1.1325593477751403,0.007819653540473691,0.7436139174274833,8.655657067599247,-5.45474101840898
-4.538091285167762,-15.410532167319039,2.1675460782393623,34.33236278861409,1.6032497716271257,-25.367497054084794,19.43223018925358,-19.591575149518956,-9.573044229034476,18.333518533113125,-13.620128155894596,-2.078130540255858,-1.5074514582994065,-2.3931268418927414,-10.981592662971282,7.393939204629297,2.190795332197778,-7.351628192498369,-4.619765900007311,-1.9291064673432865,4.520611173963101,-0.6056864688957585,1.8303190772300535,-6.679742475375755,-0.31925615440615185,9.694925188197699,-0.43693478749019193,-8.252463690913592,7.199825061885884,-5.280633063047519,-1.6474591461699348,2.7130813287450946,6.564398359195758,6.733624375620246,5.161881182352489,-0.7028536595975079,1.4103222999425082,3.1208938329162694,-3.61672299359689,-3.195281945413398,-1.5996867194985382,5.620454227074887,0.7958307863021628,-3.6976341608616576,-0.4791531858189647,0.9413145352212527,0.34847173881868576,-2.1163864617572523,0.5912388545291755,0.5744506528318064
2.589120626119631,-19.865789298134526,16.45927083871025,26.561062994365905,27.31495391236837,-21.733123012324025,8.109129984282532,-13.16469297977746,2.317464710953145,4.619708582034383,-9.980414892118812,4.84300954810911,0.9122058740553084,3.534089426554894,-6.712915084652209,8.687582278502335,4.485662018898355,-4.606236826261007,-0.4059412407479935,-5.2753575746989165,3.9407124900305317,2.703754513723441,1.0993342198034897,-2.5635285904148843,-2.180120041615132,2.8471551897633036,-0.6730277488355164,-11.9641184096886,4.3076116698540305,-4.78279660462108,0.226080624818788,-1.8693574152520354,7.383847350182032,8.145895078998205,13.669051469466712,-2.727353914998976,-5.955918051505548,-4.260426824273223,-2.876708975868684,0.40436048734068836,-2.4435407761678936,7.767809688653226,-5.139703918423054,-1.8219137897190223,-0.34657182478183757,1.2679455803263808,-0.44935217716795034,-1.7073796374890804,-1.285634762539693,-2.056569737924595
-79.1299321258679,-74.30701438330821,-42.43017273794629,-7.843285752667918,-2.605394089193291,21.981247021356705,4.983692334569637,7.298246378225899,-6.89473805968922,2.699869320984194,-0.7034136209410339,-2.7657351849266205,-1.3299944440643159,-5.519412370218124,2.1693482965360986,-6.804116085570685,-0.45711632943289043,3.2723949389943745,3.3132857333599044,1.6679480015874408,-1.1303167099770763,3.45632416693194,-13.526538397751514,-8.870936328019795,-1.4748518127088996,8.043060593861496,-6.0760930568354405,-2.0429667361380077,10.438943644327143,-4.451760734572696,-4.995645116232256,11.200685512308526,6.397738178397452,1.4022248026825994,-1.725280509282729,6.827496728650679,-5.73184284556953,5.49071837772558,5.592061955583898,-1.7399440092137142,7.640249568434244,0.23169202231237146,-0.9320904337375095,4.300441916345894,8.132451873227032,-0.24160066318216497,-3.4797382711558393,5.29510310612006,-1.2447831756041214,4.214193715559748
0.3081120940132256,47.454084909488664,-31.34311021147056,13.264223232190044,37.79647563817323,6.065330717286276,-11.712377317528619,-14.373788910483835,0.7797331803163713,7.306367469514191,10.161793246595368,8.121594821318428,0.7796192198255365,-1.2812701306280925,-1.962244649127471,-6.494705529794273,-5.413784206574119,-12.740325295981314,0.48148954073742334,-10.74393646941984,2.799483920180862,1.3508087951763164,-1.8754807104427118,-2.2941054158624143,2.6787132605818633,-0.3405379115635615,-2.2543069083612455,2.2274064390890667,-0.09850480118615584,0.11843644063847397,1.981595650447379,3.514645185053821,-2.340377039757936,-0.5524691224637392,-2.6200926508841396,3.256413746381458,-2.4974601123520106,-3.262589162415265,0.4512146525217761,6.754990797323936,5.568405364303818,2.533636215189411,6.196111172633354,-0.8862654538609285,-1.9581242637708207,-2.8406000438561065,-0.2297561143552835,0.908399585723198,-1.4158902030170368,2.456115925603441
-19.816221593017648,11.168689291329114,34.555183427218914,-25.236590316845316,0.15548724592382582,7.077184364171881,8.01081143735221,-2.419006732879276,-14.07818625744468,-4.151924437184253,18.311452908812765,-13.77609861775418,2.581489332360448,2.8153025330682535,1.2262238400244658,-1.964972038183238,-3.7333794923218804,-9.694878319848936,3.5541441310189192,6.488426321401708,-5.306082204108404,3.147784891154767,-1.223660799773826,5.7126185003385315,-3.347322129848221,-0.11294876045982578,-4.07815438786932,1.8697242133921528,1.3866697972110409,-5.313651257524467,-2.077777557025025,6.763734090038914,4.791642809000802,8.523593168283435,0.34269315060673555,0.5271056871577252,-1.2822408847033497,1.4426192488610017,-2.664625132239364,-0.39312211857207674,-5.414047098079644,5.7845192169031625,-5.41175013524953,-0.09418844473268831,-0.6202111849381798,5.213372698060584,-1.7723533073510822,-6.072554081047456,-0.2136380222689143,1.8008408542441832
-20.97441512708167,49.932524700574156,-35.91855697401279,3.840634149015136,15.633265393865653,-1.2247780642167534,-11.203996389132397,-5.76680914649351,-8.15695126480498,-5.8286989137126195,1.4658161966840841,3.749130862502614,0.43927606017417614,4.91508457462996,-0.8894525761295038,0.15100682921663247,3.47536863029087,0.8463157730628094,-2.0639810133463063,-4.313719877266863,-1.1463571494101694,6.094038662344016,1.326486235448522,4.295089867472855,3.088629036562763,1.2982597864371106,-4.609381659997101,-0.3453951968634311,-6.480851967488024,-1.4452522290876288,-6.113968586650345,5.231726788949222,-2.699434233783683,-1.0806404522625563,1.8331178957688463,2.112087798628074,1.4636137198860533,-5.735700425830091,1.9941114405109732,1.6754802686628631,-0.07982446675924272,-1.777022974132699,6.316483361671433,-0.8981942812591959,1.5778599466828458,4.330811124269301,-0.36885236357010853,-0.9583183641906934,-2.5669415304828043,-0.9244991673668878
4.471819677756765,-19.26459177561212,18.51609899127424,35.583926591509766,-1.8898285425883796,-25.29095105242038,25.56371089401092,8.655432375538126,-9.809439289481265,7.790785004425982,9.431152007993822,-13.736464439750977,12.815475757921126,-8.331557121603272,0.9908823939605591,-7.995884796628998,12.405279082283252,5.925027067520705,-1.144539982379312,-0.9950352759143585,5.394132173707673,-2.373958663795814,0.9755072062584111,7.439001096300325,5.905173515909296,2.61634194853856,-6.966952517530568,-3.956615890480366,-4.925354751384439,-1.3012455642832312,1.1624567404107837,2.8126417248706788,-1.8705423009687312,1.4739055633732323,-6.247776377772772,-0.18769947717574764,-0.238142781183032,5.3518183511730975,0.9018668507883237,2.6363438018895327,7.4512440061557,-2.2911003947786694,-1.783309532007009,3.1088964881588064,-0.6635216720245932,-8.038827868466537,1.9804705234064328,-1.2948689569209488,-0.035353639452046316,-3.667773530597416
-10.25686044492342,38.95183981242541,-38.74035919971653,31.872069713811673,-60.101874844097665,-3.610645694351794,-21.632036309430582,-32.636271330185174,18.663902293083588,5.649179097710499,3.6616738362729744,5.388094896205311,-7.403662976149545,1.1203963549952742,3.193000400979502,-2.4594118543758205,-11.622888115523553,-14.160318036821748,1.9108919890319047,-9.609242446205615,2.6239038415930875,-6.35259752875044,6.514842934124301,-8.58267617829422,-4.780703496290018,-1.61587894706319,-4.108798475979369,-4.191996398484617,-1.3237023138394592,-5.35143720526219,-0.7431742392779058,6.925239756265323,8.735340796598964,-0.3487693879384611,4.002783124659432,1.6987878304512916,-3.632709525827285,-1.1130990527143112,4.526508999155291,2.91190339341672,-5.442991323197989,-2.2209747085014566,-3.0993928945611593,1.4546232282834946,-5.419479420281584,-6.058874176798043,2.7095151815761485,6.709327835521332,2.890773698666823,6.671425130961086
6.4485801573616905,-6.151331705315705,-1.3873926294051435,27.216696141636813,13.524877540514314,37.9160345150628,-17.690430875051007,-18.43819019539755,-9.308615962373768,-10.236805135973663,-3.634139066489029,4.937489204776081,12.889837840869887,0.5241547985956647,-2.738225614967254,-0.2146543075979437,-3.19203201668345,-12.563316877093404,-12.990251650917433,3.4166723181445566,8.09121645804832,-1.320530908045889,13.60697842111152,7.8293771627472015,-3.9231643805164116,0.11510342158935462,-5.175105212466232,-3.8412072001717243,-1.7545655678304304,1.3422122692079745,-2.0934437937271575,-0.12124439319346533,-9.427771225619844,-4.483360985098267,8.138226350385802,-0.6090354758104192,6.0324449403651546,-9.705734378029547,-0.41147332345510046,1.9851175987572558,4.507862260985944,0.8943999644927746,12.807017628991789,-2.52536178631978,-1.9640483055422795,2.303869112898537,-5.634484952502115,0.054726735430547215,0.39980001425632816,0.9794111434080465
20.16724175978528,24.538274195648064,31.8844738597588,5.734378310688277,7.858210287555536,25.933070362206315,8.5855264339423,-0.046635879026808984,11.487482836169916,7.130969320698628,-8.001518291399973,-0.5630782062018945,0.3122553203440932,3.743534301254295,-7.90168084410929,7.777340124500296,1.7035799156524314,1.122308393717598,7.135153993532421,7.6482706125129445,0.3433103644123251,-4.82000789553934,-7.3957612059606115,0.802303179578796,3.97133165053995,2.194960671870669,3.0834165500341015,-1.2861879441373103,5.661555093142484,-2.035689676288688,0.8750619315286705,3.2184777616690576,2.781303500136498,-0.07204652516930186,-0.12157189240862161,0.38148681608758905,0.24780782159364875,-2.2442029822639165,-1.242349700152354,4.901972406739502,-0.9256605955785502,-1.7154939225317611,2.648114097207144,2.835287539829445,-3.536123247276043,0.1951975878925578,2.822471017583774,-0.21740320554198056,0.6836604508844994,-1.6914159027744085
-31.160241975665546,-22.417037624743063,18.012522484597508,-20.839990532568425,26.38316763195885,-20.555395510736755,-32.33336217005897,12.026797610262367,-8.585349525906587,13.7441016081887,-9.560932163993288,-8.671569828272549,-6.914693775089225,2.743398891394355,-2.9294075686228895,10.595446692957886,0.3552970833556421,-3.178369658709698,0.4358065868151244,6.705599809896502,-2.0346395439870255,3.981570584891424,1.521285138073475,5.757745403219698,3.408167881945561,-1.112325419222772,2.554959466188704,0.9639548550595047,-13.843619786561321,0.29585493746612174,-0.36092157624284643,0.7441177505175222,-9.872426852663246,10.579200585539963,-6.147742307099314,6.717247699309246,6.740702012069459,5.771742998684297,23.21087128329613,4.0539948180138765,-1.629222957680668,-12.256460876807434,3.1513224700635725,8.16979795918476,-11.16756954227968,-9.231147860529806,5.272429519109159,3.961489210471576,9.628428602346744,2.1472140835172078
1.448053072055121,-5.016999650060629,-1.3794506314898543,30.98847823795153,-15.702135008259198,-21.324797055084424,16.441126459942794,-22.085204933587974,-24.49199980683227,9.110292126898974,-8.826231474668024,12.430672213322257,-11.181897611497813,3.0619174295361318,2.5614744845225905,3.461634310284675,6.941451881202506,-0.5446504261429523,-6.765866441600102,-6.040205451497133,-5.7584491407411225,16.97043070120988,-3.494732931925513,-11.058915895803564,1.942042812787804,-3.2145908466848385,5.228639487277842,-10.49629455510442,14.186459955147493,-10.009738808516241,-5.205106980634622,-8.28929272733967,0.7907572660925996,5.365121554800199,7.222996257494727,0.10942973969954249,-0.6796034104744194,5.08916195511936,3.413582782508515,-0.8495932784608916,6.604492472564391,-7.059337891028461,-1.8759438590647237,-2.7902780757130694,-1.1971112069793444,-0.4646154761228358,2.865256339521789,0.505546710375774,1.0906050102530738,-5.191768367493317
-23.110146083483922,57.83394856435001,-55.245335219233084,5.278794664952311,10.709398843360162,-9.86100369527273,1.7592353615200556,4.927169575124837,1.4454997848259197,5.2626451912078425,7.712365684754261,-2.6302757458543415,-0.9564625769739419,2.0373007505076672,-2.3913874609147316,2.964726530826671,-5.13061105174376,-3.5635371749459224,5.249260806660424,-6.9710797636727,1.0291008743782883,-6.452726825481815,-4.336132082856851,-5.663276275944122,-0.8298716352876766,-7.461820405291887,4.9379141975495555,-1.457127986708098,4.595768802524542,-0.36826066668381674,-0.9026082610106908,-4.013608947512349,0.22175129899667623,-4.64659650997712,-1.9428736953665948,3.6138098911718974,0.4377736118256748,-4.433492435165293,1.9026681861905688,-2.194087337536647,0.27897131352771776,-7.753300680570055,-0.9928722844736997,6.216894922235673,-2.910818598471812,-2.4276662524372843,3.5747417048519843,-1.3612641941676358,3.7978541743354697,-5.915443008508009
-74.34688609770495,-73.37575123147792,-34.231361583111806,-4.650106289286795,-2.825730378614325,10.064510144272505,1.008717939884851,-15.366687935017417,-1.5110594067883534,0.36265391986398887,5.505406823391241,-14.02318306659502,-8.913647103029781,10.77293235505131,-16.341625672191338,4.951037552598586,20.101702550574235,-28.319872590163786,-14.074195676894982,13.88293976061461,8.656457787791844,-3.435619622594025,11.997951441765624,12.391551099128574,10.55212977186958,7.972826207509204,5.131094683941545,8.634929524346164,-1.8589402715646774,3.0728615518105658,-1.497268038542369,-5.508239954179529,-9.691796174165408,-17.61910827875334,6.887657755414577,18.759945265744317,-12.8391229555474,4.470803543633948,-5.340286531403926,-3.9137788718838977,5.798078752898238,-7.45075530471101,-8.139944533533159,0.6272876575372498,1.0658309439896885,5.2354538675658455,-0.3548909159589594,3.615977205202635,4.646865557125827,2.413701724176705
-12.548106705068635,15.095045637666235,25.321713976520424,-17.103113930604074,13.970254838397265,6.104840708881824,-0.9505225878688877,-10.833077262020867,-7.978324297562481,1.1447081926549996,3.3871757990889475,13.685864789905157,-6.74848051065993,4.488289797703073,-4.223838011684453,-6.193585867871653,8.381060229163321,-0.07975232450831632,0.28420261562755167,-5.108144828039854,-3.9847359738283648,10.189166021799254,-0.31178705997817946,2.6068466467658995,-7.586580683749862,0.4119664589210961,-2.7213962263877804,8.944143644729381,3.9551745367501208,-6.766342926910278,1.0264404593234617,5.300573646795164,-4.147877580923459,-0.43989315545914104,-4.839328722067231,-13.631368185368602,-7.465305323687405,2.7922239321034015,-2.172158603147995,6.1520122182755435,6.0044368820413805,3.7349403244087624,-3.032272569549238,-1.0046407964612991,2.038467027206893,2.3683720408277793,-6.068790415732445,1.8616776592387463,1.7367071718444813,2.18869173798829
13.9888168129294,18.64318939322,31.098699763116482,10.01858304093541,-15.426664608294884,28.339030703481555,-3.627024961163711,4.455678516727311,6.3574451985734965,2.0276894503947176,-10.646182105085975,2.1464061591724954,5.713968816584953,2.9383234323089615,-1.2705825655675016,-3.779616856882779,6.779573039857561,1.8217183384886657,3.8532655733161643,-2.2253002711059615,-3.752821329409452,0.8909787263441555,-0.47137715021936816,-0.17841200704232923,-2.6779054002723943,6.7349220582687614,0.79131845644441,0.6141879476199309,-5.512227407836214,-1.5840114292374716,0.9386383389933887,-0.2609074519682782,-5.958854443337349,0.9619199354065477,0.2830402712215868,2.9879061076519005,-3.160188873065548,1.9192206705767056,-1.8873212617103665,0.6453564596571618,-0.7435395624033776,-2.335364405011474,1.7868461032411094,-3.6310967539340213,1.71351921771586,-3.7113905516637478,-4.41163391255559,-0.8295594626448268,1.4407216256918671,-3.009501096859131
10.303050695953514,45.07042885392547,-29.570381591142286,20.538339124065995,-32.225338052935925,12.90974852886217,-23.270992423829963,-25.640567923870993,-3.539654356606215,9.92101697721427,-6.274382034991447,5.902618772097957,5.774082367903219,-16.02658102775659,4.062764652719176,-14.098931536418492,-17.32197869384415,-11.276195386094109,-5.160683276037122,-11.613260367468236,7.425757948682303,-2.9465220424500145,-16.86878899433004,1.9930092060269275,-0.4584636963473177,-5.7247378613292,2.0243733585185444,3.4476516032021927,-7.0268396699012605,-2.780816821348737,-4.397509894936959,-8.19529579188781,-3.041925689623501,2.0329670447103005,6.447366642936476,13.429940132389122,-4.748879735302104,0.0683676066460871,-1.1522838282637886,2.189718639272217,10.715285973790103,-4.4454800002959765,5.446807690096042,-1.1512084702340049,2.4187096755288096,-6.721202242543012,-5.565825432423449,-0.5388707246976964,2.912885826758241,6.7221416599225705
52.82896115227379,-23.416973009995672,-27.037093539356867,-35.545946405575236,8.216699419759054,-0.20699903424404828,-11.22025654327013,-11.24808843887677,-18.125397016722655,-3.1029002510415458,-0.8304812079245318,4.474494102205597,2.5935190427498105,2.10021580497726,3.9945885341581673,1.0666515130211207,14.200209149675347,1.3510987011794484,-0.8470583952758252,-10.462569370508406,-4.211548013560249,4.107794537197705,-7.203561821306062,8.98173113645133,5.096062118738555,-7.538681677447311,0.29814625281133733,6.217627348678974,-0.589272179544753,-8.684875219464734,-1.97205160495648,-7.005973640488058,-4.432623787869293,-1.5700000577560573,3.271483808246123,-0.607041172574805,0.40124532558877896,-0.6997434319411164,-1.3907069026613375,-1.0725411429840985,-3.606074455884774,1.7250772838998398,4.379616904268372,-3.225214041437676,-3.944969968843328,3.750691253154446,1.9870894584177978,6.300345479346642,-3.2293486142566175,6.871172126003779
51.73060236775213,-21.841928708176347,-5.5937430556753664,11.086143546478658,-37.46538907454105,0.8304737444927538,-7.757947853219892,6.072654519723589,10.098383635674068,-16.263061356756026,3.90041595715177,-6.648317225863692,-4.554877827916431,-14.497692558522166,-15.019637464976332,16.924237635385342,4.025336194452328,0.3238435148341424,-4.221463075103424,-9.22062644317038,1.0767815820770459,-0.7074215305030325,-1.8732448010271594,1.3875127951813355,11.305499607291374,-0.47057962765788386,2.7908266858505133,-2.8488513116021443,7.563995614181745,-4.549350615119615,-4.794050827258178,4.77098514685709,-0.28831070338199166,2.8743460697288095,-7.662018179063936,-1.5673048972433126,4.169254345282183,-1.8864315312821072,4.042280476628526,0.6008910442445515,-8.925406750742264,-3.4705387696897376,4.156126820219157,-1.1789093349646547,-3.384311441661871,4.361624541022908,-0.5865383094564233,5.114317152177921,1.2227411684317333,-3.602326099661424
-15.855778071121298,13.481768035196048,30.61209238134111,-17.946800417196513,5.005974232304278,12.05829258091419,9.546421113462296,9.342595784357716,-1.7609821789919036,-4.944180026832316,-0.5698372843374949,7.47632907201384,8.028776796884824,2.6323286662536534,-2.662809307344258,-2.6412303538475967,9.20867421478306,-1.9225364872373913,2.777351476917173,-9.866329636130878,-1.1092777753152168,-1.5540930298361424,-1.0593225325847202,6.4596705443068885,-7.270782525961902,-0.19995686229014464,1.6827990922269533,-0.7645978877407258,-3.9316777922345287,3.0737042513982065,-3.585405837494089,1.899705052665109,-1.4722017874555684,1.112304485698732,-5.234032012133915,0.6588424340043806,-5.499834498083013,4.218554563684702,0.10670999682991333,0.004803230780856539,1.5247755615307603,-1.9083211416496701,-5.081341739227468,8.88063011125108,-0.5789628909124079,-2.4806983065939843,3.303481141030111,-1.4215482209812742,-8.288656815918511,-3.2686739914155476
-29.401058449310305,12.51567733840091,4.383934309664505,-38.08485184790782,-2.182174612872478,-12.64321077697615,19.36166034714789,2.73165378035161,15.79815214050538,18.5698573437569,-5.21399439361302,0.37883043576963615,-20.69363532387246,7.252533705542813,-5.875860556449842,10.834810377752184,-1.7936180121474692,16.075800311364638,-3.8866677466795263,-4.960419183511586,12.173918368263552,-17.508132760192563,1.9209009186032655,-6.163645273389072,14.894172310739695,-14.460366643517073,-2.167048373999441,3.92320909842161,0.9096037340001253,4.532458553422105,4.665439789662022,-12.608395612961813,6.901614387047935,-4.952736274330575,9.420187849234496,-0.1570667341201967,1.758196032473282,-10.076481300791613,4.161554722827907,-12.803601453539525,29.508317566508758,4.285938352070551,6.031167344273613,-2.8332263343775286,-3.4000182841310633,2.626298580436409,3.549643924407563,-6.400465977309704,0.5814751479654926,5.160547031940603
1.110191139199831,19.97386412814961,-7.966630868024803,7.496105161545822,24.261724417892374,-3.2064486048731053,-3.4362363956614774,28.14409772798223,27.5576837092017,-18.566687623510763,-20.133280026429905,-2.3515573250605613,2.1885690992315388,-6.678420138633983,5.90593122338716,2.949568662291758,7.823681170749659,9.60834846567756,-1.9584481838883485,8.516225145274175,3.9661437512365314,0.8498719337861718,6.661104427924453,3.7357956047160927,-3.7138368617500817,-2.502880552711802,-2.113146954731891,2.4937753968947707,3.945151263463833,-6.366127574170062,-12.036253917392438,0.9500038525270098,-0.3945646858877793,-6.9671176378149715,11.39072001115389,-9.759219362076063,1.9981839426354344,-6.644037440307846,-2.056878862080632,2.909893586928942,-0.7137648228105354,5.74926207839565,11.348028541467361,0.5198856052922595,-1.5641987960253556,-2.3003968120512592,4.264130898906252,3.4128942281744594,-6.448473434890771,0.6254150896292132
-45.91938189292,-48.42550614248464,-30.1876956795071,6.169079823428379,7.108798177069877,31.20634783321134,5.162415081421821,-6.324777270702015,0.35024990903030206,2.6572178291817328,0.4444133423976769,-5.277514355611087,1.077843884269718,-7.265861028581303,4.7567240534627,2.6142649711110924,-5.4597463968073185,3.9612538251449556,-4.132066388818854,-3.655101989623585,-0.6294923794592834,-1.8765295377934283,7.196057902824172,1.6749817568583536,-7.603591324970214,-5.909696163557557,2.2180651765927246,-3.633342344466167,-0.660426723960209,1.1348818731361003,2.3646981011312116,-3.3111564216039455,0.726746701698663,2.6780682815720525,-1.5186183373813338,-9.244355846076663,6.545099441836078,-3.56683812238811,3.5852325889646446,0.06374628492795677,1.8505024810411181,-0.05974725601549819,6.521165481155932,0.4624348444513819,-1.5568187131698237,4.244818183407379,-2.109451634807336,-1.0216901201308188,3.02279823754694,0.5302535295858023
-20.982572550866745,7.019676096064725,27.32202928526161,-34.75251679632685,5.082476779606382,-4.071578352506611,16.44052061792305,1.7868148665216335,-8.396390968915888,-9.517411858070814,10.966631895941058,-6.761755569697858,5.633897916377091,-9.057241879534962,6.266396876907311,-1.1375227538574104,-5.070560852377905,-11.853801218119614,-0.28858181960343077,2.313812839690982,-0.7728915308861801,9.676963976471939,4.538425678835423,-1.299160177525685,-1.5568280034784812,-6.624294479414974,0.3365231224475323,-6.699505960619454,-9.278097067886812,6.033158495942582,-0.01839336265050257,-0.4832973891806483,0.6594117299908875,3.198476976228536,-4.45879391187277,-1.6914621441549968,-0.2317965838523815,5.028931696530999,-2.5153498986061953,-2.2100957522217795,-5.16463679339936,-0.4939160082299232,3.531302552003143,2.6862341066477184,-4.912015187183183,-0.07155342692162742,2.4834577211243505,-1.6274510706790468,-0.43915444400759,4.791741985293482
-16.185923261521644,46.38489476933344,-38.64715657288889,21.596636404494237,-37.04619961517149,-0.6786581488456845,-16.693597093048417,-29.966652678519438,-1.3914528354698958,-0.8998619324365531,4.831524738862655,9.635528267457532,-2.9896540261553137,3.4331785548843645,7.549747775108326,-3.306072425273224,2.1374945028393535,-2.8927445597376966,-1.7496824372719662,-0.7426758237555706,0.12152502117534723,1.4900196603496714,7.564859678960044,-8.415009265672639,1.0132732367312964,0.6932081407987524,-4.773878954694579,-1.5735033065867199,-9.593710937690147,-2.930860176637833,-2.5579593397324345,0.8995093802426537,4.457514329544209,3.051482691948151,0.04724893236208031,4.164087382551284,-0.9258843747053052,-1.3876582346412623,0.22732043457545786,1.7723695169041487,0.42931044611209185,-1.4257385602213164,-0.16393330764343042,-0.25337572544420606,-5.662394823618051,-4.912313595600719,-0.4450291728127147,0.3417407022226232,-7.042049550672368,4.9751729380684555
-56.60944560294832,-60.394151073463966,-37.28570668702946,5.560756297705546,-14.091720260148005,24.835578554713415,4.7706682872687045,-2.7500629144023745,7.934726795819848,5.924058192673241,-2.00443541112266,-1.110453980889815,-4.891116706161987,-6.4400503635527855,8.740118580853695,-4.431185889697968,1.2458583437803785,7.309691396255105,1.020036876653195,-2.1088270442052006,-2.983087942084564,3.296903717357753,1.4536264598528774,-2.678166979025752,5.769391610518297,1.3282613844436217,-3.7844060450968313,-0.08943467351975935,-3.3755319175531096,1.2004698770520565,-0.16415565839651475,2.60117563956748,-2.042074928474565,7.203438543070658,1.0818129761023307,6.409946874973599,-2.4979855030927967,2.0307158298913506,-4.579731723368868,4.339386137872725,-4.251858301386357,-0.42548002782378114,2.499570379713332,-4.1482588961419165,-2.703898337773257,1.0818741103960443,2.400759969661833,1.3476432211288816,-6.069872729961978,4.915626614918736
1.2472900150047879,24.059644821359928,28.294355518098204,-11.530335178992523,9.009308019477858,19.004977694247234,3.5405246821417795,-3.525161464814866,-4.407513519869116,4.331719179561881,0.43439991354547164,7.366565824287227,0.10821006050751432,1.5864286860825705,-1.5795102881445542,0.14454830970557775,4.925757234899577,-1.4628800910810988,1.9971167402137417,-7.165583003137943,-2.269052525762806,1.6925400272182023,4.170938938058716,0.3288129776430608,-6.197519784491431,1.9203357088242379,2.0869714578705816,2.8504344360444716,1.1909543680630492,6.039114681735143,-1.3631336112697603,0.27230957348236123,0.3189333538348961,-3.415567543924978,-2.5290829326875612,-7.515349262517378,-3.317019898152903,-0.1591655426428634,-4.791624656246772,0.7941507289810161,0.12236062739382403,0.37626185219306935,-1.2942922969319528,-1.421322787131112,5.290244640126489,-0.47497658301801954,0.7518520424266459,0.7379031758799544,1.5856090779400196,1.4562623507778454
-53.8408822183511,-71.8710263505028,-29.173227691267957,2.9601882348529793,7.2387576477333875,20.22883990131614,14.44271568452136,11.919938741634223,28.904879477362883,8.617071663715024,-10.523340151181854,-6.555427484696763,-3.1468071160731057,-2.7174258787111074,-2.9740295315450873,-1.2431613557527366,-1.8413333328501207,3.066283591294521,0.6438425026109587,0.9075642409744333,4.612299872223954,-1.7538296991325684,-9.739704374115034,-2.626662875807605,2.5274330516441315,-3.2160995062945514,-5.513839424271873,6.808766573346376,4.671310472897843,7.463329087318443,-3.5982086163109868,4.515573990233534,1.5422187417404165,3.9014720509270586,2.9976191086594435,-2.1493179827138382,2.102732483670727,1.8815339153326114,-8.35964536966205,4.702892444425874,-3.0503283353683783,7.394636042069722,3.0734000480734154,-0.29199793379031597,-3.2554902315092393,-0.9811610246645575,8.844940112304561,-6.158660707673824,-10.403174934286001,7.731328590928291
60.666630967460335,-15.674721941519378,-8.716144577198419,-7.118925370237788,16.686212906976046,5.925999980041027,-9.279196273123244,-17.87221897487062,4.161493107430526,-3.6525761243581543,3.233372036486027,0.8517009171231736,7.140946902808227,4.954981036465296,-3.3416960397433466,9.586430968170118,-6.337463085389787,8.315846702499897,-1.4349920249445913,2.1768041444833295,6.478532951168741,5.340024796584007,6.1930068758586305,-1.130451392122323,-8.54520360108125,-0.08578967559287663,-3.617486548607683,1.070499923814693,-3.2995913236729564,0.04202239327792335,4.371680067095394,7.291951158046173,2.788118998112455,-1.6602881101860012,5.2000259994516975,0.31495130978753866,2.6906447513772123,3.1411380103534685,-3.877693479770519,3.0203482888134654,2.3432887429016795,-3.720733508616059,-2.7335075515629192,-1.3438410262739573,-0.24529431308327157,0.8988810161385505,4.983332680933922,-0.9836250914371161,1.8557483087740176,-6.396587854166647
23.72422046782307,23.477164705880078,32.85100574366684,-6.044831280917391,18.381115752581362,23.030484557669716,14.640376407774932,13.121747550721222,14.896040153989658,12.48772508139128,0.17901218531062899,6.656115017828785,-7.187107906393362,-15.627633116445685,-6.210307268571763,0.5560712965095811,2.435100897694672,0.5466444270447371,4.661096734367386,4.370838546990623,-0.7250919152887428,-3.5483282798079734,1.4343158386297636,0.4473902729921793,1.2812373816239704,-1.1148316601618486,-3.6052279765366206,-6.7252631232926,-2.069151471593865,-0.24406905005988552,3.877089426539649,0.9148065924638513,0.5341006107719519,-10.201097802216044,2.7058352722751664,-1.4200137402574395,-4.828426747560341,-0.004102585020413632,-0.8603073394734297,-1.9887375687768896,1.1781276120171782,-0.09851485723163675,1.2741014236853008,2.902919730831536,-0.7838490349151903,-4.544102213473721,1.19658973887505,1.0831089229412798,-0.5606072130026699,-1.9089434330304489
-4.011643644744421,25.04589260056986,26.203061370336336,-31.551675943409773,15.068576531202325,10.788939956240936,22.61458787801286,-3.482895391445942,3.6294012932121387,11.31711576551964,2.7402904182338172,-0.05523954149059037,-14.510988880182914,-8.446747062641519,-1.9159241057140801,0.7415295904866016,1.44216188128797,-0.33847542848811557,4.2283797189803325,4.806258765085828,-1.2796174870513537,-2.928647674579733,1.8236974642389452,-2.068089163516727,5.299517204517124,-9.143419530959658,2.42802200314518,-3.0509812001112757,-0.7745435694386823,0.850108956606706,-0.5891320439620393,-2.8336616347760533,0.3034274378626525,-5.603713058515122,2.5932318597772626,0.20454573022052427,-0.9016356859289782,1.61390990611904,3.4027613753793498,-2.0395298761462173,3.278756100248319,1.7293432542436276,0.059596199304067544,1.0874307547806434,5.464849065691294,-0.14865741584444836,0.0912985574415986,-0.20790899135183027,-2.297866061610904,4.160366050973604
-2.729156831773245,32.67458874524292,10.701284845672019,-2.0369926389279,-26.239165486248552,21.983047232468838,19.0589765649434,5.60316809261039,-4.8367449299594485,25.979681086937195,-10.604935620298507,3.527131493486071,10.201418437102118,7.377496819543456,-10.52047255912827,7.534160763384271,6.936974770552878,1.1405452952828863,10.526641508840443,0.23712101280048845,-4.814574379034916,-3.3247298013454074,-3.916331379925164,6.83624622365461,-1.044165338837712,-5.4038324451082165,-2.735803624100974,4.731107474684981,-1.3344296656897598,4.363004334765272,1.0237959778447399,1.3184916746632385,-3.010394436967767,-2.977748454174113,-0.5580207581712284,-1.3290101664959264,2.9257962012993093,1.1591581808674924,3.607715585584127,-4.478124983281437,8.317744117451793,-6.261945301626881,3.2359126058206655,-0.7839878357082154,-0.3827171753081187,3.451319026311089,-3.916208491779273,-4.821698618606172,-1.7395773283091907,-1.9576765096213635
-4.121522723420949,29.133310048012845,17.073928885876363,-32.956646565768146,17.118603044488736,14.280365004144405,12.233532621218895,-11.699609482361128,-12.55264436713866,16.033517691265637,-6.462467771001366,-6.227549144604056,-18.347186208428642,-7.493347222982938,-5.303969850403133,-0.728499408057037,1.0057777288852217,3.128247003024955,2.670444628426037,8.243634599630152,-1.9548030524873814,-7.14055908765935,-5.648481184305216,-4.6335745170109615,1.5921832719461517,-0.4616184278629258,0.033090221045152864,-7.718276857996958,5.315490904100139,2.4248373499787,-1.7159896473071845,4.420501957683339,-2.46590737999836,-7.982335857032504,1.2251996391166526,6.128647787112322,-2.5963041545012713,-1.1049513688043304,3.6264901583150424,-0.7167892332344686,-2.124355231230411,2.285214188226798,1.4449706877930457,-9.42728732532827,-0.6259760830270134,-0.3596173874502027,2.9803947098910983,4.727694939430041,2.249454963008396,-7.741797150882564
-9.519396624441454,60.54250789108702,-53.976889876731036,13.829148476034373,-29.908648522196994,6.270978091003282,-26.812079730217942,-36.6623627821061,-13.618552707676848,4.846430569727983,-13.360430117413188,8.426117440943022,-1.180535876862332,-18.847516220840316,-9.269150125762375,-8.720585523708872,-29.045575522477673,-5.238697225464771,-17.76353775893385,-1.9570980057159755,22.064898237896116,3.7437290376207213,-28.864638945272386,24.934286292524657,10.095393002668612,0.5862273108853606,12.6983537944225,-3.8198080494980444,7.484575801953932,14.627037616805907,-1.5382905460433354,9.840422006307445,0.08326105039835978,1.1603791577006575,-1.9909843206035402,2.0735848728156423,-4.160226452779574,-1.159940135245594,-5.312650972149664,-5.62809175168627,2.8612698008625927,-1.213225966319285,-3.1737327608777477,-4.4825604244624335,-1.8550946072119394,0.6139148999237924,-5.962584332302348,0.8220741678042311,-2.1496052616301418,-2.6219229989576522
-12.757492249959052,22.547079501121647,15.469297485897538,-17.730990488457007,-18.223350084799225,6.8764664687063,14.930351649467195,-4.8317079997496615,8.22791219426791,7.003533491851229,-14.259877015487612,13.052883985644822,6.567872542930122,-2.1217569147282602,-8.55369462991411,1.3658058564631357,6.025456837315092,-1.3062957003929434,9.851927568186603,-2.0794084374478072,1.9391197293397713,1.1073565635598686,2.9024261457425604,3.8460154748053297,-5.118137748512039,2.4054269629894054,2.5894660554603153,5.322477866060102,-0.1456372190670922,-3.391260525856714,6.692770743205117,-3.830278254570729,4.47562394672105,2.1204395960858475,-7.341967298382512,3.0630913178941457,-2.937233547012179,-3.948914056258383,0.19327144798017826,0.39769286719179514,2.017017640278255,-5.001345616998301,-0.21412086182914056,-9.471586575977238,4.075067237263417,1.7026320295363995,8.046038849725834,2.50576954780641,3.9381114881875514,3.3859729078563574
-53.40010775013617,-14.962817935075416,15.815823402201422,-46.441370347782346,9.524817061892522,-30.033656064846188,-5.498977366923643,-13.472821519828138,10.861215103758926,-25.474214310358295,-11.359938275123904,8.219500291389425,6.012586105370692,12.824409124853352,-7.990417035486518,3.4397751744762393,4.880282880817575,-0.4544735982031239,-10.95477430170151,-7.080739762386878,21.378236096878407,0.4555376218392784,-1.2440143708113045,-7.366313757636496,-11.84743567543121,-5.664782111214026,4.655356933989456,-0.8433713945148613,-2.1589020605516502,-2.703352353946174,-9.595479920072453,-0.36704685362601386,8.476819631120328,0.2519453202004225,-5.153950911043182,-4.870490952432156,-2.5604954624321756,-0.8287317736824141,15.942233190845862,1.6583922838130345,12.800888234733264,-2.8143002594895625,1.0348824226908195,14.242954153843838,-7.6347083622825105,-1.6220292403731704,-1.3763984614611502,-6.937189757995024,-7.766718867794455,3.3134516666575156
2.915265120635608,23.860700072849614,29.321173066042725,-2.9891944142556444,-20.561221940499056,20.312963130657614,4.281253020730177,-5.380692488260661,9.058884331077802,7.642187960500245,-1.348079776677205,-3.6815284771736168,6.101102547057739,1.4963167664063821,5.931056479789304,6.500086449140978,-2.7130910234465513,1.8953608009836596,7.412144762411293,2.488307746396556,-5.4160475035461495,-7.067941618496162,-1.9704733420162652,2.9694217223486787,-6.5301845835321055,-5.700999429070297,2.767647545690825,5.890128011284047,3.404675986233753,-5.681050884199522,-1.3751696335698405,-1.3872327563571647,5.552683012431946,2.9778787813402348,-0.6807991495293161,1.771315669793113,0.21070806074986803,1.3469863796980237,0.34637192501172454,-2.284216416907078,-1.0394793656968442,-4.746567487038253,-6.625991976712059,-4.483855481564491,-0.06675470406891314,2.2323754232542123,-2.126968011392589,2.167917276362237,-0.26694219815328973,1.3371848409443836
-25.757839852444338,45.211915382877486,-44.909539758106405,0.47570113040356715,23.51543255507766,-16.158666403781094,5.382203907888433,7.63295407464226,1.0810635648737064,7.8382449240153,7.788955929817356,-8.835026247481771,-7.329783677248818,-1.432639191380501,2.4204351089297487,8.46977552014402,2.180662491192019,-2.7598395043992636,7.150365833224029,3.145336671859026,3.1788768857318024,-4.579322089837433,2.7355636726952914,-7.732739734557292,-2.1983126590037885,-0.430729183721163,-2.431451315136128,0.3669987110828531,13.866268061388547,6.551911868655856,9.819083588067045,2.6501859908359946,0.09578801616680131,-1.0095809608264945,-12.615609197987345,0.46873603231182287,-1.632656554180431,-7.968415325648995,1.3572783256183003,3.058429462696133,1.5735453225103968,-0.7026625591410252,-4.97365081568077,3.5286834878546602,-3.5220129254139394,2.641527606531003,1.984195623825244,-4.830445412670469,5.094962393894086,-1.5545411286246886
-0.8954671359515691,22.798067727653912,22.21557040921543,-9.794076244181786,10.69950897166689,19.227736337396077,10.485358112112637,2.700934438724736,6.33784076302747,9.88131708816678,-12.431484603300811,11.44413234424713,-11.096612027112283,7.598426315275564,-9.60175479235887,3.2152740078346045,9.222071247238308,9.095543905468366,3.881907473912563,-1.6198963748661201,2.378880691702334,-6.054824606764319,-0.9238675800882157,5.109354447238335,3.383856070907587,-4.954797908104523,-1.5069114890826243,0.9824847985213571,-7.081757670738663,2.0873430568302904,-0.7131796738507696,1.9143782313782398,0.058671028578011424,5.149595899588364,0.5312642807798299,-0.9044197294937018,-1.7034372000182534,-7.583041385172722,0.22302594760445818,-1.4241939733617555,4.058720138510476,-0.8980544342797666,0.043065690446327534,-3.7058245272139847,10.840352693834351,3.02918414706195,6.288084463153375,-1.0183518937267397,-7.47336602842439,1.3701690338735508
-28.31094770945654,-6.3364058163981865,27.95364772811965,-36.1941698622924,35.61674116874454,-12.634104179410716,-4.222633783553249,5.706539262689735,-15.36793161803421,-5.289698648906052,16.736254362416204,-9.348693711694201,-31.79681464148308,6.275340965464671,0.5664138728635039,-3.0478970018117355,-7.819365424603201,0.5142431914634706,-9.070801596748165,-13.710987230913613,11.08505298330018,-16.257571961803635,-4.918960376053108,-5.9357005363655455,5.076195821362972,9.896487776738308,6.281545563090024,-6.469636238141166,-7.442193336004903,8.9825473064497,6.911738684194824,1.0938646797659308,-4.205324809770593,-7.548753322621923,9.95473649604918,-3.6120036346628988,2.8889517082345737,-11.750773425226622,0.10424274476693761,2.5415853356451388,-5.847541803935135,3.200185676307166,1.5489863467349838,-7.2985482546574145,-1.0210844836844426,2.2154973475219504,4.04065599257852,-6.7231887924194496,5.917491208065034,7.708685559633916
-74.55107586317216,-69.94142406046115,-43.87448201235583,5.447791506001016,0.6927405613542421,18.106004059442558,8.735614222956766,-9.38720490186814,3.074035617789618,7.953580339402342,18.154095636305172,-0.010573324309311944,-2.6169451927958347,-1.571248241901328,-11.39246893712594,2.053626470426347,11.210485941174332,-10.218874039077333,-15.699140748774324,4.537654891239539,5.6846243837847465,-7.844343342754743,9.680070880022155,10.75587080104042,0.35380671048068724,2.174298779400449,11.87805883259058,-0.7163679361008952,0.17125888523278932,-1.779989198948343,-5.368872678510189,-2.9140365417057223,-6.112680513457684,0.23770038605590693,-2.6492244834553347,0.393111416314727,-3.511384850962246,4.732121078919743,-8.199013372157994,4.137256785810203,3.8078289859658323,-3.2813923815645385,4.692509986115187,2.3311068744780346,4.160883277966449,-9.383577738406741,-3.3359529012696716,1.679588683579665,3.8757840598842863,-7.301046440422329
-29.525003363214562,6.692284750004772,26.48463955110508,-30.650369984515336,-32.23022411081887,-15.522324594403587,15.222060316047948,-10.210472002307656,21.808932908874272,-12.406527784688736,8.593114674344893,-0.11746917239165043,15.96511100948506,5.667812855185912,-3.6220787775650076,-5.4287932553266565,-11.70026310425212,-0.9397634963664234,7.882398435841837,-3.8466659739096873,-0.5420060524962581,7.70170103750441,-5.429262253840195,-1.6436978487192893,-4.973298686925245,4.754543640328056,3.229691567408822,1.614758705242311,3.54355799085037,6.641640278795151,-2.397731889569777,-13.96770410101528,-2.316056290723481,0.5019722585854001,-2.6864757697221133,-1.3608598693179041,0.3526125503339643,-1.6225605770099507,-4.43570719520293,-1.019805789277158,-1.577156378370848,4.520696484901295,-1.6051662223145335,-1.3703048551892862,-7.236276333799029,-1.7835680673184846,4.664265509792455,5.014385658020469,3.9280112751243004,2.1139708399097867
-0.09070622041603958,12.859309228932263,27.597215885891686,13.241407982828411,-12.477773468955002,15.442417847976843,-29.88125196820927,8.655389472886858,-5.820500821680534,18.137848735520162,-1.2954728288868491,0.019956484752950948,0.3741078182890518,2.225034891457735,6.88613015702013,2.7088690685441326,-0.430656740043987,9.923219350929102,-0.9079713930795047,-0.8351939876801593,-5.2177328997356796,1.4400648785056844,3.720995217965208,1.7353359479595645,-2.538546081383136,-4.00619556176577,11.572490891184602,6.18606369064958,4.283688251392377,0.2243416561767636,-4.293358126003411,0.660303942053981,-5.587617351005359,2.4859301002395,2.571833509182326,-5.874398225248219,-1.0716895144433756,-1.2526533412626155,-5.138734633819768,-0.997938571779277,-0.023528204296176653,-3.619086075820678,7.134652326897183,7.577363137302432,7.841985018059262,-6.213358303845484,0.3537723148667343,3.143584331658407,2.591931017124261,-0.43725863361645184
-5.896300037676874,7.541938211940286,32.08368994265134,-6.3063436222538645,-0.7800210766714212,7.140738453887721,-5.1921451715725375,16.411396377906033,12.392233917791271,-11.459164606630496,1.7140389819943176,12.457479476138145,13.96860387570031,-2.0372552890542397,16.925668326290495,4.128361737525988,4.77361403148755,-6.959977135345216,-11.254922037490255,-6.053967004801495,1.1072266472251286,-15.892479780641153,-1.7390164811989977,2.1595758457925673,3.4140932231143597,7.522093847989629,-4.669091420028729,-3.1194510884920703,3.057572083772859,-1.7681669830905922,-1.9656566214012903,6.377406836426234,6.339461556046867,4.867854421781755,0.9445396121063648,6.531031072961809,5.847326926431743,5.019997493095172,-4.527489762096401,-3.852003361888764,0.1088907049330159,2.6795633096884734,-1.9919129430614286,-2.272689999777853,-9.837555129079238,4.8178486375831,-6.401738758533094,1.2302921033775231,5.658045082575791,-7.870041399157495
14.119174997425135,5.150922826088946,32.3781387574791,18.4877765574854,9.508730898527606,15.035879051807026,-33.18001991966496,25.749698960354994,0.7930781926335377,19.882603668016102,-3.995004702154356,10.762587427671644,-1.5606436290190318,2.101529277916908,-3.096278576350258,2.4726739896790266,2.0703614861819237,3.049816709908918,-3.5376690124783914,-4.3333443965175995,1.4789602336327434,5.232765853054837,6.660866279933225,-3.6247122923077435,11.117919705893128,-0.3616188466377771,2.1857110638151847,-1.4637613549618709,-0.5762113983606529,-0.39455718322195726,0.7921276750977464,1.8157200481712288,1.4370187973856194,2.8036757481415258,-1.1184838051527324,0.6384299292739053,-1.8679452280602462,0.6593122767413468,-4.371620068098999,-1.6684902494442837,-5.426763781968513,-4.190520878894286,2.1822608761491242,4.987723878376802,6.514965066007172,-1.2540083395434245,1.3274669667425072,5.348963173316246,0.6253872194313415,2.6159419169148723
56.880850277580905,-16.59109781841239,-13.731785413044705,-7.3645605743249085,2.534608225569033,1.4515863938639184,-12.078572113392264,-19.585068003685926,9.493606140193156,-10.812258477571019,13.740992399945739,8.271282014239802,7.2426867336751855,-5.006112476855134,-7.584863151059279,12.450122926432606,-5.251705518127537,10.95339445767442,-7.148962307948162,4.1488363446604355,1.3842247902450973,5.645377993611299,8.35821784126273,2.3688635315202746,-1.429564573104491,-0.5778463363294114,3.0606063306565234,4.707308828336904,2.716578605587333,1.683774947519233,-7.3975575904411555,7.900490839210334,4.982481370822573,3.4296136613705595,-2.512737564895068,6.8396660553077675,3.314010026363691,2.640321732078221,-0.13488329556605172,2.271827699922715,3.0017861079540573,-2.980581062315366,4.698826919909081,-2.2302202437588865,1.2365545049194742,-2.5107089395316007,2.4905313376434908,-3.0135111055036017,-0.4267418349087509,-6.243253815210711
-1.2884332196591242,3.1383295989442397,27.45939703625985,-12.223351316240644,-5.969125661946289,2.739051918098851,-0.8183087837418274,-6.661927993927864,29.6753405630691,2.2523853277812993,-15.706134720251342,4.372382361203397,-5.4672352454168385,-2.652572611745638,-4.279257267861042,-3.1018145319513417,5.451425156327095,2.8087572379084205,7.50815800661486,-6.610895471629802,-2.1834675477087737,3.0162226622860677,-0.5586664901246529,-2.0345435220502677,-2.6815790085654196,10.981039549789681,-0.3712646320262404,6.278626455186538,3.7545081981238537,-1.5184285415462124,2.49103900084189,-4.655430383928116,-1.6725701683657732,-0.14684350502739218,1.6170583909081397,2.7664594447615043,-1.7483111848409696,-1.1242094561626348,-0.8876846526423873,0.7813774012627306,2.8384291168657962,-1.2118515035390358,-5.607269210700084,-4.679163521547842,-1.13449859929382,4.477247790996462,-2.310002983603623,1.3302763980420436,1.428713806408478,-3.461460970094392
-21.024594985908116,22.73172071486878,11.15640013773851,-28.982789955719607,-12.768278068021546,7.11353529424042,19.062815265239628,4.961895576268825,-8.767144362657302,-9.571200580788776,-19.65350426011947,14.281487234636186,18.61573076744482,2.7307126632404426,-7.2454095575263215,-2.1302728436125897,13.880824686119592,0.1807394840530064,1.4599198805626965,-4.680667129324223,5.986267960610827,-2.2733996317597445,-0.1235327079707875,-4.463078718977264,-10.220287758491855,1.670112935896575,2.0620639386573547,0.06921342567850393,-9.465453331957784,3.839855259084314,-0.23728166031129827,-2.067799332778393,8.303041780428305,-7.309332290921056,-2.8437462762040613,2.9474604248484764,0.6106380907273017,-1.8343428402284885,-1.5880382347525397,-0.7409429384064619,3.184177862610602,-4.863347983059363,-3.0419767158845383,3.9684335490986196,-3.990614087518369,3.2293280377546534,2.7577647097703446,-11.053730443194405,-7.967237883698063,4.06926928660058
-82.61127686491913,-89.21862333034879,-54.61493420509976,1.9587090913630947,-12.018651084294612,15.681950611772896,11.870484857565277,-2.8409068705643996,25.405017480684087,8.84695334740051,4.516045333677365,7.391898325565338,-4.378403733640591,1.4927382521931556,-7.266609215466619,-0.2049117448242231,-1.4755688800196978,4.630496387296318,0.47384727785407865,-3.548368742407764,0.03547491031088191,-7.641661556245487,-11.51151287214364,-0.06885690764792683,1.7004280965893954,1.9851941703042475,0.46050129751991253,4.1127821897885966,7.895766534483617,3.8890539986453665,-15.491872005641978,3.634608035320443,4.074901221109766,-5.242668542325434,-6.254885483615472,5.631317975460747,4.064508376359283,-1.7129783689956197,-19.073863514130775,4.704081753001124,-6.128781293871686,-0.003853635181477041,0.14246441322455491,-10.67270223655432,-4.615434767159459,-3.569026427645969,8.305522454647885,4.1085594065532804,-3.7830752165539607,-4.223282003284073
9.744779213188828,22.76660544139085,30.660841505966694,-3.6246694406319095,9.55261308415496,23.566627667069223,-11.254104653487254,-12.122015857397626,-2.075429637626266,1.6285805216126137,-1.080230979219046,-0.12625972620409284,0.0847027849482641,3.5343612627400267,-0.8911480869971876,1.6413466023189718,2.906119094847791,-0.4924376360476253,-0.8483028874990336,-0.4508350045266171,-1.1073126143812095,-9.2989553026932,-3.7127077567581512,-2.593980406800242,-2.044686998934682,5.001141742816717,4.830946992778967,-0.5077914844839374,1.2050817277734176,-2.954462904277054,-1.9604622089662467,-3.239001690766042,0.6205979681297338,1.365745448757271,-3.0820964411625944,-0.7525477756291075,0.4020765101865641,-0.1399844376459426,-0.5779599975851414,0.5361880125850061,-4.909495564672496,1.6662694604274528,-1.7373960038670426,-3.1417573543523907,2.615739924856482,3.466361661334833,1.9386379078192058,2.9565233865772704,2.7286441448508825,0.19890828110942874
-6.638483817911697,22.00120089023302,18.02351722896806,-22.667953995122215,-3.487228239710676,1.7138753943337062,13.832290338677904,4.1240916042101805,7.716648902478431,-9.023368665275566,-4.387648846180322,10.852821603674077,20.446490819010037,-4.727056247083751,11.238771294868343,0.7055087921293104,3.48494552995758,-8.735090784182388,0.0527000545431063,5.866319997476447,-4.552826036208607,-8.574635219269808,3.974224381466531,-9.822948904799636,14.550961100512101,-6.892289578188064,3.9316605188295544,-13.66214112912659,1.1390153467995894,2.496917877944224,-5.001335170846297,6.5728891860116905,-1.1679842284707955,-0.04275400192318889,4.962170600994314,4.87540430997108,11.337979719550495,-0.997294527532524,0.8254817385463467,-0.28681209570132066,-0.8246125552956848,1.2165300462933544,-4.005421889298496,-5.124724726020628,7.805094880224134,0.04256072020278047,-6.397121201109843,1.0151085303192586,-0.3158230010356796,4.9827947780058635
-4.963744689948607,8.897447983656157,37.61555240675046,-10.394921654512649,-3.6399318761510293,4.248084709604091,13.425742702682577,12.893759874086328,17.406706666291388,-9.381534903983711,9.108926064429012,1.2598941495333142,9.923846451570606,8.286094163770493,-3.6065558922030365,-3.7794063990378284,-10.580742654633376,3.439850955145397,0.4250330193838486,-4.556444218238909,0.7465112644177783,1.812656440790709,-3.6798812572036144,-2.3743839671699782,-5.491442063564273,3.7388105735463792,2.5237642606752915,0.5049947347401386,-1.5182986791131075,3.898581953258414,2.8124071247561644,-0.2102940906744264,-4.582174229754973,1.2788184003879062,-0.09260275775388897,2.6899333127387632,-3.3080332856157275,0.9465068761450853,-0.06692795987560313,-1.055176320904427,4.131788434707942,5.3298912917736425,-1.6174059210453395,1.2935064381785715,-2.3664999024495956,-0.17315166925185585,-0.6070747205416727,0.08577601412860608,-0.9001462343268,1.4263443368198565
-34.45846823644289,6.827347879461556,25.533801938395676,-49.61835323960269,31.02911177064557,-0.5203307287233481,1.0811853834532321,-6.204163302895641,-20.705038948729747,3.686391759651735,8.821765302585725,-15.52335945796128,-22.382454276218763,-7.542740014179516,11.93125258976125,1.7887814515777702,-16.933161454239723,-6.485418470524943,-13.959031233977676,-7.050367169408585,4.594240061099761,-1.1682089106335245,3.1957991875786447,5.213678845294309,-19.597559646887007,-5.949269695687864,-8.646775605264146,5.2658670710752356,1.3495698493733932,-2.488185199996913,-10.75332395152961,9.470842818739268,-0.47554149316672795,2.1406262700211194,-4.5912840738831004,-4.263141000664478,-1.3471627926242438,-0.38376315540303996,-1.3080475102704259,2.6173096619891636,-13.600025461299348,-4.2965039247157035,1.258685222478327,-12.300658432640532,0.35191113911866845,1.7280444220348423,1.638995247999927,-11.409128312488185,-0.23971941642690842,0.0522086174804068
-11.730450994659702,19.723845923765236,22.38891756592026,-6.295913104682232,-38.73087484838817,11.679602617872119,-3.7715293527195435,-1.5776164436137834,4.460183899743253,1.9779219806086827,3.337802174555187,22.73432446265836,9.650446724240943,-3.7548041290989587,5.0180131301510436,-6.128806822972574,8.37963537050662,-10.080336773886406,-9.246677218182482,-18.28409059054119,-4.78716322959465,-3.001426142507794,2.5651320464725504,1.5251324865251508,-1.2150477300040674,8.985813437940571,1.7862554043856047,-7.5820766635569665,3.6353701289530425,0.668672062224108,-4.794749390349719,5.606090067613801,-8.251550993618684,-4.057202882214982,-4.446551998875132,2.499686093594127,8.027088681878226,4.004164522891044,-8.36493080193137,-0.15432164037498633,-5.464173777258922,-5.836289378729426,-0.37529282491300664,6.6017361390384135,3.7471525548970086,2.1901434788183574,-8.454199743495847,-4.4986379391112505,4.38736953083994,-1.967948322505649
3.4316657366038017,22.846100800757405,29.73220682832668,-0.15939362476645252,-16.65459532607858,20.731538070480028,11.600543598965224,-6.317370526686577,6.498822314269765,-0.7512361903729016,-2.656115989064866,1.7255309358978395,6.304238642607635,8.679024467616811,-4.09678259573138,2.5261682883818257,7.860462128098344,2.9472166082264635,4.378394532494963,6.060453386411879,0.279646659023319,-1.9934281679334784,-1.1068942730460583,5.217725378009124,-1.164904833639018,-3.072940714582392,-8.629285000921714,-3.3308669470083334,-3.3146448101237644,7.208842924360295,1.3412293539692766,-3.263857380618146,-3.870085762549751,-3.653063808874192,-0.17329748578265103,-3.5988068256773222,-5.665151870464653,-0.9973263804559629,2.3047780568232614,-5.821924645343089,2.9184174718360096,4.697275255594878,-3.1714231927630636,1.3101578924062736,0.4083760396462129,-2.020912835001667,1.5677532703040364,-0.6063155423726166,-3.6009710710840857,2.9180679001659993
6.440489369325705,-16.441114882550874,19.01427511771302,49.40948604708719,-15.957494774996528,-15.25154280613429,24.926935130636828,5.357998115464095,-1.7018077355885963,3.5031916919207053,4.562278099355739,-7.353481873310513,1.0374648915927567,1.204761253554782,0.8227327082674021,-3.7746883226445163,2.98515143641807,10.590840710353932,-2.2799901731457872,-1.4081480862672835,6.693389686766567,-5.518628273056046,6.438849964429662,6.965831623589474,-1.7194245980274945,-2.854262885772182,-1.6725853603820227,-0.7197969318539734,-7.1057341646551135,-2.1293568775583425,-2.0997580707621903,4.37571575843041,-3.286520432877515,-2.5400110990395346,-4.378046058041238,0.41396247411691595,4.935230068543806,3.012381108339323,-3.2287440278269135,-0.8129036517593704,-1.5779661669348402,-1.3477273474317526,-2.4565153793659813,2.2447597794183554,-3.0573190734949454,-0.4243779497541536,-2.6551653443041,-1.0791845783485756,-0.7195445316748603,2.863226458953948
-23.82392171467767,11.19389856537326,24.912007252569296,-43.94083430403377,2.124306472853857,-0.9012271430533176,15.667011274135525,-12.506855737684345,-7.4513392815592665,-2.4515714076735926,7.52147506676506,-16.07123150298264,-5.9268181117680925,4.300820666897248,-0.5439132059396623,2.087888607383657,-12.66475046888156,-3.008759875671069,6.37399579911081,0.7448958811392111,1.5530888952817752,6.3148308943860565,2.8837960051390734,-4.51381142268196,12.323230124412492,-18.102847999770102,-7.6703429220826695,-2.1682602061279233,0.9824535636962742,7.056783344503146,-7.612800279884149,2.1109571943384537,-1.3338192144312948,-3.3912378487513153,4.897834022240591,-8.82262981231616,-3.6069045255132073,5.587075030519488,-0.2755373300365478,-4.666265094135207,3.22627041015737,1.142985360907266,-4.157006803113148,-2.042933972643752,-3.3755829423402552,0.25614805080326686,-1.3260054329799122,-0.16197266442522765,-1.1776463151741687,-7.626550759174528
-27.855238963980458,43.014636183847124,-48.66721753291586,16.25962987604207,-47.899900714750274,-18.51252582812046,-11.712914820136069,-23.85233990782047,13.30827170741615,0.8421621409315757,3.7634092803425307,0.33549962146708384,-6.186550580397863,-1.1112489367155716,12.732537803307878,5.127557653154312,-2.0892705165414216,-4.286722115834761,8.409027597875957,2.050715474526556,3.970841540565907,-10.471616812222406,11.477385047512142,-9.396601644157432,-8.562308577095862,-0.41043674445348255,-2.299071119618158,-4.609228012818545,6.2135828569388005,-0.047379499784467496,16.127993887564656,2.8490131287709026,4.4935706295568165,-7.3820901432048665,-5.8907377030877015,0.29093730934252654,-4.773179752166852,-1.6427608598164005,1.5328696380624427,5.252245274131277,-3.6517779295128894,-2.8822844409157042,-3.9710708038244045,-0.25011085393384797,-11.768631593174675,-5.916320731866774,2.3837877728757273,-1.2430414469472173,1.7605219046268017,5.373194787936172
3.913144583020331,-20.622549670158843,29.41725411692518,41.523162521914635,-4.224255392827544,-17.750074995239224,4.472083237151958,8.660042711426115,-1.8982614384495415,-9.870841115114622,6.580516734800962,-13.69288537254649,4.751408649050622,4.391578849438459,-4.413484123037999,-9.535364655959244,3.949049942127643,7.861879085472698,13.762560850646333,1.2440941081912351,-0.3877120492356684,-0.91198362536263,-3.6870044213726856,9.370470415295484,2.162493456942099,0.7961010028212829,1.602400630967829,0.5770902435337798,1.7761242899733465,6.100404725845476,2.272368526790106,4.46655853892872,4.023274151002093,-4.613142145785803,0.2382037086543421,4.861518757078375,3.989169606227497,-6.213430609509743,-0.9389892951968545,5.659868263383714,5.500468089877212,-5.155614701531144,3.149830996583169,3.2881664436024614,2.2125370694638273,-0.8161990638359795,-0.9511992482867939,-1.68192432883676,-1.0857418162783066,5.6989498800592076
31.017202412638603,-7.341160487624944,-24.51048261983885,-1.9324486855490166,-3.026806761432159,-10.29729193937834,-0.35767125821415957,-22.221006804461865,-7.719927484705565,10.892335324870912,31.87460825855635,14.451073293071618,16.844260964184745,-4.540897385093954,-0.7740626792495469,11.012181402072555,-4.9564345529301095,9.507259333075394,4.187389366248773,21.122753900548396,2.115770186578562,-10.801746802781205,-2.3455654239268453,-6.122364226499057,-21.180487314796416,9.677948469420643,13.875560468167446,0.3784922453786299,1.609143382465669,15.643993469315163,-2.881579416339044,7.762078760781074,-12.129659392979915,9.105665254742357,11.6373670014658,2.8455524763029816,-1.0932593790074807,-7.687118416746826,11.428573677940236,-2.4035143536952845,0.3477547596921682,2.8143190585721727,2.482955192441064,8.05933457649207,5.97442826051145,0.5452218001052767,-2.813917387430245,5.767711553229481,3.0527868525750077,-0.9723339358140142
-14.968631183833208,16.878252852260154,32.63770449031271,-26.218236908011367,-8.386682157902628,9.234384464805174,19.22004850906872,16.5831625410419,-3.3455705703767085,10.61331039386607,15.405243856283654,0.7600051267470932,-20.943430447936027,-16.72422560510058,7.514075674798087,-2.452329586868363,7.431201436164534,-3.0001660636977863,-4.438346270303206,-1.6986539935709015,-5.742027222592336,0.9249199611810754,4.00470572648001,10.3190451940422,-1.2502414286633257,6.817619604804577,-8.947164791928149,-4.140261363098054,-4.4772332844649005,1.5869653752949247,4.526397802161432,3.579008456052698,6.489806011519731,0.419894732295393,2.416325396122702,4.617272978348868,2.733124703554437,-0.6646232310147139,-3.356026155972752,0.6270026374973526,-0.04386892030705933,-2.7394363524287932,-7.3475418307931735,-4.0077091632428665,0.7956568743718143,-1.7957157524664096,0.6674667592927895,0.8019217064199999,-0.7525083595065892,-0.9693339669808165
1.1238805892450219,27.45601598528326,20.803750473825893,1.8432147042436906,-17.04137985949831,19.422704401083276,9.214015998429083,1.27379129292255,-0.12654232920876562,21.405425437644336,3.232671425703987,4.2367023502821874,3.797508513043932,2.4847403288699916,0.7192326675042435,8.248809646839652,7.575162846767513,-2.01871012054688,5.607881097458374,5.0762897820518,-7.782863594298549,-4.637162098238081,-7.543502734635405,6.555480529301842,1.250114863507821,4.748234559009126,-0.08101338359606536,-0.6783179911426136,3.284064327935035,1.204191069578692,1.2093477646336834,-0.4961573926549834,1.214483644454019,1.6356474715871405,0.33706014184585276,-2.041056341868952,6.244811411286936,0.2612973800582606,0.34427239982682695,3.1495574136309497,-0.9962477137623826,-5.970899867338568,4.964869508469127,2.355792004034914,-2.1503097405901714,2.1738492632718533,2.5621428660193573,-1.9916467620417129,1.9461140046592762,4.821869904366006
7.132342180707842,43.53066697042936,-18.125704759719945,15.194429159683128,32.574413652632174,10.379381808851832,-7.564509570657512,1.777762412983767,2.1943732349551732,-1.4201483725250081,3.4976110965467244,4.9284312247301445,2.9126148389148354,1.4902736229404858,1.206360678849837,2.20936099801454,1.2597833369020242,-2.9035605285881547,1.812410630873453,-4.471229861704979,3.057654039456668,0.28184390957632455,4.806547859156419,-2.317636736750927,1.5868610926505367,-0.5196180942317613,-4.330848071464419,2.196035548764189,1.4412579363160314,-3.073323212771337,0.8243084018254996,0.6517928212492671,-5.221111464569138,5.705760696416518,-2.616542489666147,-0.6905427450804587,-8.340160785101876,0.11926107368516159,-4.40141894264648,5.616359945703552,5.498130052124072,-0.022947691477740395,4.200194035742691,-0.32040863872738223,2.1123899460854676,-1.844582826159565,-1.3203811283540412,1.3255447898551749,0.7585484481338994,2.272990815521706
23.933739201398485,3.4281570306725953,18.84417170646967,35.356503359087256,22.837214713483323,-11.32887239032275,20.1521874198567,-5.9682290368400714,-9.24646932630699,18.619874849468523,0.9095956412464686,5.8299123620475175,6.202824979078857,-13.099989512167037,11.877257583310588,-6.909170955250853,3.534630094609812,6.309370896137503,-11.65044787482724,3.3669360304062463,10.61565096209742,3.617726204264455,-2.5065750893537215,-1.464105256938781,0.5080714043838733,2.4603287615901888,-6.535318216012023,1.5581814408859613,5.377060990676563,-4.061730553666655,0.09726138806989024,-1.3260742545376145,-1.869957864544449,-6.020226255350557,-4.488504704402273,3.204649132908039,-2.1782964082765814,0.537819069105499,1.0900020460051567,-0.0010126026873658286,-3.9751410292526685,1.4678114302716834,2.410065107391399,-1.7694742123624774,-2.7745923239620014,3.2613884548597003,6.243402713151041,4.3043451670893855,-1.8619179531725363,3.9912523633841044
20.0115857815884,26.8913521967575,5.08335367987619,25.20730945592675,8.870170751220497,18.22643718441366,-14.409936506358441,-0.7950300218740952,2.280086119848185,-19.303342328749007,-5.963806787482612,-10.663514188614988,-8.18787673695904,0.8519938707107123,4.842341463840869,0.7829644150903705,-1.8220195768863827,5.760564836259171,0.031491135726633965,6.203556552302671,3.835324756413367,5.080071311627039,4.715789405885091,-4.364873044868235,2.02594408340835,0.1995491988285334,2.9915202692896816,-0.10627114498739622,0.9161168360062935,3.8418500677425955,7.406770791453685,-2.2313570606002315,-2.166638374766136,4.484457184457018,-5.388117053312623,-2.817961642736571,-3.9848682316498634,5.261759237978824,-6.033993000405818,2.5973594857377527,-0.05276896545530692,6.314842024417911,-1.0383693429388796,-2.082397402482937,0.8056026011986062,-0.639063197431329,0.7668950700027612,1.0697104715782468,-0.27565015150088673,-0.8722838699925396
-11.607149643628256,11.558029329822073,27.62123642534298,-28.453166730110723,24.918704419136617,7.5555857982248815,-5.645254615538238,-9.020647652312014,-15.762207718202486,-1.1427204264191326,-0.29528851481845914,3.2219225716351447,-28.84363033929453,-12.070020787523893,1.558702294005686,-14.946562938101073,7.975993805173294,7.581250886148787,-4.507894367444769,-2.6405360256703445,3.5945203983825746,-0.6818317210855408,3.9877701144207247,-0.7547758557182975,-4.844928570017339,8.44224134059537,-1.4674164114584924,-8.75032628717969,-15.38650548229052,1.719733661937464,6.2558402689680745,6.914898859692312,-10.611483555254607,-8.36516442553136,3.8340024758113196,1.7578921898391364,-8.517276398092985,-2.3000577851657154,4.069574904945653,-0.9138284613718235,-1.6958518706222157,8.442882036818107,2.5878201152885922,-8.60601198534008,-1.9207030165579653,-4.109754429353839,3.357817929251019,-3.433275500954003,3.486780145029643,-7.433405021865089
-27.68431620713997,51.051772129153996,-51.655023581511216,-0.5324247436472016,12.63271731224607,-12.741496943501192,-1.5987816815216387,-4.905741098378342,-0.09272020599819993,-3.4348654348955807,-3.004605150732093,-8.591415161627802,-0.9638915027287892,5.39927399848628,-7.310797619894014,-1.4352613093589424,3.764448322207391,-3.754280204076014,3.4134627359959095,4.810420118293218,-0.35581472560612176,-1.3791045659340102,-0.9812560987132984,-1.5641823313817198,-1.6479358810228215,9.221134238162584,-5.872481629474838,-3.8892223583027565,-5.328606847231986,4.2055849071556946,0.8832402929459886,4.712220184372054,4.306434854350594,-9.041964138440786,2.813012648354936,-2.6711110611719877,4.223001662035028,5.163374552912621,3.264103640581079,0.991315773529011,-7.696239837135207,0.7092351790593022,-1.5681990361713072,-1.2242664290264815,-1.3938520596311466,-0.9129508576108328,3.5297247743336664,2.046054907360937,1.5467672447430352,1.7641360958774146
-1.5661608193201322,14.838738668725885,32.846450266632225,-9.017323066373335,-4.19548567702459,15.641137170965001,-5.562806015986414,5.861671990093526,-4.821844925230963,-5.309022997677374,5.942761755086892,-1.763075959065234,1.121774074006102,-2.603433414198561,13.881948651432268,3.0223337995896644,-7.124774005743141,6.054145409011094,0.41583330574458754,-2.7534918293452733,1.3204075626718756,-2.1090429833657853,2.7477194100790827,1.3632753925551855,3.4825102447312366,6.937482722183285,4.517929991151863,9.15899797313524,-1.0211391027349281,-12.285462465987706,0.34280805447123225,2.571516236691329,7.8492156568892595,3.5916944762861025,-1.7811114201860585,3.7461380224178438,-0.3580539644205707,1.641368324868446,-2.073133909481954,1.525110598417619,5.353431682419386,-4.09339031153217,3.34805345080904,-8.12672629465975,-6.1500398410592245,-0.22770428181430097,-5.78995894582747,-5.177566490835722,6.096412785250218,-0.9112801940010739
-8.553651127013772,-3.8550902876806856,22.601891037787297,18.895646254097503,-22.42066102178543,7.882879069324357,-21.13847961732834,27.0527378543768,2.313501262655505,12.300355932635233,-1.181498848751753,-2.2284797202461974,9.41444696133677,7.995361082828309,0.7535173479300191,-3.225627263351636,5.944075110391746,4.849099427354479,-0.6088382223012733,2.0093304226854434,-2.341789814633028,-2.7914576793830888,5.457806012245164,-1.070496058730735,-2.0628076551413335,-0.5532295897762693,12.914408294397777,-1.8582746971916946,3.030139485622105,-3.0451612096486724,0.321298938515101,12.902648426760011,1.2118600259206906,8.734513005490696,11.974342291581454,-4.635146484791784,-5.2858869008073395,1.4916936050529865,-7.445956182831397,-6.6238289313808645,0.9262337230191678,-3.987449976009172,3.6489076273168224,-6.0814249515002174,-1.3017809376234104,-0.5317423260155811,-1.5968796279664974,4.055071426546499,-11.106338681227667,4.564843298401524
3.9573028372254386,-11.547190992875798,13.054153622603266,31.03573130752349,-2.47829833022279,-22.04596999418223,14.195179117241056,-2.0249395698412602,-13.593314452698436,5.658642675666209,20.058253523356743,-11.030553573300187,18.62361850282296,-3.6868426464304522,-3.138028040717677,-8.528571553573828,10.329166051172823,1.4460021582565885,4.401673144765806,-2.291559773485234,0.10859435438831574,-9.482614334217793,-1.9785897912272161,3.2861715381143397,6.380978534143883,3.3763777021924004,0.025815998623053532,-4.660719532455572,1.1615211440055744,-2.2366279444205,6.19301661154776,-10.02718193893436,3.8288384595067906,3.5590535107647154,0.5639465966380013,1.9338745231640504,0.1597027707133109,5.432878421909088,-2.407849915986919,-4.22106501521532,3.4221139954823547,-0.031121668414383265,-0.8924293142355446,-0.23924594459710474,3.715890332917962,2.8528759295302075,5.259265692755698,6.648579865850716,-6.661855250839817,7.382699437426305
-27.364990665851078,-39.13254748796445,-16.563160824706546,19.391028947455283,12.45252050809803,33.0585016070429,-2.658214591884331,-18.01050809373368,-1.532762179277954,1.146862226144572,8.083204138795312,-1.7612505840830317,2.47768190670232,6.122801206481202,-4.137931868382374,-0.4806684449204798,2.0108514898779335,-6.713190518880266,-4.5758549227114225,1.9003154766516839,1.7252530740308247,0.8761137243659332,16.187195005837367,6.956812734994889,0.72695650210294,-3.7865228728376175,4.575684444135747,2.6206149661930827,-3.9949093032367777,-6.128152063274028,6.5246010222383095,-3.617615199150171,-2.0861664991259583,-2.129043241957249,1.6422273981498219,-4.3588020379667425,3.232700440808383,-8.356009937872445,0.481500035417623,-0.07206039812159616,-2.945422236606947,5.749436021440133,1.9403300927733587,-0.22820396682404845,-4.361235514846112,1.2161724467258312,2.0687901492329503,-4.451510546717741,1.0245098557254477,-2.4207782715042847
11.243479616788214,50.57323136203788,-24.277883555807815,21.252386459528434,21.899439554825754,12.030727638837947,-9.200557642234674,-9.253814115494784,6.743288668969357,-2.615763487041473,-4.806975230241015,2.961553417304484,2.1811772094777053,-8.195772891457736,-8.846911767330468,-3.781986283519721,-16.75685050742976,1.1492473181262906,-6.383589021618773,2.690186626075772,9.951694749564915,10.017790129768217,-16.429767487933805,17.27851475233636,11.97042257987384,3.8744842556169083,6.310674912240231,-6.222643749363873,-2.2721203508258285,3.905301616453637,3.550667308802557,-0.06654827644549148,2.189102214232883,2.362163400026367,-4.23424929164472,0.8441230452820018,-3.4350335513785692,0.6170712771671168,0.2823922243001828,-4.954019371955328,1.879343635968807,1.8188173547076838,-5.678883217900586,5.385174996347124,4.204000389287352,3.4127822005908284,-0.3991483549527635,0.8543427475841796,-3.680215445123219,3.050514352604202
17.467377322991275,48.70008842276069,-22.135847399281598,15.848462390674378,6.657303914763512,14.96825053121377,-20.64090992653159,-22.84634947757223,1.559168049773908,-8.822438993368694,-15.821143649336252,1.4246405200585914,3.443620978913207,-16.181975558967146,-9.650447047904864,-10.179285131115199,-19.514667628954307,4.498983051501756,-13.922370690023804,6.7452097784413425,15.333174038305838,7.454184440620883,-18.527378777241942,22.243689751725558,9.839023873758954,5.8744475303302215,10.348567520332928,-5.77646737666791,-2.42472190234867,5.261653078313021,0.19088573508941464,-2.06113897614857,2.1303963622596593,2.0810093898023596,-1.455156211345841,-3.8191857381976906,-1.0373641111416667,3.08864860195721,-7.141107415389365,-6.855186633034987,5.059136222759157,4.476744541719525,-3.4415157546998443,-0.8152137698133021,0.1855484326607639,1.1429318182100097,-3.6380461330557354,-2.7514917818998477,-3.2583279589360523,6.245612687246922
3.108691153277058,-13.62791741937356,20.592581319291558,30.686883399677317,18.49682459600406,-21.1801129220105,1.5444955079790499,-8.742120423589569,-7.793070020412402,0.07371998914252868,-1.4455553837313317,-2.35269656064245,11.15776706287951,-0.22674660402233124,1.1757062274032941,-8.982623951638736,3.736703718237439,9.44007209768277,6.456442644007329,-6.2737502915749985,3.8867579640623813,-4.485686123960025,3.1156393461033094,8.271704432229468,-1.3416074140211376,-4.837427963200816,2.0057426074619595,-0.699126316203298,-1.1886357734378001,-1.9036675937486214,-1.955387191125789,3.54756781160919,-2.3135759053265637,1.3752627949526761,4.0999581359211845,-2.8277037562677174,-5.171893098217165,2.2164970522252196,5.229551040935417,1.4936346720004983,-2.395090297433598,4.074852717428641,1.5214900692996398,0.5893350721255871,-0.13643986331281865,-3.2490643995096486,1.384738697335191,3.914442171583238,8.991879402597446,-3.7217086830995303
48.94033717684898,-31.45025319169613,-45.21156782127664,-50.988002480174416,2.2478444736890957,-19.18742817301082,18.958671822373187,23.578195727885873,-6.687009231689044,11.763703556834093,-5.501754909630997,-1.1898339073191102,-0.320986661110102,12.37235882465751,0.3419111026912406,-15.667163492138302,-6.019324792762411,3.8795616001628543,2.354003730706378,12.097890531288849,0.9583903934644358,-5.097110346592344,1.9543893427960028,10.207213592119002,-3.5753926954769297,5.082164100835952,-0.7076744974628726,-5.164034067535189,0.8884201716447613,-10.56708480822997,-7.34134761704655,0.3556416224444033,1.8048301698568414,7.024363176726423,-10.470214924633652,10.408044638938193,-5.674816761418802,-20.105066279363264,5.636917320095433,-5.473530651013359,-6.027804874402251,4.1748153032085416,2.664246370517098,6.554742938826086,6.024085017567508,3.7860200018106323,-1.0336581749011877,-6.555304582145202,-4.023204091478972,0.4487903262321633
-6.7608408405806015,21.444847371622657,22.459903021653282,-13.948946669184506,6.564206584302833,10.619419896265635,11.483778975839863,-1.319618452993007,-2.85663441885444,9.997126484186479,-0.9874948520451959,8.148734196459701,11.716647299175241,6.536615554545467,-7.283642388908589,11.10816236381798,6.146056195013543,-4.634772179455071,3.5662676636268538,1.4382587947181287,-7.302573463044538,-2.0482712146047897,0.06109209212911748,4.064259485927158,6.459635497068772,2.561424117244531,-4.274098872293873,-2.732802683725616,0.9147156992350657,-0.27738839997760634,-0.4204518377043578,4.173842184761673,-2.780524163743113,3.2346950091180577,1.2647039133914533,0.25643090591768336,7.479386509503195,1.2846095013265202,1.479034030397725,1.5584634087077547,-3.260077690965314,0.1707594365122327,0.9290951547824962,5.312655126348673,1.0803227698019977,1.6566524108812857,-2.3891217211826743,-5.362166426788037,-3.698605965288675,2.6604177975189627
25.428695251734126,12.764394558571766,16.425472483793047,47.31604277418478,-5.443151707672303,-2.8792045562218274,31.272876505841637,6.550437090600688,-1.5082808292195664,21.82451463677429,13.181637132146248,5.1424304959196485,2.9743915691422274,-7.652339621964676,17.877378112155064,-9.440447480597014,9.916271381150603,-2.838316767739704,-24.140495234107206,11.680043198712381,9.573083016000094,10.627836664746258,-11.141603733921578,-13.156891030772696,2.294894449036711,-4.344358222681175,-2.3930082163961437,2.6260802606406988,-2.0784079575262733,-1.658445565146184,0.052661117120783835,-0.027309900053519978,-4.267530542949962,1.7485328012833168,-6.053046935221076,-2.8256069639409604,2.5826281760279244,-3.5275966082531154,4.440856687082213,-1.8846009357615505,-1.5861831457056084,-12.28181044830078,-0.1337507773267983,-5.483062681439966,-3.5561407060763774,2.350387532249666,2.9971901820095805,-2.8126042347702866,0.012330127794303137,-2.85174786279613
60.57148083450555,-12.42773547197075,-11.215916618279714,8.522088807060486,-49.254087396627504,16.747770639367122,-4.956639247640191,12.403288734481999,-6.081625105322564,-15.43560519414255,-4.454281911143526,-9.804502034556988,-6.6440751157996205,-12.261986089179002,-3.9379494628073815,7.167365603193627,11.186604912868244,-0.7169416464901048,-3.4099408073354973,-11.30036622833044,2.1660221948929683,1.6229227318224186,0.9523378007489229,-4.532521607682927,3.7848994097010227,-4.565209358068131,-4.774038228318717,-1.8778649587493563,-1.6145052477361157,-1.7208810254996356,1.7369417419744813,-1.4099503979772432,-0.43091492928132075,-4.927642256955229,0.9056711731334609,1.475353534871298,2.6805721530597175,-2.2630491809304525,3.038949521720038,-1.6279499025583402,-2.1514090638881918,5.510590203853499,-3.118371480732626,-3.3617949867153247,-0.29132393662912176,-0.8304530257839927,-5.207080197810268,5.131630623098639,0.06430347482387401,5.230827475211947
0.7196582174717746,-17.319811024633907,18.31062721293263,38.06303746670571,6.293036634378584,-14.726190087864556,16.459530680323603,-0.13473680431935595,-0.2681230718001926,-1.8641537040954967,-13.94395057268807,0.00039141725592140925,-3.4761891713395676,0.04304914871860484,7.067658193038814,15.681409830387054,-9.775019294011933,-6.831941121369447,-3.067267345358923,-3.144994282900814,-13.511320751162769,-5.840470012464339,4.783637985012823,1.3152534926711645,1.8607075144689058,3.357055415174521,3.8057453211206687,3.106591088175407,-2.2512721580965,2.20894975201738,0.3967015026697312,3.53668960989377,1.3347736240617896,-0.34572247677738616,-1.5828313057243824,1.108932669292831,-6.071448563792463,-2.912878815983769,-2.226992368318478,-7.385309547567567,1.660782522666312,-1.4131103735485098,9.355888280689589,7.415039862470301,9.109561975871014,1.261910086990778,-0.8433051131884951,6.250605875746314,-2.625336324409996,5.840358888759969
3.167436546425817,25.51188315391722,31.942010192573985,-7.071913928083653,-0.17710260759354834,15.66182648527232,7.950241782736975,-9.403421288232158,1.0373870063772979,10.854074347813194,10.279120210007214,1.2590804714105215,5.634849746902887,-0.42888980804544025,1.6606811503573897,1.7917920787077735,5.896383027343907,1.2311740581894897,2.4698081271531147,10.474347236942338,-7.977598666025823,-1.6535089784035417,-3.107478064713846,8.158233020100688,4.370518293486843,-1.138863516048959,3.081424416433225,2.8600077695732744,4.2177407862135805,-1.445702433474741,-0.6103073631626352,0.5852926272946203,-0.2739565586013165,1.2641166390329417,-2.2249352567919747,-5.2994506793715095,-1.3076672173352175,-0.08337118191850434,0.7642883588664995,0.1986782989336171,3.326984720105993,1.8320506976223752,1.9423292496406017,-1.4437154842696172,1.3677838406363112,0.7950717953456145,5.096306038857953,1.827011619205488,1.2069974279343116,-0.4808366461591059
63.48824304330473,-12.301325528584442,8.410401924282725,10.663455968167694,7.175292771593263,12.928441340756002,-11.350024007960709,-1.378979180568932,9.180011070750377,-13.094575307026778,1.4759701924188513,-3.790929311849706,-2.2575694024306676,-12.178657722080636,-3.6210329066325424,10.540257891596013,3.248128265002975,2.460442829887933,-2.198987756598156,-5.586495634489223,3.427695032583453,6.352673688342938,2.6120190858970274,-4.263565392703453,1.706918988688597,-1.525922703998143,-3.6271369350200198,3.1612421201371443,-1.6974001452601328,-1.2192127999936841,6.762234372767927,4.690525879375168,-0.33232429155271204,-3.3833149880632742,2.478808460166903,2.103602901430891,3.0942480653607545,0.7822448650949676,-4.445986336754339,4.240262076249197,2.0765465079123757,-0.8992905051140366,-1.5409289902134178,1.4563115547260592,-0.47413532738024056,3.2428615099558145,-0.6605649010737226,3.4452914383883773,-1.9691577532755453,-4.314919789776399
0.8694887845748593,51.27193161697577,-26.007226585021535,18.937468513325598,21.749968989456875,9.330596568467188,-6.229170610364223,-6.404413850263351,-1.2676860754798083,1.8011709195104375,9.093328020420632,3.6984859370472436,4.729463118090946,5.069925688894452,-4.048815312561419,-5.923926836303607,-3.641609389211104,-6.199063119538404,-0.5402616029525084,-6.301715423942327,-0.5198672276998483,6.941322881027986,-5.892309290417337,2.6728975244330404,5.6594623648437405,-0.8202496432927191,-1.4197418172229697,-0.2975607816322733,-5.896660262737388,-1.4976573609182506,-2.8726955243610353,-1.0154051722827744,-0.12922407396834112,3.379653206544045,-0.2772684476935162,3.8959688557361445,-3.0042804755610986,-0.7996438647696444,3.1993597485163647,1.2670628998427789,1.9628935785886688,0.19917806996605797,2.1746447099842303,3.81789729103665,3.3434419229971453,0.30995680443794327,1.2549285690391578,2.292696512056057,-1.969740513393238,2.905087425554271
-1.8321141133454237,44.03505706619823,-24.591691379430934,19.51453243169321,3.599509517073748,5.883065215772465,1.6564952799944448,7.798106840347581,8.051046765678807,-1.4691314042638575,2.379151548761107,-10.470366979192432,1.0871410285430076,7.729138659580284,-7.174917780928694,-0.7622283480226943,0.3994296382542955,-1.9070467992170355,3.6833148774816946,-1.3060495290726117,-2.308559828472265,3.6024917906260354,3.3615769677361746,-0.05101283677081683,1.3728472223821035,6.399245530488178,-3.5930100367263273,-2.9098913260424046,-8.0911299083455,-0.7989804247827699,-1.3898870474359968,4.167803729651889,-3.01754800440384,-1.2987452680383083,2.256419791477171,-1.5129004488304978,4.640177423429133,4.867906792789972,2.5873387320657257,1.0621059364715497,-1.587359397232331,2.1361166288643094,-1.6078251853561318,0.8672102101233804,3.1672787344733684,0.9654127053300944,-2.077733378681977,0.4422012015144131,-1.1589694221532747,-0.586962698098415
6.242395348535795,-10.938038053325792,11.409293497803791,32.452205187634476,16.654555366922803,-24.994770195015256,21.136288095370563,-12.794445341383433,-18.40308659029195,9.842416549512897,-9.145197572485875,-0.7314162075448659,-6.990776431672116,0.05241171354605453,-1.0205534747133724,8.772233974293412,-0.9144820786775538,-4.048168339265018,0.21752570540755592,1.048099242774837,-8.132974166415599,10.101431660457472,-8.247823797244337,-11.668263847860086,1.099891616747028,11.63915757226343,-1.157799198119087,-8.894924351250499,5.662313473013118,-2.910055787875306,1.1514817411037235,-2.3015537354376288,3.5974327422307715,-0.9751966083269751,-3.823677550984877,0.5491152782948878,0.0446563147483563,-1.1644245575313392,2.156795588033047,4.523694590761263,4.13022374875168,2.6661526812494283,-1.324208135945048,1.9829032728394722,0.3399400047090392,-2.5111783384161694,0.8031386920674849,-0.4621306532934995,2.0999885672287553,2.3327061421272535
8.509699097963045,19.752418802649828,34.640660152600695,-12.301168891342934,10.291091993881073,21.074721001593996,11.072864958106424,0.20174658174406798,3.372561098343309,5.1695294574639705,0.3432674231243615,-5.468357128468999,-3.7681270272002068,0.052517699997939565,-3.2198999400186685,5.232813954700696,-1.099804346780061,-0.0017987705137161403,3.3604120571404676,7.669886746442216,-1.6389997075791711,-0.544214747605139,-1.8304484406897732,5.258067653857566,0.11454051344403746,4.70722726135996,-3.475882653812808,0.3895874491866711,2.4843626431797037,-2.530071395310165,4.284165150668984,0.19052250619345068,-0.9452164463255297,0.08625057597357476,-0.3516714829811359,2.557777382428338,-1.9442864121693497,0.6344985668116114,1.1680211304561188,0.4917400056464454,0.36383293289178814,7.340657900909478,0.7305157665110253,-2.819538129170412,-4.10014531872833,-3.402577558759711,1.7876813667215605,2.205186232851745,4.655641458875381,-6.866878017752391
-73.72711067715095,-10.57291336472731,2.9357275092583652,-44.72498916227909,-90.51449769455766,-44.66559248090965,10.28080983254772,-20.053704216685016,23.412315610730037,-7.559165328609695,-13.870115057662446,4.1965740468991095,2.322645227588923,-7.765666150160447,-7.800231759826476,-11.151721110306799,-17.49872051181955,-3.6323469064094063,-2.438717713186732,-3.1098496458575036,16.30858084994098,21.298045276425935,11.183461205948122,4.977390196743452,-5.718078128838153,-2.4811060576884705,-9.04405992005175,13.97486426059558,1.0606950062781881,-8.72178716611891,14.601585109604743,33.01515827604803,-0.18911799540203325,13.693794770573094,10.85836964974096,-10.705393763858206,-20.323394863167938,-11.932806721483278,13.508546777396113,13.191434477480241,18.34697445621933,6.613828911104842,-9.95745586369601,3.779272102497507,9.82590059588614,9.602215938427186,17.959266399390973,17.20500778933547,-2.8327248081124496,-9.965524202801763
-12.596977725779347,-12.221961239644369,29.72176206474789,-0.41682725231098683,0.10154954509450667,-10.748853621157666,-44.16892299713721,14.243026536978219,2.904080934775554,23.620768447897206,-1.4270712407927972,-0.2679201339242556,5.122921073404935,2.035601138247879,-1.731603144077378,5.941390343266497,-1.449000976036433,7.282253462086306,4.78733886861188,3.753113587747408,-1.1369892750329993,3.604244992158153,2.719687979891567,2.6189853491830664,-1.6015369152996006,-5.928061787648353,-6.475816700498075,-0.3887793767756684,-5.43098531422731,1.8520587215284994,-1.2007907208838489,-13.508862957023169,2.3139065131494143,0.05072087228752315,-2.8363238867139704,9.338952780366052,2.317353512754383,0.3678929034564305,-0.19565168272655534,2.836414442794175,-3.246944412393048,5.910690075055674,-1.067793623302997,1.1753133804894822,1.4756647167126968,0.0789913573680885,-2.970827900256189,-4.944820237904656,4.40197463406534,6.936229544223397
-22.62533267420851,11.091495627564877,23.71455536738855,-41.760681281459476,12.58308197157525,2.1450394675621647,22.656415950712166,-0.7807288951337158,-12.733546342830829,-8.11230614966829,2.589940614803568,-12.85476799085911,-4.416420526729484,-6.15294053818438,-4.4461488336606,7.002093237157058,-2.422665996495413,-3.473396029532113,2.0358924200946222,3.5357670450455023,4.742105504115403,3.5567987795029037,3.432950243660198,0.14504950045599063,0.3284273296684633,-10.714140189886132,-1.2022991271531018,-10.141922508775078,-12.853506737047281,0.5592996707852458,0.9069097732045934,-4.467542404972431,7.917715674429605,2.35575904238892,-2.124862812060041,-1.9955326991254478,3.5504439298228356,4.240139302949389,1.8397149329603726,-3.0542587541615966,-1.7028554430342067,1.2234132870016068,-3.789492290041527,4.856085619152109,-6.642687351192256,-3.151195814919161,-4.048071690882757,-5.780655892695199,-1.9405970344643246,2.5109518307027394
-28.657967773836507,0.5800482463356925,24.52517560469371,-45.91885639106737,-13.645609027502436,-19.28836069055028,24.295431542975916,-2.286537348911928,16.3565248685688,-7.700910017655771,5.541434574781811,-5.008729350648382,10.34208864985058,-15.475901186598486,1.751822163738146,-7.3096813340799685,-11.954952526392207,-8.464752139457143,5.203314519500361,12.279919680012702,0.8681154320463201,15.210005745067543,-2.434069601385157,-2.754243561756648,7.6992815907867245,10.113135645136188,-0.035667628199816795,2.4790288122919013,-6.986429509352416,-16.475682783266212,9.473295718410863,-2.024669977492264,-6.897447254610283,1.5902012738784082,-2.1161814173396536,9.053969235089072,7.938759830400608,-8.176582552018337,-6.925271860693525,4.247473991774505,-2.0338342354416308,-0.14829668035467794,11.70367402108749,-9.059045661330861,-4.943893152999233,2.8681607810709515,-8.148917323265799,-4.7693037004830545,8.54515446674676,7.7321475025169875
22.092654623823705,-0.35208714311193107,29.43315901996521,40.55258321485633,17.17047926493767,-1.6412949558335022,10.891034677557924,-3.3768992070740826,-12.679461360225043,3.2183270051184585,13.155826958481917,-10.041259341962872,-8.396620428406818,-3.4737071170084173,1.3029188373570464,-9.140361492311326,-2.9383920235915646,7.2742566615178195,3.167441814363338,1.4948074447547177,0.928723401385448,-3.8897577651846285,6.324827122109232,-2.2590497989664002,3.8027673967321407,4.065623485445617,5.380445346067339,5.808721376085317,0.2833160064271708,2.953120557486499,8.197111387375358,1.4725217429251545,0.4273425962458518,2.4068213014917994,-9.260229878208927,-2.6873660607658225,0.17612998135683774,2.045475465984426,-1.9173599872341325,-0.8115490535973895,-4.024097340897972,1.902773074012413,3.8168994271387913,1.1489695292648265,6.32477354133292,4.720720326861774,-1.4742291868663047,4.044268108983308,-1.065810468861944,2.9206146756560627
66.46361166367302,-21.130689176575654,-29.29114727461237,-25.448192761577133,-3.244221271124495,-2.0281213512682634,5.231670558415905,4.7331024272707225,-5.426211476223485,5.101323245123629,-6.983535255527677,0.1591404321438913,-1.9810699939148815,10.993621031925544,3.673775102120922,-9.706512228082286,-1.1027727761929276,-4.042599990655065,1.1468714468948087,4.123592913470388,-0.25089103838582544,0.7642123638160087,2.115599208647178,2.375717059087539,0.309058182728212,5.576442573110934,-2.422389490556768,-1.9517625391055222,-1.4420934499644806,-0.6327816070481558,2.7646812592870145,-3.253769214368899,4.424493835551911,-1.9926011489443185,-2.3514776629738123,0.2749851593942963,2.6575155401405772,1.383164622362451,-0.17552039609324468,-0.27261608643682134,-2.0381383036932137,-1.8559518330352651,2.6761580189751863,2.243327730958154,-4.054073902128706,-1.254497916561759,1.235817510799282,0.13257181962956582,-1.284845216943307,-1.0979237594842524
-20.612057006499054,8.939031813527063,22.908496976308673,-38.50154577389793,9.267334695351137,-6.577122909552573,18.29750676437852,12.024190077115676,3.6744236027143593,-0.1334328285359094,-1.5376849384948206,6.425734853287706,9.085479553421523,-11.711333205497084,-2.979727969369284,-0.6895821013949046,7.597775882494172,-5.773846291284745,-2.227609898427524,-4.514144197324213,4.239250490944668,-0.34539997731712163,2.8098369877435014,1.6155420144028934,5.326931362294409,7.480250941474435,3.590441652874893,-2.8645963634906546,0.5889049407363356,-2.3803858156291766,2.553005218994226,2.6415466601490585,4.451470765398262,4.351407310702503,6.623804211071318,11.039844331604757,8.564978932044898,-3.486900404094123,-2.3576535601345006,-2.31432055362834,-6.7803769428286405,1.6312789255716187,6.145503986468537,-0.16477952052462308,-2.5471348713538555,4.1640229805721285,1.593606180810773,-1.5310945401589784,8.055857700508223,2.618262553216396
-8.780017167008248,39.53401595042106,-30.38636908087324,13.476588601424991,0.7940206637020848,2.0001196985729384,4.524117953254905,16.622240466529504,-0.8293751240137041,-14.41538646181881,-3.8247514179093476,-1.8896998427838332,7.344394430146337,2.880479686713977,15.444453243287306,8.409183626417914,10.068382466111574,4.863814717336725,-8.143785426154654,7.9720021894251625,-1.2333040757082772,7.947856325400228,3.0461127122864675,1.8309739323161487,-7.661369540002342,-7.357467528139921,-1.7534766608723857,-0.4840257192397506,-0.0650223245156041,3.115589304680074,-13.320971069796453,-8.794789878398007,-3.130038978005419,-1.8750862201601013,1.3861670837915634,-3.3453369934563453,-2.443618593290973,-5.540299857183811,-1.1615263168241623,2.251165765262487,1.6375788371578728,5.4462481734751895,-0.004103457302949972,-3.4842342648524762,-1.273522118040918,-5.61751271733095,8.624445748192137,-9.691802156928167,0.6380853171953027,3.465202357903964
60.70349723683134,-21.305904025935572,-21.952734659025847,-28.18628535440939,21.60631362215803,-5.770600486570051,-5.73932144183342,-20.177777596259084,-7.924972422430228,0.7224707429962326,7.9596458626408975,3.398637593190231,3.14058506172614,5.4872449282311795,4.364235820985236,2.268877461969378,-4.033861720171929,3.8487466958704832,4.678034911175982,3.8965466085666485,-2.391853359290531,5.95914027351864,4.230582104652309,1.3927144550134964,-5.066662182414776,4.676641835899694,-0.18608611737149808,7.443022202630237,-5.466291992501434,1.8851922366907246,8.700324885687229,5.750557589508673,1.1159030863091173,-3.1470038808711767,7.100970442042869,-1.434064943924417,0.8377316153081832,5.836425664128785,0.13729367543718968,1.7799742948900081,1.4316402746710304,0.0005823873652962081,-3.0069785384815555,0.7371733269698824,1.7189493808261351,0.5230359657173377,8.579019279634078,-5.594490160916285,2.1909061335605093,-5.955888201075941
1.4154899920474353,9.058151173393853,35.8278711884253,-5.8801785650058305,-8.445595740191758,9.186637273112979,-0.6735376537459713,3.3832057828136706,20.906649799474465,5.2204779114132185,-2.7195636016624904,0.7311953539755904,-6.989975656124316,0.5332529383091581,4.544398239854364,2.741113063198156,2.5126054301425516,4.462886528940281,3.6534399678991964,-1.486632533895801,-3.965832196685415,0.9909545952882465,-4.628583742161087,1.194415958029696,-5.433482738921219,5.565418294567733,-2.4623755351232526,2.9097634449580587,0.9948558014764968,-3.9914879302281463,2.877308417276394,-3.1748136037849846,-4.003435827110561,2.6205213884464458,0.7616639746028409,2.6427866689370356,1.8012658398683625,-3.579386277122298,-3.7510760844904385,0.43254836719604656,4.009459528808576,1.2665070118252713,-4.453146129166034,2.8721838463681726,-0.8473883306395192,3.775620570224509,-3.5782739947650595,0.5435586264860162,4.013848371140432,2.4998079530087782
-58.77086579465414,-60.68922792097565,-37.76550726226161,8.20471645826653,6.351681192101496,8.173987342968674,17.379256337481557,1.6725367365208135,28.187854383599603,13.969077179227575,3.2587900903244122,4.272074361409438,-0.991794925918691,-5.735955657196426,-2.399197867490037,1.6429005146778646,1.8881611380674974,-4.95177059333258,-1.2257701056055523,3.982442531595634,1.9606060419487457,-9.40879751612205,5.494267153411166,3.7316458191859287,6.299705584857906,-18.11109121736935,28.183841813524566,14.347312080600906,-12.323140377963488,-15.771288348556231,16.522574108256777,-5.092869722701853,2.002536444969562,6.568193831726314,4.022852757843084,-6.505310073597055,1.3459465919784315,-2.173593974542505,-0.7915024677274233,7.475926207459496,-13.332053665035538,9.415444511398661,-3.268223654306656,0.2976620762288161,-8.713022124774975,-10.233341398607017,1.700232247298235,-16.862620305829125,-3.024619821435836,-1.65536013762415
53.0190406969707,-9.672841340903624,-4.673477038774256,-4.202594515968486,-11.530984265650696,7.044267719578902,-11.17170276808917,-3.147382252144271,-5.572521414434712,-5.566511707608805,6.138844039989304,-9.036790284155815,4.293997949900908,-8.884783527334017,2.889354347444154,12.254443916024712,3.9897768064962933,0.024631971051356037,-4.915438630765585,-6.256245251041446,2.6456764651729228,3.0243652840471267,-7.000657161989092,-2.7438017878918606,-4.915720698278859,-13.067709187631763,0.06879099348020792,5.829245685327812,1.6292405598576303,2.2547671900565662,-0.3995124424393495,1.4257809334834084,1.7149471417526876,-3.1819370037236734,2.33217080685979,2.32085423933018,3.3156051342069452,4.897580138213385,-4.5392308533158685,1.7878654096300224,-0.14463046422591408,-4.155069137309829,-1.0384935968779654,-4.966795484017335,3.490690974166232,-2.4805101014015913,-1.7022961397919232,2.6538537012171566,4.012937245906915,10.443155916209095
-13.943742292400286,49.33646731889629,-35.73410331017398,15.786711572764279,2.280933722650036,-2.0668039476468376,-0.45518047281229546,1.8956431029730483,3.4831370794496896,-3.2615280126181823,7.007429197362018,-0.31103240157208173,-0.9148391446546921,6.8489680562752895,-2.4006312559051532,-0.11019125732500322,3.5772746197360825,-1.863871314167545,2.032098154006928,-0.41996752514197044,-4.425937832525872,3.3942399669012264,0.5853642374434188,-2.3365631666083564,1.0744104786257247,-0.5827365591361475,-0.43353361832847814,-0.7902680404695146,-4.856776219766679,-2.272855623817895,-4.63072703827467,1.619487112294305,-1.2250828357351855,2.977519576038186,0.07547513722191414,1.0811422206577637,4.831717524617265,0.7258344284992778,1.1980241954871713,-2.0754782506567584,0.43088193680868075,-1.7521774045518541,-0.022963507519597626,3.5736697008470713,0.43487890769558535,4.268597709899849,1.6337015125281886,0.07797138577359146,-0.4441597251088615,-2.6338916431153825
-65.64421064299718,-66.07360300009806,-34.82546967776624,4.083339471251077,4.4517773929489675,23.686733442082655,8.628945772236316,6.499648969160875,9.11688516010561,7.620941285414939,-1.102451052065439,-1.3165710342865709,-3.9912094376778438,-1.8928459541694949,7.4310643704671655,-2.1025315742046287,-5.094696351726807,3.843901858274926,3.3718789784661554,-6.903268469789999,-4.413625160696678,-1.8741371035913292,-4.988088469508288,-2.3276280260777087,3.2140380175405117,-5.301520502201181,-1.6866990179786807,3.242713577982424,-0.6563866153997329,-0.2326803124604963,2.9152796211659413,3.2971320552909584,2.8857634548025253,6.690710980717334,-1.3129552170849486,-1.8926575929214486,-2.3057870172894845,-0.2945903769691651,-0.8003959270474581,-2.734997181474462,-5.945946508768948,6.366250676944293,-0.7097440064549617,-0.1902506683169613,1.0515615580751168,-0.2838606328486545,2.5489528482528407,-2.010948117066147,-1.5017724587321744,0.4701335930574891
13.99306197010201,-0.7778075544312115,18.846247843518846,37.88722590170519,9.14958490885797,-11.596576098149832,12.035207012094867,12.57455210839158,-18.340324989554812,6.335336090525675,4.393258710221914,1.2797697492960676,0.9581000572149061,-7.755545936427524,2.3251194865874614,-10.194031333432832,4.0081477374759285,13.94484258567255,1.2019150136129109,-0.9120590885488195,7.4245934487265295,2.4105379031112837,4.623039401489681,4.255038417491639,-3.9325698101035034,-3.9669290240237016,0.154779520519545,-1.600631232303023,-2.1164143037176157,-10.956508430029693,2.585193747939578,-2.7284518969043536,0.8533653138508847,-3.1439484564238103,4.8952782744791685,5.546958692761537,-3.6659829070243206,-0.9057211303101794,3.581142746633555,4.9878204275787175,0.2551973853419868,-0.31560008084862634,-1.840318610852702,-3.999003749345575,-10.059281454107609,2.466645203051362,-2.0091455353382432,-1.5924200177701393,-2.907449653086973,0.7609212978742875
-14.92878676143289,-16.547909134037415,26.270680673097917,-3.2602492643820082,7.03810943401861,-8.90744635822138,-46.038189530159016,12.937892059286145,6.064585720478241,15.126788808998421,-17.295903814547277,-0.9970068137318059,-1.0292784581812633,-4.270803208871361,-0.6247667484555842,-0.2851714440103523,1.7035777463141226,-6.232006630556061,2.0139714308601167,2.4717878442175705,-5.150592485345623,4.546969734084754,1.7202403528972656,-0.3113226712924065,-4.3278725272918095,0.4238759655793826,-3.441632305888567,5.106279659307782,-3.3554162456396894,4.112750899665358,-3.9514908348724918,2.199089740405801,-4.5201652021796095,6.227178327389392,-4.857384479476611,10.626992628274808,7.35352514590153,-2.1769878387260695,3.5615369837132094,-3.1418730352407396,-11.907972595705209,-7.411245042349795,-4.196231736277393,1.8061878980687547,-1.5317419517692141,-0.9518330573698724,-0.621948439277721,3.0493851720985905,6.586462640671406,8.506090936321334
69.97594550949377,-21.469003390255477,-20.545000187633157,-21.701424608493998,1.090138054429888,-6.3586558831890265,13.689151113005769,21.400376294458763,16.606027771424724,2.9140649451646037,-3.0345729375204327,-7.215950376405677,0.660277444580292,3.2025416172005174,2.7661285081600235,-8.549281645485094,-9.095966155248098,-3.5247553347706853,0.5762249526643198,7.040137262715219,1.5201348953189942,-2.2431186836429426,-1.6863325220561844,-1.1456031685176127,-2.067739463312097,-4.3601528028645005,1.9259952901900923,-4.905296979513103,-1.6949798183588545,0.9260600501083476,0.7244643249902107,-0.09727203182959089,6.355056866642395,-0.3437803536177784,-2.855691973210879,2.3408192468166984,0.45252783837717775,-2.171835660328735,-0.4019416704250879,0.26288052449224525,4.913138333875456,-1.0751293645909852,-1.363890564135352,-0.04891352402081769,4.900926114360817,-3.4857910864464694,-6.987843329996865,-4.896650619905206,-0.313089996807388,-1.9965507155240663
27.12769117175717,-30.579836915356445,-22.09862160094169,-7.593648586056154,-74.88941971273148,-15.13557166952163,-22.93375766625003,3.1781513570227338,-7.492752955546994,-18.66778302345524,0.4632446237411278,-1.7144243322850163,3.025354958924329,-14.462324512168253,-3.721040920847678,12.588065288218873,18.010202989884093,-4.246542258131025,-1.714460869342402,-13.490839642720413,-7.037453632993432,-13.35259561222524,-20.45830328178518,-6.62422690748708,13.910361682508249,0.4165759729915169,1.4081517668965222,-17.649918617291306,4.83934660210973,-10.341096940371997,-3.8085494272461053,5.90368621774669,-33.6101873902067,2.670862637894819,3.9190583525560165,2.6358038581062666,-26.530138413374278,-13.679396287515223,7.172269787479673,6.34145162231052,-13.569946234360836,2.209721413572009,6.88374798175122,8.859140229561897,12.155914243842055,-0.40782037002650406,5.930911571827927,-6.556729006650594,-3.0694713157956994,-7.809557927764409
-29.065107188170305,55.57069572665849,-51.16254534177483,-11.50450762674172,8.349453055119886,-2.581711035511685,-12.053277585297291,-3.039848736690825,-22.18038039587447,-13.899126814015968,-27.414474792306194,2.4458054843191888,0.06106969679939113,-9.003620666680082,5.630430269015984,0.7697121353684169,2.546698034902924,12.106203679991639,-5.739502464122701,18.77187328367258,14.236829522885158,8.132566121170457,-12.596912981301431,20.702609670283366,1.577411808586128,7.481666438913612,2.1175868156844095,6.7384659247555065,2.8509069591605525,14.151863670698416,8.890799495781808,0.7786617073151981,2.0226449732298035,-4.702494874103024,-0.09300307671982048,-1.007484507755114,-3.8272126960729573,4.463911493782388,-7.3885492273520175,-2.2911410590160965,-3.701305509692705,2.390948751363218,6.366059863377104,-13.498734048939655,-1.767095557636726,-3.5887976067344205,-6.327014020747238,-12.592940739219587,-2.3344206092351047,1.327305019329888
-64.62016952373236,-52.07869201496872,-46.92004386886782,-8.74121950229195,13.189378758178721,29.847560873284802,10.580608929421583,6.602784748823382,-17.846265906836045,5.213835660247873,-3.7169271243387123,5.693434416547817,0.9674941385642001,-2.5499409466551968,2.0793698113741215,-0.8182039043703087,4.955490734695349,6.71801886716624,-1.639817223562143,-2.983858666994795,8.381818650935962,-3.504838342175171,-1.5062791870859407,-1.2386450865792422,3.457694864999119,-3.358321199356884,2.9349397723138333,1.0424159292879167,-8.804757635417563,-11.091558350925071,0.11958006825143007,-0.8707731996662909,0.30944891377647227,2.706194908960076,-0.6842618154260736,-0.2002341480136876,-2.2632281575011666,-2.7447902582089276,-2.566461133072314,-5.146508133401268,6.442403110770235,0.922568144188475,-4.379664191589587,5.336660689983127,-1.06292441628866,6.977734153910655,-2.5601314298250815,0.7352316526116001,11.528584560167122,2.0032114082904013
-26.785762077979925,12.134881503833403,21.949392846571172,-28.52705565171183,9.73513531758852,-0.12434933949896869,4.604840202054538,-14.058798527575258,-6.870475831594555,2.7192355813415405,1.0797555155995602,17.935274432277062,-0.9831804399119715,3.9354575332686044,-2.3633334229230347,6.884433972324025,8.520968191192761,4.619233478279469,1.0860755491122818,-0.25406943664964254,-0.3611793705579029,-0.8450079730265545,-4.976537350493203,-0.7188570626292113,-7.897685198610209,-5.7051230798813295,-5.969627880246764,2.6772412541400814,0.8707021226556718,7.719699857002671,-3.465548256709628,6.0587065524815555,-0.5151538940432926,3.4792697978490335,-7.678846824145702,-4.497185066143499,3.7502846181980183,-4.398264723842012,7.319209360179934,-3.361317609301011,6.166444426605788,4.496670974252656,-3.8424401094111547,15.827309869263207,-3.3442451561345563,-2.0390004137057582,-0.5651869800372685,-5.358100330853833,-5.881175800528823,-0.04776704266132298
-32.16974783751735,17.74639291454293,21.394055534163332,-38.519906145544,-25.9372171644129,3.0163126571811936,14.160540411600538,-9.879506134024266,-13.550285507013465,0.5461523995553595,10.020143168146918,-9.464032100292332,-8.75931708875494,7.609982556415815,5.021462968222199,0.8716487947083074,2.5360650039434742,0.06574092522680014,0.2887349094698391,1.1796424690191167,-1.903003545137958,-7.378458154066291,-1.6741380443741667,7.253381106806538,7.188350303096952,-9.603782418751832,-8.087116051671313,-1.624645473191827,1.4560589044957586,6.768992808803178,-5.203292425164806,0.6354106601624138,2.7267746186824406,2.08913711514897,9.595314457178134,4.478306826050807,-1.8976902451667126,2.74851815885735,-8.465914999582953,-2.9122898411523472,-2.1693379734090934,1.9017180764127657,0.4800832770709876,3.0154082754347855,-5.5836581190893915,7.058811075981003,5.160376551309347,-2.640224320350397,4.6395839205373655,-3.705514796190631
-57.390226478544875,-69.58627364299065,-29.125176384071167,-6.485980762904166,19.760369771002434,22.081719899340683,-1.4043594357618667,1.9989243326073358,6.58912592061111,-3.118188595360363,-3.8617675078292835,-7.719522282405847,-6.046822080356154,-10.743529113232904,10.522616212138262,-5.461032551010599,-4.899047826222348,0.9312217495189767,6.576042217498889,-2.63877343963756,-7.416439486374787,3.2122206153620727,-7.664096299745913,-6.042071898214908,0.5091404346522987,4.036365145746299,-8.591120657455537,-4.318581074250333,4.970982479033586,9.413110043558126,-2.1183111452523273,-4.20471189688434,3.518296992424284,-5.087564290883328,-1.5863690639506247,8.857082444561028,-2.7891237238413376,2.9500598188905456,6.031786405404664,-4.4600068505865345,0.2351295171223997,-5.3554573508744285,-2.4085654586940883,-4.465811013937341,-1.1026784521756514,4.563029684112355,6.151675404144287,0.7106576752485226,-4.123683932786847,5.140872847724636
-16.759895024250586,-22.274633559792854,-1.39141083304315,13.346616694420296,28.42056675295388,-38.73030515962325,20.16530589002831,-25.50844689106389,-18.52948208145746,14.375196761911472,-17.790505125539045,1.1344782493174008,-1.8841921971251874,-1.0415035487288435,-10.692438046457594,6.0031381665253205,-4.304597286235604,5.427965351949115,3.4283874008902004,-12.944797306176358,-1.570142556278868,1.9637728946937847,6.249741251430384,-0.4061769229267303,-8.184630259032588,-2.907780737105315,3.0670938390367692,-1.0683483197839119,-0.11331087146986253,0.3622488115036233,-5.989282622898755,-5.844647203127629,4.6709893000791265,6.711743606061514,-1.5345152210543112,3.5256190556457128,0.25327424326841824,-2.113677742895552,5.410135065042785,-4.225757257305452,-0.8816153593390945,9.196207155960954,-4.777791339887445,-2.3851160674391716,4.1495796470346376,-1.62141384563042,-3.36158057679879,4.5464682789311865,0.10400723593427244,2.849576641152885
0.4206433582437005,42.5896682989389,-21.566944385068933,24.446930733935137,1.3059188455415078,11.279592223384759,0.9124570146039929,14.339716369393468,-1.4561047950516086,-2.556877184981928,-0.07579203345333665,-8.124566151742235,3.6851010492608585,4.96477298559085,2.7478515855696304,4.47322122610574,2.7845594956337107,-2.3704999702372875,3.8360776849860585,-2.4710852167523942,-0.6196747350427704,3.9306867374309684,4.1576583061186545,-0.9389302796570841,-0.14565977369420194,0.4481684446815839,-5.709855367946924,-1.7244257143822292,3.53050307416819,5.116733575360354,6.7951740291935865,4.806898880898171,-5.99899168287851,5.378659054645876,-3.0686455900071885,4.568007876137542,-2.3392293267750057,-0.2864457189613604,-5.062316112634333,3.6963503785221734,4.3114178447659866,0.4536573290758814,1.786628092579992,-1.6387543054291203,-0.9608295345972316,-0.1257891486315637,-1.4184608396617393,0.6705883486282831,-0.6395038368029565,-0.7645820596930499
71.74365728125987,-4.614561851210936,-24.273916813550922,-20.73763056750293,5.021118947295496,10.349881168552823,9.477716955342112,16.19424235155911,-14.512262585687571,5.483505844159676,-13.539478138582018,-4.9183730697747,-0.5904102572886352,4.8241374722696495,3.178437645273545,-11.036341342010793,-1.4981173729497308,-6.3629766850493095,-0.0020280447368152283,0.4559745032718386,1.7642749357563658,1.878208198483068,1.9087614430117608,0.741488358975701,3.7993855931445757,0.4866716681631587,-1.977691153733731,2.792066285457061,1.3732458631889006,-4.816920161886236,5.581156089504459,-5.437320442230983,1.2751639904673342,-0.17351190825897692,1.4945190029230253,-1.6276697690313306,3.098601420746442,0.44828294686006764,0.4236274178599756,3.930218801596665,0.8425790452074919,-1.5853456740798986,-2.2470526683734677,4.3811141543142815,-1.4308314842135872,-0.34532831373487416,0.6267043190098668,1.9975740644672995,-3.1881897199428777,1.4918106110222198
-10.269715039347862,38.03023555895873,-21.83378501271247,6.108387042025841,26.580219301894928,-13.7637631158138,-10.59157919974377,-7.002663133050055,17.66118102162671,-11.677547557713572,-0.3513764751583422,-0.3155624769097446,-8.247365511559968,1.7281149392694881,-1.0638499724527146,-2.6955767926791347,0.8422083363356225,9.995262102618847,-6.504270698733941,6.724014542795317,3.4144068289767273,8.788528377414673,-6.30018799843411,11.259950576694093,1.9404081488890308,-0.6870725836780017,5.963091744101924,-1.690314429035083,4.018290256365314,1.5444862313384067,-3.0810761065282017,3.46353791256468,-2.9344856916851847,-0.9733064327468124,-6.065448208780378,-14.76923843730949,1.0898549586924022,4.958127361884305,-5.200646333023378,0.3442716802813286,0.6888463628079068,6.273569637924376,-6.79528038317512,-4.066793884706172,-1.3389267624947738,7.4631910407752855,1.7271428941012341,2.024642990481281,-6.585466830160345,4.831919288424757
56.622807630775036,-17.8806037485214,-4.073749362331498,0.03934652798331451,-19.84331065429627,5.579347324396059,-21.721262828781622,-25.08063774640335,12.136323424638082,-14.42515092389494,-0.21410917770503163,-7.939190549040146,-3.6486224016876068,-11.654195698502804,-0.3754126716925572,10.454146099639802,-1.3185103461586296,6.197620748526452,-5.912680078187713,-6.932351676417365,2.6317621590822653,7.896084098450005,3.625783815027166,-4.622036223497115,-4.146877802374956,-7.243736518811986,-0.3279499394350087,7.668262377892048,1.2545924179898331,3.2266138761406804,-1.3759857515662637,7.590342998034307,-1.0895998846774524,-2.908527591003386,4.304200422562368,5.109671380577589,7.5509438110227824,3.5024676235406416,-4.5985787512228145,-0.4944413736178557,2.4134881903792653,0.3154665676588734,-0.7108809969082764,-5.052729796222207,2.547565837775234,0.39520066229707673,-1.612951243378011,-2.9364338338018836,2.484800041837277,-3.7824817496163012
-46.72909319699003,-54.616868793024416,-19.66812684795653,4.528807103836248,3.98337744047855,16.321431055566773,6.701075980744316,-6.885634424673277,1.1359406343766985,-1.7470135905933948,8.171402043493886,-12.705824723340163,-5.250688428551118,4.636603460500587,-11.578723922094591,6.266829230727648,-0.6308494260414381,-7.126965748505292,-12.898534645918824,7.1228325422726515,-1.4802811174543864,-0.6178802141617271,11.242598007126261,6.175667376425198,-6.770135756026601,-5.0204956669653455,12.771253554876843,3.7817895589602566,1.5222009685918683,0.4598939571542685,-8.05577506413981,-12.197237793998395,-3.932148113564187,-10.945042930771669,-4.6800678611230015,14.46119452176005,-3.782058889030134,6.684003036923816,5.006369999092159,-3.17790009725537,3.6301771532664495,-17.218474035381618,-0.9379908511368534,-0.7236283509979934,9.4188083914749,-4.528332084261465,-2.398921786537786,6.451430757382105,-9.169846457448175,-0.6743782918611031
-24.26806467496034,37.73616785545896,-38.36585782656696,3.006012817255738,24.24850354267771,-16.920012935573688,8.380274926141047,26.562215850875695,12.340730072721115,-2.109486456958527,7.470520445713422,-8.767412630090705,-12.097935202400603,-1.4183596755903887,-1.596350432412842,4.820306883417125,4.393219418007148,-5.4037983456794505,4.946409933259942,-1.8109091611526797,2.5447525198498826,-4.501319523944849,10.201638046940026,-1.465935517989122,-7.909666353029618,9.033632916290204,-7.162864995840826,1.9129220885518716,7.936284885527459,8.097978115734024,3.821243380071935,-0.6427161394583533,5.31615999961469,-10.941606306903815,-6.113674646569077,-8.161669902097799,0.03217380857050837,4.419748428536573,3.2276884104542556,5.244050264030005,-5.092592086764757,5.752121402802551,0.9122708006827716,-6.442720562795319,-6.66969504435992,-0.8624720636769967,3.5019257839772084,4.089542661692723,0.6448988312516871,0.057973479187471325
-3.2933003509836674,48.25799541391676,-29.113709896076106,20.823708880203856,10.961474140896852,5.442830707701975,-11.510885126975797,-5.579174024291801,4.453846298758773,-0.0002661314668132838,10.890983365617066,6.211671807074213,2.696992587147259,4.789085430635019,3.7608733516708153,-2.454308840486403,-0.7707042782335735,-9.670510666405,3.407908364829737,-10.50142118825981,-1.2953936131865273,-4.700988748055446,3.5080267944414305,-6.41088666653393,1.896312306204553,-1.8694364969358963,-2.0574621335022476,0.3187745856079415,0.3610183918764703,-1.1901230445842872,0.20477057002588384,-0.16412794377068657,-0.5082675468906267,1.5539048512668912,-2.588723256917501,5.49276242558451,-2.0086808633180087,-3.421786178611234,0.5546333918243028,1.1974825974030985,4.89159861003244,0.4246563970859222,1.9096618983386129,2.0862184829594925,-0.05863108648419053,0.7295667784020876,-2.98756112810872,2.307968493148271,2.404693761847505,1.639185851205257
-27.048594456691028,-40.20189568593717,-12.61319049541489,15.890307448551994,19.16592952534387,27.4887251840842,-3.712658664975927,-4.13854575524777,4.70280021813978,-8.26593539057594,0.06587849695263227,-0.5530409335521735,15.312307633556857,-0.8317128889123777,1.9604498609933652,-3.2159750396631064,-6.2580074861728,8.87449440351353,2.932200764560112,1.474219198483202,-3.0721280242122537,5.299404119093808,1.4633617035451736,-3.083834444703279,-4.115885234112485,8.376508793750135,-5.172408045218725,-7.432342791657628,3.5626172933782416,-5.967801002453999,-1.6112840187646131,8.292596597395136,-1.864170266788126,4.158868629927285,-2.083838883347605,-1.613338708255194,3.977313956968581,-9.19321549814524,4.653805274174933,4.74585297150487,7.1739486016522775,4.835554505777233,3.1246838715285525,0.47580721608336146,4.253215968535224,3.4034890729281937,-5.280499680265123,0.4730342984602795,-0.3402421258571478,0.629653943841942
-45.67689928485475,9.672548994657179,16.10998848976189,-42.83975899090915,-12.321986434229434,-6.756653735705171,12.600173916905801,-2.938700261049607,-7.4336364705324245,-9.209904120230995,4.363077611837208,0.7575643241619012,15.220237835336865,-1.1719080905936372,8.54654591570064,-1.9843808837732322,1.6661875809741578,-7.124252129517884,-9.209284875581512,8.393757522023048,-6.3413305123250545,-3.6528936652142967,1.2922924640383948,-4.66619171932974,0.3312818644575982,-2.0914211685247355,-11.170704053856834,0.6157959967609746,5.985021944814346,4.570107902438718,-7.905716681424836,6.078300299918717,4.103967965346241,-2.305018697562412,3.4315724012988245,1.170575900753292,0.3860628734444768,2.175568445910299,-0.6980785383739806,-8.427145341006945,-3.2889478652479225,0.8855827665799847,-16.285440904567018,4.6009780410228736,8.075362934188247,0.05058542333724415,-5.643579635934249,8.02465653579506,-12.904638834204707,0.3862505843351966
-19.56541721422202,20.02726513304465,24.98115156248585,-14.692168424019385,-24.10306623450674,9.360657645213161,20.21824820323728,10.856713256652675,-4.413346559120807,8.64650672235105,5.338858929987846,-2.2561742900605677,5.948689024898353,4.5183898069058355,9.126331824534473,7.052780212274879,8.644454634314283,2.207559271350614,1.1715474926620757,10.10337944908157,-10.76775996582623,7.517910544641115,-10.248758823924069,2.576814802140426,2.8396288829166876,1.4626237753977214,-0.5051961978355726,4.788348757489492,3.782385929555813,-1.8102621924763211,-1.8264772599856154,-0.42237070396777376,2.377968108266917,9.817454862818384,-1.749117970736475,4.281769400177016,5.314421479428563,-5.986533293737405,1.5910153028608562,0.33659911625513655,4.215579774631691,-7.017101009286914,6.105341768815781,5.550006235487314,-2.972181088268192,1.6981807898357253,4.330140077019169,-1.6687911546242484,-1.2729060799749943,2.6255491952205925
-27.21404754181246,0.6946864215871006,12.355372882412597,-5.392772086913634,0.40207815303803013,-5.039050824412423,-35.66599496638973,43.9824948879587,-27.42813533871425,22.222262048637983,7.205626494423683,4.246563015817237,18.927424643869177,-1.102802800225024,8.124835994117614,6.2838146348897155,-4.715171850831403,0.7936829096205625,-2.1566985146309827,4.594585959945671,-3.813324305329255,-1.9189462389405592,-3.227242966757564,6.72503637846309,4.628972762670661,-4.193841561609965,4.38845486445684,10.048818007829619,1.8059390740686205,10.974756358535004,-2.3083649297932305,-9.338060217180486,11.842823974790775,-7.297054581794794,4.464982716135711,5.986423132585939,-0.5564635986965913,1.7029008836719444,8.048150627136414,-3.127084692678467,-4.391367014717936,-3.2541778349462884,0.36364856906605186,-3.431848255077385,-4.776128620507177,1.3875583994120848,3.4075386392765368,-1.5793722837507245,2.786130456538604,-7.288004949501956
71.28545272457129,-18.920300899150952,-29.247361043999714,-19.872532325811314,-13.068939047471169,-1.9257798838581575,11.01158686743015,13.190589097366654,7.278016603737157,7.936787723567372,-13.625336152907996,-3.9963079020582,-6.279853927236711,12.25617586617359,4.579051492719078,-11.452613414945981,-3.534263827003972,-5.731669747526305,-1.914062141187205,1.1052148647388784,-1.8799489945196688,-1.6743418098313827,-0.6595610278855929,3.3869789777934574,0.6499861763629511,0.7283767645670681,1.598760513710995,-2.985553643905268,3.871883556048449,2.4269350005189363,-3.105482857701906,-1.9379611282480473,3.6707296381392243,-0.33728162195462463,-2.9244588825317503,-0.9445091904191575,2.859002251904101,-3.7923914575701145,0.5743711642483578,-0.18812674000599935,-1.1276655506916053,-1.5817873921030334,4.080238998052755,2.10743159884644,-0.7703069803566821,1.8747570857438054,-4.36974345787892,2.038844113787702,0.2703594119589461,-0.35015671216277955
7.370547234660186,-22.026895805679537,27.55972404100323,35.42042398979699,20.563874239485592,-24.205056233892197,0.39401685412279835,-21.360908814414998,10.197631457500854,2.018057893325024,-1.9081533355330567,-1.5411012824075219,3.6857296537578725,3.074059458669023,4.0843211286238965,-8.297893787655548,3.9307253136989675,5.142047960182743,0.8858835215342802,-4.317304340100518,0.5916762395538148,1.8649884528349168,-2.191794124590058,-1.6187414881786757,2.6712936874361035,-1.6219529598768319,-3.1299805902760673,3.542483788104985,4.813085349181876,1.45155053716692,-2.079880818351548,3.4311047488844046,2.156998163967421,0.398585018346562,0.6642266648339046,1.9673389914271253,-1.662834124978349,-2.790359642284379,1.6798828104213586,1.5219442077413008,-3.0267835305520694,-0.007366197035678171,-0.9778253605880117,2.4034539355394196,2.614274061542405,5.122206724871617,-0.11213473680057129,0.6899535915720819,2.5711629137303564,-0.6756225888863879
-19.109882660610165,50.83206708742098,-46.448758389660064,13.30839257880482,-0.3912479215605749,-6.369485085888493,4.993244763922387,7.438169692332006,10.529688205775786,4.347808147049354,1.1016610566340344,-14.641637744632936,-2.0032684409698596,5.27812141102028,-3.643650720544201,4.206015096449282,-2.816719661242712,-3.1482303184173337,8.43114829432171,-2.10999710278473,0.02786859381013734,-2.961542557723097,0.4093799222184418,-4.067515274648909,-4.6947174583298095,1.2796175557929454,0.8766829658565916,2.175912250879384,4.453357979347861,4.323763448805847,2.622076449687669,0.9009166089466726,-0.5424232187796133,-3.08026159562677,-0.7218562717266288,2.281789656621894,3.26296322119549,3.6079874769812976,2.75178978176068,-2.3598977753688337,-1.5087371366503652,-1.3142348862894526,0.5371467508271571,-2.583999248290205,-3.7625938309990277,0.2019377911817824,-0.8874607049754588,2.821077885398493,1.6751066372460457,-1.9906704684299463
-37.38379435839586,8.10287292876103,28.873795987071357,-34.10895763762001,-2.724809241266899,1.7281811892218986,9.712012982685987,2.4924293147938132,-10.032051840938603,-4.063728685245684,12.519838421612207,-15.564800929581606,-10.84883941281408,17.51632520688119,-0.7939749033010269,2.9754058771291816,-9.765170065398005,2.8152734184438915,-5.454766317486484,-3.68669880980785,7.662906854962913,-7.859212688537974,-0.5669844483081132,4.474455269169911,2.9273204133706203,-7.3031952365816055,-11.033099638683447,2.363011979234657,-8.02433108712782,9.635385390897897,-5.510036585724422,2.385794000122125,3.694761352441741,2.1478804732623553,2.1499759644591467,-1.6472400296667575,-5.258872272001636,0.9958520867927286,-1.8500714011372705,-8.181998405889344,8.114891647201588,5.55782969263327,0.6354875865340044,-2.2524575275239527,-4.7246881151892826,0.8467846891461667,4.4232601658591495,3.9605862629940423,-1.939823352109499,-8.732110547498955
-31.38676205566895,-4.7636387871696275,18.439918852416078,-14.204085295135913,-15.285130503866275,-7.5531614254432204,-14.95007891869082,1.5662081447798926,5.378766838720013,4.641073979461906,-8.362350448035237,4.438530183521766,-20.497694545881597,15.459310822972625,1.2698052846622887,2.8239989849007094,6.147830850616121,14.938365842020422,-10.102875938738718,-16.622748601261986,8.311264535741772,-1.8662415328279622,-0.2197579114146122,-7.624801050972013,8.669849092682396,12.160146419140217,-1.4523386672523464,-0.39798456469413035,-5.384964912399083,1.4162181207962776,8.731830838745973,0.011952338631213229,4.971529822200829,7.3492210883258595,4.505045100741743,8.741011508804693,4.215795861683643,-4.0708561509975025,8.367291416925374,2.2295081315051575,3.388857425418393,-2.77174099781902,0.67471199668808,-1.759728762946745,5.430929203132545,3.7881734660036135,-7.9987330254571285,1.5405804610896352,7.858951434329108,-5.493856975967894
67.09817721436858,-21.45610037335973,-18.16600780164951,-15.19941842107193,-3.204797923208072,-0.7339850870430544,14.790410886035227,26.446814965414386,14.533069952825246,4.185388365976945,-9.446397227876595,-6.247182386582798,-0.37209093997426884,11.937341119103724,-1.1180309277718323,-13.66739332286408,-9.161567697905783,-4.426647836627929,-1.4264578775263301,2.9714320042636224,0.6176055549943394,-2.142777152164352,3.445619808200542,3.0762188113923856,-0.6614379474339943,-0.6174418712232341,-1.5981609637372554,-2.226375161979516,3.889163396953206,3.535783227559671,-5.917347985211401,0.9346608369193126,3.7915599234226067,3.4112093668524848,-6.5276313380588205,1.7792829221803725,-1.5292049353854968,-3.8308864798248794,-0.8996158752748878,1.1245713386421563,-0.11212978719566362,-0.844432841290322,3.690404978783826,1.0658019466962645,2.8221325521117095,-2.6135695426248837,-4.143128650779998,-1.4485450456151447,-0.4203112568029766,-4.607018227956458
-15.067525590191579,6.432551032968598,35.594020852222926,-27.456040736970934,18.93018703440736,1.7599857083530845,-0.8326249800727574,-1.7519731750734446,4.343333881231753,-9.780253217045352,3.843844629556736,-10.408868307668843,-0.6117982811795167,-0.867159784369142,4.755195063955283,1.0834358273719422,-11.312365016440019,-3.070200221982724,1.0881234516136944,3.7970040636571296,-4.707796370328902,0.945898790109535,-1.280380282257784,3.8865433696911778,-8.911874055912891,8.147854865103135,0.3440092356353391,9.78306391546836,0.180397808070051,-14.366577809922067,-2.5705292280363867,-0.4302335049191912,-0.6912704866734002,7.7226646823920415,-4.212250912937129,1.2934173362490393,-2.84199270602408,0.401662124483371,-0.3982491423132086,4.852705789204582,-2.020910054430651,1.7615301993333579,-5.590543178852995,-2.3049654358982905,-0.9622033785348388,-0.031862288373231205,-1.9994938362107497,0.8324298441094468,-2.396875375161508,-2.1760398286166676
12.458560357213106,-7.535597991500609,-1.4713827124232917,26.482391428971443,11.169191221085008,42.876517255115566,-5.593225152731121,-2.5739372709413475,-3.2584584761872484,-4.468132239607213,-10.694868360326302,4.864150039543426,4.445498889489456,-11.072503591215312,0.7173483536646917,-5.644957475371769,-3.447949861950052,1.5382345336906054,-4.984987910681828,0.8302180076720842,1.2726882409242088,7.97175840606054,10.259283224102,0.24244273582811737,-5.237003864837891,0.2705801892692475,-3.8976334258102616,-6.720148923984327,-2.299414716554167,-0.674238699990857,4.630986742063354,-1.7262426943092246,-6.828538108576375,1.490207607299863,6.3681908297756165,0.9159747308915183,3.520228303753574,-10.35703528084435,4.917696861913661,1.9086056909897484,2.095114097273539,0.9115089325483628,13.437834784136387,-0.7081720589391909,0.6540227706652316,1.1578390871534237,-2.4263050153935803,2.257083760647961,-7.58097573481844,0.9733749064507208
-28.594603311695675,9.02033419925547,19.558299821268715,-48.72999601668454,15.8602503591135,-11.429134783214998,19.949044139425066,-16.544544995672645,5.192319053865062,-1.2785483773103163,0.36620961109279215,-8.546515391144998,4.019633003794534,4.289861301920705,-0.49010540975846917,8.707183798517901,-16.194623847580242,-1.9599368515898334,6.130758777919247,0.4937428940939256,2.018640077196528,8.419510429351067,2.9940112650377206,-5.519543956476412,15.457242828145036,-19.981471156502078,3.6185587027137363,-2.2334083586799354,0.7079919888049718,-1.0677486474281457,0.2814504434324051,-8.70056534840242,2.6136765459862943,0.753222198315276,-1.510422766456746,-5.233061853003089,-11.49717715396301,4.912003848513859,6.407065814202288,-4.480546319600155,2.4089867623503527,-2.2295223226252667,3.3641148133361862,-1.1713861952470088,10.497407968533016,-9.86926453568694,-2.513279200358318,0.5339091329701361,3.3000396689184477,-1.037502188157048
-27.956077565195013,-44.99252887285293,-13.069389830872366,25.82086674405731,5.227087069134829,32.11725847927808,3.510763516089144,-1.2390490644810461,16.501234629574807,-2.8351456841419136,0.21471559031054907,-4.844112681388882,-2.082947052657492,6.282428357795411,-5.412595952321254,-2.5918330130203726,2.946472527622979,-8.277285006165773,-5.699773397310223,1.9762553918340569,3.003108778148464,2.8074279325053317,7.026435177393327,5.291390802048524,-4.1697310439620745,3.434497208277286,3.9348466580415398,5.559411591794754,1.9990029048746132,-0.7647499336846602,-3.439604024431073,1.7441791736854717,-2.291248860389511,3.4035892758814423,3.884334948348115,3.7376341967845708,5.065266809068466,-0.8050330214364592,-3.285981306081945,5.905674712967977,-0.146531930567135,4.833716946592746,3.124059542127235,-1.9620036863586792,0.957172396595556,-2.8223215681959606,-0.41591770429041214,-0.7497233859752326,-2.3355328658135637,-0.24076960271500955
9.97730493482618,-5.1777579037372865,18.013028915591857,36.45497092827623,-6.864047014806943,-6.275619701998944,8.951066835178398,19.32560839230892,-12.295779214833784,-6.409506934358064,-2.1657946272832924,26.685682795194886,-3.0227980509963506,12.375468212712926,4.64951684111134,-11.078214172763191,-7.365737517795427,13.399153056391969,-2.3882340944139457,-0.6065904700554405,9.794712679699012,10.393094616619146,-10.638226833760786,-3.59454173048757,-5.281620670861964,-14.88473929457248,-17.721534603937016,17.657422917555515,6.460979288849234,6.74479579952668,-6.064086338898979,-13.495752993751543,-8.839928431493227,-18.984648269630643,10.406496043107655,12.109874299636356,-3.9234986350511436,2.1771172237013254,-8.07855742420745,4.778159917689903,-10.291780776799241,15.876593769255788,-19.349242206716433,5.039004891534521,7.703056832367663,-4.0260700316535045,-4.382260079253526,-0.4675410270057919,2.11228731165256,-2.965054070144684
59.851531004258085,-25.656276245402776,-14.221116814067834,-14.297418734473064,-7.105713643628696,-0.10295600566806466,4.640272848956657,12.213811295631823,11.267009470543135,-4.122541290567499,2.768836404222984,-5.618270641314669,-0.8949255982071489,0.5516064485589204,-1.7940840810387537,6.891233374008062,2.3365250925792185,2.7575092507196075,-5.334093381054762,0.8226362220980119,6.149802703781018,3.722385281523758,3.600685064331015,-2.654286578372948,-5.909692877006237,-2.1276828963581345,0.03193605457630354,-1.5718011064404285,-0.745287123928661,0.26788170420152085,-5.974224224833404,7.208023594934549,4.224974976124367,1.6091056900400944,-5.836353872013572,5.077477579226741,2.21153566211612,0.039196555787252015,-0.06870430983935827,-3.043355682590074,2.56658381981699,2.3865449837489705,-1.1987999304531491,-1.381794556519736,0.7070193795961671,-2.8117421671174254,-5.894826490896095,-1.9114737053958168,0.5549468079201605,-0.4306201639490913
-40.64720237367328,-58.3282513373514,-15.238104785221832,14.515267610533604,10.477263094904858,22.433322640463352,-4.084872573190888,-2.7003972088875976,16.89692191840035,-4.424665821421286,5.300206536241414,-1.4886880524239827,-1.1384946325739382,-2.730710854885148,9.094834678021588,-2.2583719243579905,-1.822287312435887,2.066497252415599,9.82692157982757,-1.536938181288691,-10.838214846391255,3.606386768794406,-1.6304727272092232,-3.0439769723568273,4.421557790138117,6.563885056278753,-3.2291936239469026,0.2446173223056889,-1.7181001927791921,4.4986767283690785,8.402156065196634,-9.18307185481489,2.494511400493558,0.07488028001910656,-0.9419558173990962,1.1820777705706624,-3.7286677114429354,4.1603134598251135,6.827766433968352,-1.379208518545923,2.6036933303943077,5.586457325577328,-7.097316922099306,1.1920396209937452,0.47563853215987756,-5.501181373298917,0.49012215335039383,-0.7272321846855632,-5.453596737817111,-0.6496085524107681
3.075698834293234,-11.52352280462615,14.655779209943661,31.65165810720221,9.442299924378812,-20.80724110932969,11.637410528708717,4.970943636502376,-20.90281721251135,-3.585282978605453,-20.218903257990426,5.962059083112318,-2.4375567770795867,6.008712436785589,-8.194753841361154,-7.978081247130678,5.746211868930414,0.9909791974695149,9.955794475815944,7.712429350661367,3.9682248768426938,11.02574450790935,-9.265129553614049,3.0884964428367003,-7.062777548022812,-6.631167759575661,-10.9811971958491,8.256593980337612,7.868828541284805,1.3917793435251058,-3.539561871577893,2.822586501555713,-9.786063374972072,1.693107064482868,13.66208578453826,12.695184381036725,5.865961048997402,-1.5928472310148971,9.403095179686767,8.127863548013842,-8.063423990000004,12.545793665907608,-13.563551980961092,-4.1784822246282864,-10.027945520998225,-1.9191638803536046,3.217509264490559,0.9181782071952486,13.024251290641061,7.333255222372724
-6.461053073277142,27.65164908200794,24.59490114773299,-20.221540892174716,4.149208126596825,12.046184801024134,19.83507649441124,4.463978469879673,-2.7612160792519207,12.656782433958977,3.2990496609841853,3.7123409031319663,0.6291081201791514,-3.3037373667032464,-2.228234412779489,2.3510163438594973,7.079935027941416,2.4877356359388347,2.3647009608542007,4.325728433893733,-7.901335607423602,2.2428294221429064,-2.595407609200422,0.8350904945010003,-1.280603778855531,-8.42612040757971,2.194317488576755,2.195437454386969,1.720171782660557,2.268505406770787,-1.6968392606154041,-2.7400848370322843,-3.6385640416156684,-1.6118800977215881,-0.11027697156144162,-4.491713359553287,-1.8192080160124944,0.6790207903302027,4.018265664482593,-2.7900137043107986,5.1602390256696,-3.041313992393495,-2.807629467822807,1.9571575760302833,5.4388859325928856,-0.878601270592108,4.078505541162992,2.7175742843336477,-2.1300044479121523,3.6743646406352384
13.232334746225957,-17.17289798649653,25.119034652578954,41.170073907559555,11.335684683292266,-21.767951612802023,16.541231618554804,-0.1791055787572599,-2.0333424497064745,-0.9254828034959256,4.495750295989836,-4.979439007914629,8.93813317875583,0.09069661233538642,1.6122513314716747,-10.994177957532074,13.960783451436116,0.40651821077592076,-2.0517498480633143,3.57263069189982,3.0401421534065536,3.8010724755882164,-5.134169094143851,-1.1429322344796402,4.123191852463292,-2.8319718091945254,-2.943013518472927,-4.9549936671623,-3.3825567979021454,1.5378867294726803,-2.4302307095641984,2.0370412646248104,-0.006366745925158464,2.7933666111593203,0.9026979355272245,4.533545049402068,-1.8675274172072929,-1.3881416401942135,3.6994590159453624,1.9877551401252813,-2.46229681451371,1.2537662259386142,-7.802802614660441,0.41956705148507434,-0.47524002278640887,-2.902582543977791,1.9575609163076015,-6.234996436908094,0.7842265153117918,-3.8895702148611577
60.551830933447164,-20.698465560707188,0.15862382527345417,4.655173447640455,-3.7771303335678184,2.503060358413997,-10.115854979444505,8.449042160267252,13.08096417729652,-16.41244841492631,3.440397784844974,-4.489311684839881,0.5936402943537717,-11.468954776109703,-3.208376600959177,12.308347312547687,-0.15241108889213772,-3.900992871499007,-1.0455242945271732,-3.989175377044647,2.927677147746822,0.6768577429031783,-5.7774018574814745,-2.5972585921591187,3.0107419657666274,-2.5707972896105846,-0.7641553791613743,-3.567611501003282,0.06541799204356859,0.9358010267057176,0.36607709006475525,0.1684343473144531,-4.763514668737044,0.3136001933879235,-1.2848749023121526,-2.546768851642938,-5.125797934359544,-4.751409498490467,0.22365894183607882,1.0220628323045462,-0.3870223248982584,-1.6942443169187082,1.0532052583772231,1.841977857548246,2.5521122079213314,1.0076139088463179,-3.179438496608258,-1.6488628733488053,-0.44758644717997775,-3.6232613144649455
-16.528872300650487,52.4778510553898,-42.178082251232134,4.584886915008687,24.845525399436184,-4.696939159783477,-0.4496123751563452,4.010950694274846,-3.525275967993026,1.8707329263603596,-3.2551263232592227,-4.538463714755101,-1.1467213998894976,2.47891521901676,-11.461182371813777,-0.75763949253201,-9.658876644993201,6.116243803636138,2.0015920161922534,1.1127307442050751,2.2947348500116544,4.085886905847055,-5.606557744969994,8.042570569563148,5.332541475576557,-0.2896713027745437,6.44491455860288,1.7933997031056286,3.177379131536087,3.8102180003322337,7.091423599863172,-0.14247022147991414,1.7517571492551178,0.8398368713993323,-6.720712017960003,-2.0477676215799847,-3.6654492005992743,-1.3569836596881226,1.4863835726213914,-2.9229395285799993,0.6835971157867631,2.8516434183667747,-8.61523451097243,1.4319547561585633,0.712314276319892,5.732886674719058,-2.2013799496756783,1.930339096681498,1.1416516236907663,2.0639453188104446
-30.759214834946626,4.179168823932656,24.180734915012277,-28.61704807828946,-10.197720169767287,-5.869618882330826,12.859439216561888,2.0006002396468316,9.711743148483212,1.9850343321610757,-4.258163888172664,10.93515706209907,8.662882895322618,7.613361662725361,-11.604131870333408,-3.6088874847483163,5.401179948184274,-0.6730245265212168,5.667058166441718,-10.246156521028581,-4.259700788068651,3.6653990554317915,-1.5305276888043287,5.189463625221029,-4.215184437034923,3.4543713528499693,8.2038502507092,4.7619771066739025,-5.928649075249552,-0.3653263939160821,7.891400697536586,-6.10215327247355,2.091947319108338,5.014755905717366,-3.866079399566915,1.898034670599448,-0.6490904510676743,-10.418145025080083,-3.30606459687663,-0.569303688439044,-7.740605620854711,-3.6043447516700087,-5.235356604664496,-1.0040656403480523,3.949063577999253,0.9599482781298003,-0.06440473209012684,1.1539614658660562,-5.309779848608148,1.4713280507662518
-11.375938779060846,18.981813230607607,23.46507407541272,-26.091569892359775,1.2813920358180828,8.24770815491319,-5.36771944574248,-24.68735033474672,1.111979790977899,1.095033514204341,-7.987477249241104,8.395471204789487,4.020372668152727,6.602027962426599,6.024859081520934,6.287674395699831,5.500792161350537,5.101381070887749,3.4132285633500783,-2.5007187621015174,-1.345438832346744,-1.406142592726947,-1.949264205374506,1.555089086571231,6.739391711401336,2.063208265370239,3.8454977768532594,6.8821274386871805,6.36260231591992,-9.570778839581198,-2.0125542723523897,-4.49574474278749,3.941503712496998,1.3274929933358155,-1.5521407330471102,3.248623900251677,-0.08161607878064328,-4.350359141156274,0.7456003286711955,4.3400657546974735,3.936476131127614,-4.421421398836805,-1.0941405932303192,-5.191984476779502,0.9618600700993498,5.612234984586206,-3.6485875840564,-2.8618145001277653,3.554530357490004,-2.1419832011830153
13.450255672082765,2.5055910940200667,8.114165615200557,42.867649465202106,-2.757410578262833,-9.670961759756882,27.14631062680655,0.8678415291644669,-12.126907939926516,18.207105443090168,-10.17153028794569,-6.006713960348748,5.625736287427704,-7.263817933155445,2.264747025137905,-0.9669211172622891,-7.28079206350057,11.694297270820208,-4.604263908825621,-3.4414822440421666,11.2229685229129,-2.1923907295302154,7.025673058078419,-7.861471796696825,-4.871918029876096,0.5019567254382521,-2.202948862274244,7.7965164325037515,3.6286653235143933,-1.4371310205114682,-3.5846180651291712,2.4816183304999178,-0.9876362715344043,-3.7433336675026716,-1.161112582279629,10.456082874167858,3.5792010045304328,-2.028502171555914,-0.24068423761129654,-6.621298367361744,-1.5973567475965458,4.208152670672129,-3.4941767500798404,4.141155538507099,1.0176322807174645,0.06573165276465892,-1.1135847804363468,2.9312108880896717,-1.8271152194864462,-1.1077690918214425
-32.6558799700474,-44.1361635216078,-22.524126181603734,13.582140406514473,12.828857819327279,35.20268299397087,-0.8203367491986471,-2.7616572940423705,5.287624843012384,-4.5171088876433965,-5.384987798118818,0.18624495528468407,10.064112800061762,-1.1832541798724088,4.01602166225803,1.2202470121072928,-5.16570653683075,10.570173141170683,3.7113305589290007,-2.0446153432047494,-3.292767723935159,7.097520542196879,1.3702337016122363,-0.6736806907084956,-1.1974185020825685,-0.19285600092095095,-9.436075611896639,-4.989816215688774,0.24133139135029152,5.722741452385218,-5.362153681471746,-0.13154755948395083,-0.9867152980509918,5.468751499466391,-1.198619126775517,0.7753773246953422,5.679912007289939,-5.778729730137651,3.3682215058766927,1.041851847417375,0.563568132786564,3.0053827837805667,4.594417297635407,-1.5282343922733792,-3.510745432025939,4.818608721344204,1.4369736875561612,1.0542627794044146,-0.6789435760802415,2.3356624749044426
61.05646612262267,-32.817949832153104,-18.53189139330959,-22.869448669774627,18.341725622362386,-13.482098065097302,3.316339081547538,0.054522234261477946,14.023150804872003,3.6063854067269348,24.300743730868714,2.430684177143618,-1.2196066005939445,-6.209593018586864,-8.521617008624517,14.915712341675135,-0.14899323908029258,8.949194093816578,-1.3223418917380694,0.26075009021059015,-0.4889909474325835,6.4690069421041505,1.6872116639872068,3.248639775983511,-6.577967049131978,-2.4664720207763433,0.4750420958156275,-2.6647452219727907,-7.761537002594637,-1.0056544745164626,6.427475936023025,9.885911544138969,6.6753142603782605,0.37020749843959705,2.5432964529403574,7.825259623057998,1.671935973369211,5.577513579111406,-0.8075265236622539,0.22377741024172773,-0.34172220201620146,3.3367040079263166,-6.088889527290604,-0.5292133721475781,1.6641018357110748,-2.9268368148759256,1.0327997125675743,0.4958618375848444,3.300749170276312,2.2863277626050102
-7.867780241254015,51.87819985376195,-42.470078591409205,22.043766616203932,0.7291341571255362,4.931719218336169,0.21748413664877664,2.9020822586195822,-0.5817197156411599,11.424401821793703,15.597884079825008,2.29571759282123,0.1845383937857037,1.3453343489634406,-10.299361124402955,-4.119836767110568,-10.532845995959105,-11.53826960876394,7.417033652275736,-13.634844859552263,0.7327494535672988,-2.44408820936617,-2.525044931044127,-3.9596661895763625,0.6944268995759291,-3.854495286969554,-1.8041800416522635,3.839251064506288,-7.03083207232669,-2.8902232712026352,-5.81920907592276,1.3815832858860335,-0.3725378047968022,3.9276017911136107,0.17773358267242428,5.106704616627676,1.9602217672742692,-4.127306770601805,-0.7415741725906919,1.0676176219766078,3.228319250445667,-3.477678736340602,5.897641921673399,-5.425556936384353,-4.075207755789126,-2.789763467080761,-0.5640712347727584,4.77719953729753,-0.46920443010385593,-3.754941166044731
6.508330398630048,0.202074257866937,9.363265121739508,-6.62666085529134,-27.107154182034595,14.387539615864297,-44.858886015663366,-0.6534831147913321,-32.56335349234328,-24.241348710887657,-29.330597587910752,-14.39430993211464,1.3681545138692037,-15.49180427271408,8.342347049384822,-9.006854889375202,7.150695125619045,-13.573978457427831,7.231982749087764,17.449930718208332,6.262929943994604,-8.067850177671477,-17.211433020816987,-26.43167857895158,3.467572804254848,-10.523043003497754,-7.983824978106888,15.553077371392057,-15.100352746333012,-19.349208082088666,0.6278262616727595,-9.086037217287206,7.109560176719536,4.345104683373279,-1.9766107159265296,13.359822346517985,-4.006186850905568,-5.653064080168292,-12.4316313691927,11.032606349800501,-8.621919148366025,1.662143213005732,5.371608125751676,22.373622276740274,4.942908209504025,-10.855391324245321,-2.1834467076774153,-9.500498132732144,-11.6635524167105,-0.11547106214175673
-8.774960247247272,-24.784445839792305,5.258306080969291,47.41448559582386,-50.350566271395955,-22.443612743322657,12.573103699114514,13.60794446722672,-1.0766973570177634,-21.13155899566088,-5.490645235094567,33.58954976758897,-31.933239800448078,6.214785970622896,-16.617772533720416,5.812633693240791,-19.073985930609297,0.5904098480877666,14.195871084664992,8.993464286826397,-5.1140374823601755,10.992451521698548,2.67763194213446,-3.9996729419598442,2.5972320729144722,-4.8465830509189685,9.49803425087466,2.8628910737459456,18.865722474944615,-12.506557969164419,-2.18794780343342,-5.815300516852696,-1.7309847857883458,0.86717654465521,-4.469021462733144,17.292450327351354,13.557207649985347,23.816794741569883,0.12229676688766929,-10.101603753019122,-4.286558268890467,4.611637374327534,9.97111593758651,8.209657658840118,11.42409636128697,-3.8488594280700803,17.21792984043869,-13.409621789323277,1.7996091693242655,3.5544984760012084
54.585263572377066,-19.51839815775758,-0.08843142960599809,-2.752719533168647,23.528502662175647,5.76898838252666,-15.892495739306113,-7.828183228010532,9.548275309706955,-9.15744657297593,3.2875523495073637,3.5489089660540647,7.072886196462559,-7.02058580742893,-5.294296859744808,15.719847232738847,3.4577324278642134,6.512412085207651,-5.539352705565434,-0.16411169395084904,5.351827860570666,9.895279793540732,-1.7392052704191636,0.07049603428512208,-5.501228621308701,-6.875993785684355,-2.141990496759077,3.8470904910970374,-1.0389576419452136,3.50058449899562,-0.6018513523745116,3.936944485604291,4.663822311443848,1.6738096561450844,2.6460167388663263,2.8144153410139983,3.539805390021544,-0.44068661465328945,-0.04199823880231485,2.8213808312730633,1.7030396289767549,-2.2400107219556022,3.1101824768011612,2.954035807655784,5.660423694104849,-5.823969117431565,3.0362696117772283,-0.7906964131833645,1.2930423491753058,-0.8362158820355444
4.314527831952963,-12.901909424199275,35.43644078064855,9.437551210521905,14.768597297486354,-1.4494738427583513,-28.79929826293886,16.370392657433978,22.222355160499543,10.853039809142887,-3.70146977930869,1.530500069107643,-3.2328060613198737,4.9893006124961765,-12.53876378555264,-1.280336875118731,-1.4593184788355213,6.843289282853451,-0.14112880563345465,-5.327979615197902,2.828736499525258,5.745456403962365,-0.9460421665424531,-2.073439198673031,2.93911219379184,-0.9593313012389347,-0.2637983896041363,-6.189738974970099,1.617572098288531,2.8016489503276136,-2.50389750354559,-1.055857612563945,-0.5527839128924834,-5.534032650206614,-0.2139370910140805,-1.369373825714842,-1.8311059201147555,-2.452301287919542,-8.347876334578181,-0.7600437593808775,-5.343223408510583,-1.7793116237369218,4.7912859072770795,-2.3094085904864716,-1.305528119164006,-0.2575409570458324,-4.490952399858815,2.0853354202469245,4.591295157337397,-3.8143369090100863
-25.276752058713406,49.77055190574203,-46.65754747347508,4.417544368486103,1.2436047472188705,-15.14302831583395,0.05894541924942987,2.8308392567563843,9.370731256989973,-2.2113155564756815,3.8608423618449796,-5.6956145529509055,1.1051357158110344,2.6406364066827233,-3.595686801588875,1.7470686799400912,0.8023934295156206,4.992619272100215,4.334091398115084,1.1953849202909073,-1.9480842580304043,1.8926064286114979,1.7888308787933973,0.6873367463236739,1.9501102261080037,2.877308174440385,2.0736155715771116,0.4949773363667303,-2.5360795272892043,-3.7829336220147987,-4.013354414227647,-1.309957038692549,3.3179221758436444,-1.417508625798648,5.184651933551541,0.4724212149125527,3.604721649789987,2.6586821981478375,3.4017379582793916,-3.486388562798393,-6.485154679665573,-2.1841581451313377,-2.915102638394182,5.168336621870591,5.20214219108383,4.462957558036818,-1.4304443961643487,-1.1401306259181065,1.5878715216669592,-4.457048645248266
-9.046181777294018,-30.307680526062168,-4.796978833978974,30.564256734660475,18.605282397749345,37.82870606996145,-4.048211497687013,-8.160038760525287,4.746848236464775,-4.735397081017476,-2.5439287082531754,9.845438294700616,5.294918447150144,0.9000766288383862,2.0484787456308675,4.970477452369074,0.6647968523081031,-6.6406360239786,-6.930115450469201,2.756598233126342,0.5488617992178949,4.813419582679356,8.909396630345947,4.815245966987414,0.23222839601182735,3.2304558625506132,-4.0436520629166655,1.6307572655878984,-5.236436794006707,0.2690977300126454,7.805291923179194,-1.8292480929240416,-0.7772064504209655,-1.2487035582348063,1.7109931613680116,-1.3860580539076321,1.5896611614352671,-2.830904434488868,7.32150465453851,4.195639730486469,-2.740821665197186,6.65420067641497,4.683873697253708,3.8635538746556164,0.4708243227176708,-2.947608600099163,-1.0135713619179474,-2.56707311169441,3.301785312200063,-4.313361475427803
62.07774455094736,-16.88679518280863,-31.52352989764057,-22.88048755277445,-19.65905654790839,-4.1381304280169315,6.782392836613597,0.8540986835130251,-3.5769390896252697,8.086508818657078,-6.642076717341225,-2.157796990771088,2.5211471001414973,10.918107373032834,8.787305070614416,-11.677926870861086,0.34556411899606565,-0.3524753846649858,5.4115370163489045,4.622153648327813,-7.462604372792219,-2.0996086782521894,-1.6389905639665197,-1.1256594319754885,-0.31086953138956225,3.1523531478444857,1.394702699993072,-4.2024344057549685,-4.241677722222353,0.5575964910826658,6.544703081164173,-1.8242101960279462,-2.628240878336655,-1.5670674623950558,4.6862826356114615,5.128528090588381,0.8711603804390572,4.727615553820959,-5.137079338820695,-1.010096308153423,3.818708309958916,-3.676452203370857,1.304085581320481,2.409140606815225,2.3919263654992684,-3.218336012988756,1.2947840570079026,-1.8636256539796117,-0.17346293020943745,-0.5498460492409807
-3.061656529930666,-28.40572799942212,14.760551400048234,34.934262487059264,9.62261018654127,-20.50046769042241,0.04934893823450362,-5.772040746847409,7.549795582298267,-7.618566081346458,6.199931268058621,23.268945868901962,3.2294821146436883,1.20247897021293,0.6487066601729211,3.9820707125575865,-10.260300145483775,5.399264666581912,14.333755534561215,-2.4460924428849813,-6.058839555301743,-3.2774299076110425,2.733893943038051,6.108445841439673,3.3756295769958187,0.044468676977151275,-1.9905533628433676,-4.140465047506679,-0.16211621782550406,-9.11300864901199,7.953820427983651,-7.85922535101861,5.220462364648303,-0.317497651263035,-5.75401141239528,-9.906679191046598,-5.906553244827265,4.125025431128939,3.2547741196684083,2.508784755774755,7.164777458654527,-3.9739288217033444,-2.8963440686411994,-3.844439833861109,6.561531469436366,-2.801020685450131,-4.628077017323005,-1.820993159854211,4.12756970551594,-13.408985275004644
7.090868642996416,18.471334640474172,29.52350630110335,2.351807897619832,-24.62050414670307,23.930627806007294,4.378714857194103,4.300883299262693,11.18627177286273,-4.974579994092166,-15.945124597140165,3.6989816449942103,-26.20271897225288,-5.827129582679775,-2.1632197334194596,-3.2879898497915665,1.1390312490226149,-0.25475605276712193,1.5661945360483034,4.119086445608045,3.125397552360371,-6.658688057601289,4.175663862012717,1.371274108498117,-8.539275263191284,-10.251656142288901,1.247442121066025,3.989670439115278,5.028465094356032,5.041507367320453,-3.5040908382955,7.641820792955242,-5.464104994490826,2.4453814960308633,-1.8859643378873296,0.9865749508114521,5.2435225453750824,3.0500017926452014,5.0259692755125345,-3.5668138447509734,0.888052173642226,8.907903494616692,-1.9659520123043455,2.468204350183469,3.802539372757301,2.0196679781604825,1.3095723902118255,-2.211784383933842,-0.8462758535868151,-1.1551516911757018
-24.384988834160048,2.3092809207638103,28.73563031803795,-32.97573668162038,8.42581452035451,-5.483572673752527,1.2553728154687518,3.156921528006974,-2.282810392864336,-13.461019407388495,9.48305773844483,-12.81324714016194,-0.44232071588963046,-4.079197050028767,5.3567280061425535,0.22750581488277447,-7.367638809746492,-4.644841720468274,-6.525780852831802,6.788495692287602,-0.7737061744211706,3.4637811360398194,0.7809111603257796,3.990054806311743,7.786937080538941,6.4529031657389435,-5.549431840175133,2.230461489816459,0.21199407230836675,2.750749404479339,-4.634734445730022,-6.700282958722706,-1.964630472289595,-1.0984987305196343,3.308845325682728,5.574151896561506,4.35917527090356,1.139027184626151,-3.045484151231075,-5.217358952578835,-2.373137128843627,7.252852521504309,1.7530814782937687,2.226263639663017,-8.144014913184824,-3.0820523856922866,0.35741580600063844,-1.2039136901890062,4.159664242506621,0.8314938807843177
17.974094809455263,-5.371932504020489,27.90904474136681,45.61088331178861,-5.334731863541847,3.046517195052916,-1.7332976006240182,-0.36963468320473053,-11.999059799253896,-10.462058010722558,-3.1691446248230197,-14.236564850430947,3.8296782417502273,-3.2745996296881534,-1.1723876328662537,-7.582905310154042,-1.200491772193184,2.633056464240216,7.824392468283111,-2.5841555633528897,3.289864234180499,-11.823191313951261,4.867095646035363,9.2165989338189,-4.971297006653345,-3.9941670011509944,2.0688909913887756,-0.2480374807957675,-4.2963074752556905,-1.2335259220634094,0.9093688714285937,5.756020025074215,4.265167571555282,4.8263744525005,0.23236872269662362,-2.489355773724648,3.5875202320971904,-5.1669715549224495,-6.875049588472696,1.7707449688513224,-2.5844106327164784,-4.85714150353161,1.7002293911335524,3.4283930353372427,2.99080656060769,3.2846568836306123,-2.8275979601124996,1.1324686509730346,7.346395182156825,2.8765426147179385
-41.29211098118733,35.3931347959353,-47.097559233374575,-10.074141931739717,28.069496701012273,-17.49320270590566,-7.590916111720865,-3.4525869598375345,-5.081811890984817,-1.132833187233102,2.4796080625884835,-0.19764481332964398,2.6350175448182855,5.445813877787038,3.9180679338635938,8.23841243314236,10.194699547423397,0.9444555206045191,1.813725712350403,-1.9252270723857345,1.6920282814673653,-0.5650664092108683,8.022527498914888,-2.824313716195728,-0.3421039616995991,-3.912955832421575,-5.717012938259707,3.0072828780462,10.44133747242697,3.8275800215380116,9.571211738071622,2.6081865327990417,-1.9006621972095472,7.258875611851591,-7.921066647749567,8.996083398106224,-6.954621804482753,-3.4427402073262496,-4.301375850530483,-2.110674604708706,-0.895460224670514,1.5852573922390334,1.4554293750574463,4.909285005377505,-0.23071589998383307,3.507481501421306,-2.6754732084944677,3.9841003162443,1.2291540711708648,2.699806670321057
-1.3504978954481126,21.70274531507504,31.336183664009262,-19.834529075530053,4.020677880561762,14.9787195440697,9.433248097531811,-8.639574314217164,-10.287510896544157,3.819691779671042,6.357284272176281,-14.053976470397341,-7.654102367405619,2.261779869229297,8.009919892083069,6.207863749598148,-5.135582965488779,-1.8750406643071376,2.225034190081385,7.936621673987367,-4.311992354192341,-0.42064625529068167,-3.3441763589273674,-2.2176653195758202,3.9949883073682972,-6.963148939139617,0.5333364950565999,-2.7257997089215302,1.7234188653273592,2.3218503386849063,-1.7443233069243442,-0.5701741082726721,1.386640892095078,2.909296878197997,2.0129236191648427,2.29622551842694,0.8614665058217984,-1.341527476988161,-0.37583390773870945,-0.8018589466561502,-0.7471442152373078,2.7849612252033515,0.6288367760810072,-1.84963586369467,0.7700450701434085,2.4420266902408225,0.13681916044731293,4.847807542858429,1.368648526400095,0.16923630080888544
-17.753775905566236,-25.70683649322112,9.420685932247999,17.147923026288545,18.273727091212095,-10.795549347630358,-13.656878136978184,-2.572045072603874,-29.23009478215165,-17.396209621753812,14.381424703014545,14.939007136539438,-18.32580475377155,11.032314348244126,-13.206920752956165,-1.6571375690888708,1.5303950614569157,-11.625141821220293,8.194032468108691,-2.3893042493918215,-4.813888951389937,8.70579608604957,-2.949684787414992,11.485974890346007,-14.777207195825206,-9.820770768388302,7.232364940120417,-6.448146363172047,23.093697790658492,-1.9052201081296678,5.093938450289401,-10.983798295165418,7.133523042072341,0.7809326470312772,13.98905331355685,1.1211541511478431,-11.413581287459012,5.585627294946406,8.78699409512527,2.3548173032759077,-2.639734877385915,-8.428752029676613,6.279002491081114,-4.157180825226133,-12.537167675325996,8.881230574555964,-7.957113972657374,5.920238638905606,-3.6245063355846368,-9.286271488032426
62.20127438569604,-7.012498515754406,3.0992817743382757,0.3393277695119843,-4.797326382071064,18.975371778351576,-15.333524441522366,0.49257804775096836,-9.831134957096975,-16.730887384844966,-15.103461521861544,-13.134129530778374,-4.0918291952372865,-11.986062824654402,0.8779012428944623,4.595545659927029,1.810989532175343,-6.357326125480688,-3.8176687183293736,-6.75501924131091,2.641234923562024,5.342924993378494,1.2544365100723287,-8.639437363417782,6.695861792212461,-2.949794787094109,-7.037085766714083,7.0779394633586215,-1.0666961194118523,0.33354257211116295,5.0158643664066505,-0.8814826460925925,-2.7811056185918996,-3.0381866029117743,2.629847524916865,-1.6029256654770405,3.522571615461751,6.751536296282297,-5.077652993826933,5.617305693968822,3.2271645614416435,-2.795738385099001,-5.212189798189082,5.312156318185045,2.555766819926332,3.0796833405754285,3.5383288609318932,0.0866679793754261,-1.4878999787030884,-2.5363504630209808
64.65660679533737,-15.42632673113211,-28.56814830395454,-19.799514736785916,-21.981469717389363,-0.9115430967015191,13.188246339846986,20.119094722642288,-0.3415301401967931,7.5263081300317385,-12.229394620374537,-12.9336551725382,-11.270785797673074,5.561299292822557,-4.284702861428029,-16.194050055453125,-8.80348328574039,-12.152218019526993,-0.7176873492107778,0.8696027211957125,1.769861399537425,-3.116181732670277,7.904480419170695,-0.33499667714286646,2.633993734120157,5.827804739115554,-3.0264127107056287,-2.57083836192852,12.279831308207122,3.82570374151595,-4.816279012293328,-1.4129500650076787,6.714962688070839,-0.275730376508718,-10.063682611910776,-7.400481144713814,2.9812522108161534,-8.266165894297437,6.542656597420726,6.004803092635459,-0.08268990044382936,6.477620073172628,-7.492459793121349,-0.8677053367248276,-3.562557009757319,4.154293299071657,-5.866993870743041,0.09883948260128307,3.0002682761851305,0.7172775240903949
27.26490904857452,3.57667439369245,15.73065795277472,46.882704688499935,8.19331577633975,1.4998713196134006,24.904772295773927,6.306389180850891,0.0926117638608913,8.978707353999992,-16.34510950437507,-4.838791204804811,7.537111367701273,-6.099847330956112,-1.4415575716965379,1.3399054242092998,-13.697926107273537,7.819631010297989,-3.2507977250442703,-0.9632928948520832,10.455336663053297,-6.2727365534947745,6.300684323837582,-6.111542827795442,-1.7262031987090203,1.8337984295850591,2.9428440947009227,4.3757526243335,-1.0704854314396406,-4.041099953246254,-0.9365366439241294,1.2787289397471513,0.42538717133990395,-3.778351446001091,0.10855950706894513,1.3616253977228474,1.399192957308827,-2.6221958766114524,-0.8484663487643024,-4.501422698074966,-1.0430714026302204,4.528953987452482,0.9378393543238507,3.06550931830139,1.8116528401464551,-0.19142200833005243,-1.5388492971197072,2.1669723741149833,-2.6455258911659483,-1.846350371147348
-7.6604574713738,21.266966858230667,27.03520979110052,-28.455884455752763,3.1246611279098078,7.762258039101421,21.828122298400675,8.783412101948032,7.749227248794385,3.392032299045,-4.541703264999279,-10.665935114730788,-1.8914947522343424,-9.287451505387896,-0.5727305649368241,1.4433594833716403,-8.882714746959817,-2.1464611378236467,5.396750228623618,3.6547120030900775,-0.45285839110091064,-2.0193925548221987,4.661667302033563,0.12554166790494795,-0.9159775573898398,-2.9427245926494403,8.52311704358105,9.611984188322072,5.7097847430423245,-8.847992105252812,0.4778096712331319,-2.2336099568128915,6.639638919878867,2.5895631464608315,1.9832896047786808,2.1805237859215523,-4.462069674943597,-3.6066851791889216,1.7562548774402422,1.0429008120488914,3.805824498624453,-2.292276185598592,0.5731273829245117,-5.9806735492605405,5.613624625596535,2.7158146845082074,2.643219700906448,3.960760867323944,0.7536201389607655,2.0757781228756396
-0.5248401667649291,54.04089079281666,-36.14505742571313,17.93728845918105,0.17915836901357962,4.566254657416866,-5.412316814138683,-2.287392658461898,2.0801422109618084,-2.4581059181456566,-2.245650365367702,-3.6504914269744817,-0.6745695143304821,-6.330580266997807,-9.83526161212606,-5.642716436114438,-9.069890396266901,1.5761691773477804,0.8721734513656278,3.9255208204554264,3.819640218729936,8.333392779297746,-9.667262948849995,13.943995727197729,10.056395657718406,9.019771445949583,2.805013218371265,-6.390571881651542,-8.577594270605337,2.935924144361153,2.2691199497891192,-1.743609545457107,4.233859204513121,1.099786303114451,2.016374745729813,1.9363278216962638,1.3926095877258853,3.709061556429306,4.2064668436792285,-6.752568869046467,-2.287794296196564,2.858206232733441,-7.75403696669267,4.648921998074413,4.318191344009813,3.4509265105364286,-0.5025482302782578,-2.1809116917526543,-1.6360829040667366,0.25086595614017576
-27.013808090673265,-38.419303609853735,-16.4916958794767,8.418706263536102,25.063293591591282,33.52350514042249,-12.6664207715003,-26.791548736326153,-10.840586815793667,-6.659313239256595,2.871502234018568,-0.6311464757607267,11.409353029145468,-0.8029553871763067,7.75799373163648,-0.8093193385277411,-9.805577364984437,0.4918758083076597,2.6828292257949893,1.2579512119738845,-3.0745890738176582,2.2747787809148954,5.855621195677566,-4.983827109720332,-9.052830352958091,4.643496679433777,-3.8035477136940563,-6.960406796007271,-0.1871324709085107,6.192768873474038,2.7839142069885927,-5.677972949009066,8.81606694015121,-5.066028473090004,-4.212651694442233,-9.062852757851562,9.200194509011675,-9.327543836168035,7.55714929053648,0.7198599156601789,2.088652518632518,5.525497304186166,2.8258695332676402,1.6026501157170256,-0.2989095888721423,7.507087381395667,0.4473624750362565,-2.2400477883391314,1.4716000868509556,4.411289832871161
-24.307164369063965,-3.1420285030899238,32.73204171533468,-33.5771165812221,24.04487534439769,-10.482553538470132,3.6007166269846786,5.0988724862163215,2.4916202256891395,-17.416007209685766,-0.38756762558892255,-8.795386529622041,-11.413923821982495,-5.9435646567302935,2.4071530830927914,-8.965983180227642,-2.501061220046404,-2.920425703052046,-4.942610468699928,-2.306201924253814,-0.7421402093835232,3.893268990011947,1.680881679731473,-2.3361597163477494,-6.088205274872742,1.8405706027512059,11.523424196850598,-1.1543818777861983,-3.3467934470457634,-0.8430479077060543,-4.531057489451843,5.239822569048182,-2.9773690387641856,5.277941005123885,-1.7064393613879127,-1.435607460448764,-2.7705177900792783,3.934691029675742,8.567233723187726,0.650416482118577,-0.15352211255955708,8.085494999124373,-0.9164122698278028,-1.8576671893472487,-5.472366546572884,-1.7290747302294054,3.7995922756288816,0.09923266480649445,-7.189857193637657,-3.678343345607616
0.5507162421162527,15.810214091962024,22.67612978498177,-2.5468426371417867,-26.358470634990546,15.473146065784738,-2.123961107345652,-15.961042376945437,-0.6507158114976165,-0.5996213498873896,-5.405867858290797,15.81300832536434,1.7555834834548152,-8.501792109554087,-1.6677471526977115,-6.16269096908144,10.238293136819381,-1.5692507228272266,3.2826829490192306,-5.045070532638858,0.8413739853140915,2.546560937556961,3.604475990417237,-4.606238509947419,-10.226248915571794,6.231218620325922,-3.0059089340909275,-7.976193540956166,-2.575698240033142,8.12723654361597,3.2236295066583955,8.039212021813377,-4.316239952939644,-7.104559275843819,-2.1861699904023206,4.19995000599501,2.9764656677647974,2.340798611219793,-5.018588122303164,-2.888510150622462,-4.994203468992875,0.1843985693269894,-1.8159749227827355,6.596392267185889,-5.824669895299564,0.399690629389962,-0.8155156182894516,-12.484221517165052,-0.9495801504566421,-2.9742634904473393
-22.638707885254895,1.9852778148404528,35.688329005684935,-27.24152271675282,3.2949370835448573,-5.769330078581193,-0.7426931487761902,10.645833145279484,1.786350090317747,-17.78041711851528,14.38129323305112,2.0779540809470185,-8.912161029860618,3.231143189733853,5.540489246028333,-11.576370134864549,-6.779598082579562,2.049336107856869,-2.739450079608215,-2.722875322512195,0.044067046287581235,-0.9667969303230258,-3.981988760965488,1.4713690164098796,5.401968735545474,10.774790376708527,-3.5202484077532628,2.3279510834220916,5.2335347186919,-8.488076245960615,6.044517668516024,-1.8763980035133008,-11.86499189636164,2.6733665458328937,3.3486212124177177,5.455393981371396,2.8699165220550116,3.795915477704312,2.6142571498947245,-3.6369291705486892,1.3104379191826987,4.49381897415398,-5.6951336446805545,-0.8952973477664321,-0.880825751777541,-3.2598563867292203,-1.4665559699635782,7.517585526252465,3.410484126224585,3.4268668755000826
32.42988154595624,-35.19652832121549,-7.119748480809041,-3.087039084562739,-24.21629651946476,-16.17063791119388,-8.216501922393693,11.78716090648387,6.102209080620842,-16.874329229029296,25.173715217855708,-11.903637495355648,9.187891780416667,-14.094266644669277,-16.893466409024363,16.9711242492297,13.455679087421675,-1.793989500778001,0.5657445440151788,-5.746326340635707,-3.8333402736657685,-10.008591792190764,-12.98993890506619,7.548126913919133,7.936804435795906,5.530053837886275,-4.639457216591633,-2.2949407879267487,-3.879970792255811,-8.677187317127908,10.222816225780612,-11.608969407465127,-12.453876137070907,-4.223888422562427,-12.941400370027447,0.9132047983230139,-6.731962140768306,-8.13550061012004,11.782152045700055,-10.60707669243821,-8.161069547941793,11.924758888018005,6.015121927657251,-10.049461639064559,-7.244755656293271,6.294808916561891,-3.587731412482142,-2.2705255027268927,-5.850516504066646,5.344601739830425
3.641375742818706,19.550593812278965,19.061455910432397,11.609658166982024,-46.416635489800335,11.439139153779012,-16.364874131307555,-24.919258432842017,11.256533761290916,20.719742268376393,-0.657978698575264,5.119941348134461,-4.743204220083791,-1.5047158284228261,7.041464040809041,6.517726077648817,2.8520549467248015,-0.451463069460358,7.8238937513380264,2.6672276557379027,-4.14856560912033,-12.02263011113943,4.507090111749322,-2.989438813826444,-1.2016702962856975,4.116590749349253,0.9922768830755994,-2.5163469432342898,-4.070180307612255,-0.1374434179427363,4.9597771879219374,0.6570816858752426,0.7165564863625227,0.5907367780450918,0.7951829293385706,0.5979884547028701,1.8087670740646828,1.8035773755111784,0.7047756393605575,-1.0129307879759717,-0.4857743361460179,-2.9183601300101536,-7.0244249868734165,3.3024923717018577,2.211742347390495,5.111706675166507,-0.6278987312945666,-1.5585763055799131,1.0974221865799074,9.164589289925843
13.568479468181037,-11.236962881700137,20.52964352153966,39.874108154958314,-1.9945817072903875,-19.73892090257604,5.235121397484849,-25.839241909406613,-2.7775096243907083,3.0757788063354448,5.241268686909359,-2.481383287840191,3.6172351453242775,-2.5802797223627536,4.504521655963912,-10.460891972848547,4.732179275754989,9.910073523769627,4.143209155669242,-3.2345842163408216,1.2782508077668562,-3.6193948538417526,2.5795651845351952,0.8574545753153932,10.04136997671502,3.1777398203790717,1.7904282396661408,4.205880968858033,5.107235430616491,6.521087713793552,0.42854481536392414,0.3566752413265196,3.157775146940273,-5.763463210834052,-5.477963160725833,-5.817775714995963,4.339189885251262,3.1094579787114456,2.948643060634336,4.926406354048868,0.6810927101344529,-1.9088060976473726,0.4108762189759155,0.573170835408348,-2.6774779430149978,-1.9057557907076246,2.657695139503003,-1.7451903688208732,3.708278684377424,-1.8936310355817527
-33.129602439731215,-21.62416460176326,23.135573758563982,-22.506148413997966,14.165544692144856,-21.419363863349627,-43.98647563816819,26.1715812720473,-2.3552682943594565,23.143460858228927,-6.909440054342675,-5.429045889404656,0.4006999254672722,-3.7104508233801776,-8.703133230880077,2.477566281055852,2.853140817765224,0.3899639603303571,0.7533724572184005,1.7676627610995428,-6.330782443121883,12.549163078986343,-4.467106465681045,-2.695874204808966,0.12421923671566164,-3.418729394775571,-2.0445230631326696,-1.1889678402366386,0.6798803954856203,6.251379991962959,-8.23397892983957,-9.511848484490242,4.153415447628375,7.382495578473395,-6.488421296000188,8.148850194225911,4.661077664608447,1.7668867029654405,9.46022433450708,-6.563556060952201,1.9084719877208953,1.8154905599483782,1.0959916961086977,1.8724502834061407,-4.249774801519352,-5.784009437020178,1.5622652271121928,-8.236780247709696,4.597886927476882,-4.007196874246045
66.01848254904314,-25.0885406466997,-24.590676085364823,-22.333675560504357,2.79410297591074,-6.945547760721848,11.595477112680921,8.234061140134358,7.286798290252372,9.774888317287102,-1.9459878948043625,-3.2232877275133,-3.940801674151453,4.959241683286731,-0.0015239416868970542,-0.48014520529892524,-5.451021686680996,-9.244352137491068,-3.770987686246096,2.2480250866843092,3.1454948789408115,-3.7604252227588564,-1.1411936076622624,-0.6941341995152259,-6.244938429396252,4.314754675907695,-2.5242515226726243,-2.698583376368189,0.9497018569742285,5.501031662442761,1.8606910148332911,5.419545127556342,2.5869659936652543,-3.96729920208865,-0.3219367793307656,-4.205973064297155,-0.21966261325385117,5.055062086132135,-2.9706630390411717,3.3441249091158904,2.906879260223142,-1.2253672197245946,-1.359923998823138,4.135399092566637,-0.3759180207247982,0.8320010514689428,-0.5856141480032436,-1.5954190326455364,2.527098249654165,0.4055588205487326
-7.202701047463919,-23.39692057832045,14.70825290279411,21.340732493406403,15.398506054489019,-31.695565884102276,-4.377730827617158,-20.18547467108152,-13.646331341742428,2.7536337742382764,4.881161972558539,0.5844442921584965,2.8528518168890145,-9.226756651037235,-8.19538581869287,-16.126835061709613,20.071649323323165,5.741046876199363,11.58097708397823,-2.942881767188513,2.157286701419108,-3.209561548045165,3.978376720326269,13.59623200758004,2.2793836879213996,2.3067288891881605,1.0404885990625217,-11.219670176721172,-8.393795604546801,-4.379116424832195,-0.16248449884434193,-0.8250569988951413,4.972994144888311,11.582494490886923,-0.39359175411576425,-3.2731553191866376,0.31713552028392633,4.577590947001217,0.8632275934562468,4.34900518689159,8.396499035929605,6.78743840117912,-3.9131221233421276,-4.3098770818305905,3.7346007577579763,-5.932133797127492,-1.520029919455532,-0.6584515336165457,4.4882876973658155,-4.728186919582364
-67.99422997084388,-2.558563077741496,9.658604552797406,-51.38369383353215,-40.158792236015024,-33.54023275099129,6.96880802557436,-28.869584462106694,-12.010120239156137,-0.8831224170587039,21.95261606311468,-0.18123194564740414,9.467491620551415,-3.7270175064848132,0.6322563536672461,-2.980315178447251,-7.745497701742017,-12.856828589495217,0.10694175236007755,6.1915483368626605,-10.78641652713795,5.99283897902199,8.894112292545435,4.689699497931618,17.840873908452302,-1.4737267821103706,-14.070988611610893,-4.9000249829299145,14.05193285569063,3.2834398137707717,0.4185510748172798,18.880481860577735,0.3188243704177329,-3.026804165274544,10.711579132762212,-1.3241070426145918,6.99011448126244,-7.015133212696677,-18.719013124309505,5.400351695969361,-9.817513836320009,-0.45503435489646976,10.066917575740803,9.730788403931149,0.9891722507344507,4.013676190870353,1.306801594990897,1.3766723203732116,-9.962755475677154,-7.89144889814219
59.50458188148463,-24.063605673218593,-35.73870558818414,-38.12627177071293,5.082384998977741,-8.78854040172763,1.6711694123555223,-8.717982495340292,-0.1361740567361563,8.52461532242784,-8.561345414570884,5.952468152131626,-0.9374463131744482,10.183398257948806,8.910641098892796,-10.5166055090796,-1.730699567062746,-1.31537890866468,0.2636299465983835,3.159461313381049,-1.7038950450792398,-1.3639597685868687,-1.2072273443159698,2.932556440097249,-2.480907226860801,0.8208137820277693,0.4925535280427848,-4.4205343742014955,-0.4089722549471963,1.2908522120060668,-3.66944925321929,-0.18865801396085544,-2.2844124590315182,-1.3704934606157646,-0.15066752255390256,1.3625852336859299,-4.294589589840057,-0.8085175519107338,-8.324419831926392,-1.3839301650280595,2.9256650499334866,-5.360106353658493,5.359111289170564,0.5082182481580225,4.352915957819152,-1.8555979345349745,2.928084885790174,-4.365294349232259,3.193613913845633,-3.1251804356404866
-9.020121168880895,-3.050443253882705,33.59325086546566,-16.483353421634337,12.650597103789956,-6.943589742668743,-6.660577761289449,-8.203232754262643,20.130626918662575,0.21819640224161294,-3.412328908884098,-5.80756589637173,-1.334827890225978,11.255850054328281,4.4046500734641025,8.857609919085737,-1.4021308890995887,3.623901124961705,-2.9121416982149784,-5.014731593810615,3.636798777446392,-2.729868194225528,-5.867784793708212,0.8101205492850792,6.870313525746165,0.46013255518711704,-10.368760088645029,-6.976566873162635,2.5992024179466626,-1.2567609051848534,1.4192455910553032,-4.593499555518287,-5.472428518988382,6.819939729178069,6.163279969225457,2.348911005231455,2.5471004683208585,1.6143631616200416,4.536278879923363,7.696973086605324,3.3024795228961095,0.4210689134990362,0.3313830607520318,6.410588562830072,-5.799994182507159,-3.786417375980915,3.0624374266171395,1.5786226280889888,8.347836213786355,1.414557001050487
-12.586749087580213,-15.263041468696732,17.16104291987572,31.923122993527144,-15.140517358811035,-25.276923933875125,17.864569964352516,15.601168839499497,-12.464143663984382,-1.8023999078990496,-6.110248389482164,-14.43951917928869,8.140783772486149,5.40003522189665,4.760393945127073,-7.647883326497952,3.967319564525584,8.349266650054524,3.4801579119220722,-6.928764635743501,-2.267768630765624,-3.318801160605138,-4.539226418928266,12.243489181179578,-0.6524929096386543,-6.3707895719317555,-1.4808795658196765,-0.7529358267370883,-2.8230370678885226,3.770421062806368,-12.308369305236436,10.459117825294353,-7.982822923634139,0.3216035716641952,7.2616686741255805,2.8982682774664794,1.1013525668345814,-0.8316481687738475,-0.505285904156324,5.8129004321400135,0.4196333783860144,-4.698239220026,4.454538181238448,-1.6236172337777546,-2.1483065946368693,-4.6434715824858825,4.6407354453590335,-0.1977865998044281,6.949871069228136,3.8815645220062804
-20.520389451639627,-11.903661658016848,34.52047029243489,-15.99018259984629,-0.4933678790153373,-19.26739093515754,-0.02429190538082081,18.083221093150755,35.239028372375145,-10.730557066293095,5.835475292684098,6.93120437107638,-3.0091305515012037,-0.8012549419294409,6.575297948666149,-6.307555762865245,-12.235604323801056,-2.9992025448151765,-1.899085129771984,-13.571867186454256,5.240890655707705,3.676014271688615,-5.751358689214176,5.27012131546258,-4.264820346617213,-2.9000234919640278,-8.327124085067442,1.0574932756855386,0.8580202428330246,3.204192782139648,5.010117594004594,-9.157991554235464,-5.264551386258897,-8.223786991486095,4.877057034607468,-2.989614638250029,-7.177795087005592,0.20391480370971482,-6.401858171003785,-0.5712405005883738,2.9868900447775975,-0.430769438307636,2.024629958382722,5.28208022602515,-3.7952563101777934,-0.16691769159412626,-5.006178563908389,2.5308967727519214,3.1706756875169355,-0.6784209619950553
-2.7467337803310223,44.04428795086933,-27.858840001174855,22.740008073174867,-0.3024655392734475,4.398338094937755,-4.869466849381552,1.7434085801860013,4.709299864279964,4.714630240329983,3.6781065258585075,-2.0514556484035467,2.9786531604797273,-0.9929088682326684,3.587372533900827,0.10211262210112179,-2.0432425769901537,-6.136655859450624,7.473021271962928,-5.681953565273517,-2.8668326481035917,-1.1720245148630937,0.6006031369861337,-1.3813735369877385,-1.1973491367680607,-1.4690973273933392,-1.2917462110015803,1.74551438053717,3.213577844026213,-1.7193430407513461,4.187588034823164,-0.7374955800465897,-3.635523668666885,7.539749775533743,-0.19618745675268603,6.451758622762148,-1.6221384283186953,-2.4555550058427733,-0.9513978305898931,0.40516469843107444,5.585799316528685,-1.4890593397806375,2.5814111673471705,1.8568736783784718,-0.2948429129145631,0.7617742716766641,-2.1083327598498682,1.9393367310490828,0.26508245900703065,0.42246777600331686
66.83223171000164,-7.933376169214066,-3.2147655491840403,-0.3315467749206712,3.9356598489902983,13.94169061489619,2.5324092499616686,17.887037592908364,-11.473845667929709,-8.424751325570675,7.831905493507589,-10.26800547648473,0.5051741291405444,-11.421555047504249,-9.937957497988155,10.532144143350601,-0.8094499103865048,0.41870374994756915,0.08209613462014631,-3.9477650322982796,2.0643234230004546,6.35870745582773,-2.8775857120811565,-4.694822508067736,0.7688611996166332,-5.1035784121550085,1.248940784408183,5.0946429244242655,1.2549868453880575,1.082837801540012,5.03492545454524,-0.24221001259575944,7.385627064521738,-3.8797078081344147,-2.6767929002617685,-4.428691100459992,4.909551232244475,0.02618047342456506,2.872269792981607,5.046839192772226,2.957934061831123,0.19096654305484642,-5.532666338763734,-1.1744818548566203,2.0664673614409117,-4.545824802875563,-0.21251264249809212,5.003644195397025,-0.9327544344456682,7.682990388830082
57.543737230794626,-21.824646513161387,-30.77551477365092,-30.775032037817596,-1.6096919592640628,-6.545975344315431,-13.699609236812183,-29.941608205896237,-8.835998808621323,-3.4590904245891716,3.6981483262047234,14.764049305969696,3.8219053668889744,8.08389368226458,7.266909866302911,0.8497798203168321,4.588437542415706,1.4578393586411478,-0.7789393835491703,-0.5368721288810568,-3.415943089613299,-2.123436127773599,0.7883473876853531,1.5357066799400705,3.2995645947252474,1.9007735844748974,0.4996119714410323,2.051210641944601,1.3407660685824692,-0.20700325210704085,-3.5660836598523895,-5.133668973937044,-3.461099858131979,5.368366688126759,-2.3924284201749395,-2.5169150683607753,-3.6761894994535274,0.08016379302787538,0.09174815488074048,-4.170387764442505,-0.8656173584383772,-0.9838084890411647,1.1856496858755885,0.5919718619664606,-2.1133954282919274,0.33463001400428477,-0.36346234304865493,2.0379356730601423,-0.083472697289039,0.2917197329344884
-49.72396043932056,48.53996935026447,-61.3193128243579,-13.359510097576733,2.3501032437923395,-23.326240955260126,12.072279091337933,26.259309429119103,-4.079668318057889,-3.8872113482474364,-5.916953764741207,-15.84776228340158,-4.810435918987351,-2.070325760535428,7.249713971523141,14.596862217430928,9.619023329465975,14.338559792489011,4.22716855753459,10.406296992115688,4.727592740925928,-3.674858540375253,4.724673093560229,-0.9221383073887636,-12.438992995677959,-2.64145996204782,6.533162248557503,1.1245362707091644,13.041268694820118,0.8875179907032141,9.003127755074942,-2.2340063183865206,3.125102767000851,-2.758139205336395,-4.082751395610737,-4.0274737833447105,1.1078803586568609,0.6464152809494534,-5.175952889335556,-0.6563744871706775,-2.551131807353783,-6.803114652347999,7.3552211558759995,-6.518708533362225,1.8657596052092131,-0.8404079628815305,-5.282132750090546,-1.271028100606913,5.8645038053397816,-3.1343288931654656
-4.736269279580053,10.157216217800617,33.97976620950959,-30.187288154426334,14.868743366204264,3.4593249191207827,15.299535827886057,-1.9788179458672486,0.6145797104174214,0.3130562899574326,11.956475603410857,-15.805436722829002,-9.131971304570978,-6.205417436184895,1.4808789899526504,-0.9762948480405035,-14.227804028680987,-6.914418982978858,5.502880073952433,5.451193988041522,-1.1273427241933163,6.437696241082248,8.881611336284614,-5.219144117701516,10.732113312769874,-14.357572170969926,-0.7354068492125164,-6.569553300133011,-5.28173612856671,-1.234044849998737,1.4787130837717373,4.545853302481976,2.6551641484322466,-4.387775187244924,2.8002210247719,-0.5432366377650489,-3.51570242627729,2.919431555462406,-1.6126605359475545,0.29587539720571354,-1.8887333136585254,1.1825837215613564,-0.6502309110102155,-2.132215749423496,1.7515472873022235,-1.3261932062396158,-6.337546284586397,-2.8933191747670146,-3.5370570711161724,-1.9745819526579111
-14.099333755225809,45.75020745182968,-33.05409769367967,3.8770253042187774,27.350236881671837,-3.276518282243231,-7.4307525545410895,5.140549048909711,3.610045958134639,-10.024145263411741,-8.57619956209733,-2.971064835731395,-0.8027743379913738,-4.185451442099127,-4.973841132281011,-1.516190827188451,-5.466638545119743,8.61454920662166,-5.959797958055292,2.5349246551744002,8.52498902321618,6.729225294884332,-1.7543257663065273,15.634806642162047,6.629875804421045,1.3782121369858535,5.818260443069693,-0.49355624250746544,6.457523751417363,3.6650611260247024,5.226170460506485,0.222128035397649,4.954964733656586,7.467748838628086,-12.008321992419809,3.6046105598623894,-9.471954718149656,-3.435935955914185,1.566422936410249,-1.135164099794295,-0.6685288444025161,3.98339627064937,-4.57065147226236,3.2213031538159296,4.1166819291834456,3.3935773261474464,-2.1680705947110335,1.3521824892705105,-4.246230428130926,4.0373653839788375
-75.57189715809848,-0.41434756655783417,-0.18326010205950571,-58.74035451705119,-43.725092849218456,-40.741270484431595,33.618781296522265,28.68045862292991,-1.280178556177725,-4.875610883949612,9.07215405108958,12.485734918342938,34.92252914275262,-13.981188004026459,-14.247846005608535,-7.790619514412719,-4.227972671941329,-4.898527694094512,4.0573626196351915,-7.299750623798517,14.994951396626869,12.438764876822793,4.449399721895144,1.7190053186678964,-6.7547882636681145,15.728587290137789,1.168165933012161,27.299927837926433,-1.57707252098318,13.197760449936055,23.310374964463122,-14.913554672903524,17.31669619801527,-4.905531083119231,10.891139562772864,-0.3316282554466902,-0.32460403544611866,-15.144196118393301,-18.076361442718895,-5.896361203611982,-8.751779179183785,2.774994631354731,21.427970512362112,-6.026271487440109,13.985178973623904,10.062502126901537,30.86682674391141,0.30131272872889625,18.402822030316013,11.885320565263576
-19.89709598719821,15.49012615036162,27.057809516747444,-6.956971897075551,-32.964688902915874,12.18304484312611,11.946165220115054,-10.057535761471414,-7.097584482292004,1.0071442919609512,10.203802224283823,-7.897483425741896,-0.4338505160369151,9.254493292745776,10.72021825448036,2.789871048718564,7.466603703239846,-2.765367526392779,-5.184826024067681,16.000945854675493,-0.9276887586140455,8.11524871541862,-6.462114861210772,0.5061165954761119,-4.673327166456879,2.737832070850766,-7.596472888243838,2.0912925424428486,-3.9898864458407575,4.209716293068656,0.42609762953317215,-2.8703879771827294,9.202954344990495,-1.7095110742427064,-3.5576814227642948,-5.542519343422358,-8.978822901282753,-0.9542747724132888,1.2122498308170802,-5.2082537442980135,0.3548061174875901,10.199993838718711,-1.7376283944622923,-4.252050956130787,3.5529190630315304,-6.853338894959145,3.0572898724086204,-1.3760754046750259,3.3762709327808467,8.693909274197777
-24.316517843148176,5.960000305811369,17.65137423075008,-26.11969538503552,-11.642867198542229,-4.574300185418892,-6.317308244344429,1.6212784468244879,-10.17692308444543,-4.056753497048898,6.895643158567706,-21.26754986398207,-14.633895897738189,6.48675395701984,4.606465526632039,2.639074639473395,-6.622988141281776,9.576953001012196,-0.971426196586185,-2.339397356523104,1.6063904313380117,-7.207147309951717,-3.6785699225241966,-5.819097834215855,16.35542134292289,17.395247764507815,2.0002582952368,-2.096984840004783,-4.727599045869064,-5.218251369251993,-1.6337760496541223,2.4199594758315874,0.2395533556517703,-5.418781989894188,8.083071203206115,14.362976028687827,5.5812221841298575,-1.5573921171563179,-4.766934397449972,2.7048596779926504,1.6464310401803894,-8.706626128196437,3.035174480174021,-4.672129312925101,-3.5888521954627524,12.42291367635013,0.0992420729852728,-15.316076215962681,4.5163947076331,-10.407972233441896
-4.5904278991030685,21.13268922933213,28.021510092790034,-18.650563922017948,7.759770429347734,13.985737905351087,10.358921994695178,0.05295123958149613,-5.767512956166913,-0.7322492006874405,14.45349106177934,-1.8757134117083842,-3.241101325612661,0.8641609026718147,-1.1179878809096213,4.205544781104258,-5.230026748429803,0.14535529897074378,-2.8580675993133995,-1.7438330528332118,-1.2655894510490613,-4.395838615560023,2.800467872279403,-3.3300062065758333,-0.08130357688298294,-8.91628791154161,2.264711501385421,-3.830904720578287,-1.5023485142273652,2.8920676352122885,-3.1010664083236072,-5.3238280473712845,4.71405878678543,-5.12817050698533,-4.677940653093347,-5.049178183360795,-5.03775168189987,2.6508216351601384,-5.7858443827659904,-5.977779733328827,-0.05708993468395603,2.040788830102982,-3.1555985178884898,3.657969019959194,2.3295100746569553,-4.767023394605931,-4.428506985293893,1.0226699671320716,-3.737216231082396,0.25893300854879275
38.22929557183289,-5.740986212386003,-10.157255272219134,3.5648826374793234,-52.850983940212295,7.187801869474118,-3.5203117671747783,24.471167605168997,-18.447250730083173,-16.104047802104944,-1.3634340190448884,-6.873440636709935,-11.716400802851341,-22.605579430972096,-6.328619208321173,-1.081242631790939,0.6275750663513001,-9.178155102033584,0.6680774667157595,-5.6892194620702705,3.2913292561563874,-6.535366007908738,15.903285305358665,-6.1407963748534,21.08414710388267,9.459033678934034,-2.0447506745293262,4.935675181909661,13.067332216631268,8.077587193874933,-3.7039579466537216,-2.1562472624525575,3.3386322542684184,3.5526520767573873,-5.440266218328776,-13.570163370424183,-14.967642007195705,-7.49192776298747,23.210952886072175,18.461051487000553,-4.898838147238393,5.658817905555591,-4.105414397160012,11.982728860476001,4.209138758821925,-4.169901912930414,-0.6128040579557511,-16.173619700952916,12.538341176753374,1.8678529080476887
25.338089480543104,-9.880721011105324,37.36585166422815,11.425823329714996,31.277798305774596,6.8848036222809315,-32.427760100737316,5.994126331951872,24.377843417652493,-1.7099506004199683,-16.58351314734657,1.9874071775540538,2.531208632978917,-13.904681022683288,-5.346830712935928,-3.936278004915224,1.2695463459623912,1.3926960998136415,-1.58545828455112,6.394746611946953,7.132945505144965,0.8017457538343827,0.18123329703206192,-6.9823764652207,0.11043880088892903,-0.37929981641608124,-4.297168595471187,-2.515536198811018,4.171238072449586,-2.2497903246289646,2.577330293842108,5.1240863825824485,0.9991820078329396,-6.487252817609592,2.448279258283777,0.10579795099595177,-4.861562554378274,-5.842296778516542,-5.293917011665622,-1.57459004453244,-2.548614631541881,-0.8740818416698761,5.921324994476248,1.1855276383514477,-3.410110953330494,-3.8635150788897854,0.7708379267778619,1.0587199730735934,-0.44388645625308926,-7.425694950785646
56.91679946849675,-13.58595835677441,-7.580499832867102,13.30916842832232,-33.56565872268007,9.965001110165101,-7.5469658741378325,19.86403819460883,-2.1313311180415164,-16.780450405841737,19.283907062377224,11.079095178620076,-11.904422479257605,-16.454183434068337,-10.402483109327738,7.893017434169818,1.683552353297905,8.892476509660971,-3.9346315783018384,2.8410418027193156,7.948793770847122,6.993037794664294,16.101034933620884,3.253588301073263,11.519961023308355,2.794984015793448,2.3299379338427237,16.46192360363199,14.255740366741678,8.095313971617193,-14.269450103887658,0.30799696803553656,19.569474863790642,5.3222182089879455,-7.914376648397735,1.433742251481621,0.02086844529491242,0.6368638036098969,13.193987531226652,11.897198911133868,2.8591146923759307,-2.9446474701877317,1.3523639374635557,0.8151797528540041,5.451786175079404,-10.636055885800628,-0.8813274870683809,-8.10645700124582,8.879295669250261,5.571175986274684
15.771988743259772,-12.673029214954568,26.65895339932497,45.40517928563588,4.577818769956658,-7.856333310705177,7.237310553464638,21.71910005016009,0.6704769422420881,-21.711984488611957,-4.906394536623103,21.631892832232438,-21.14278559748628,0.3212738487579103,-1.1082402287607358,8.379197229753512,-25.0363704942208,-3.987450078276021,8.403767782950293,3.8157702930795034,-7.098329230902639,-3.79160284651088,-1.2227813476186606,0.5157488711951652,-3.1566816499276342,-9.085179169538097,-0.3424110516593662,7.317931081505261,2.7352478588840214,-1.7045281349234516,-0.36389815118478364,4.030683907243556,-7.068602354475749,-10.175332946544316,-7.703582782048692,1.3131811963001403,0.5598535092032614,4.463487774194955,-1.9903733745280419,-4.874952762194094,-6.2752734858971895,-5.1770647838788255,7.207589486557832,8.001182030300873,9.419035887629443,-2.4929986899627314,1.7331582673999693,-5.866426140561059,3.4710007531879787,8.930274458074447
-15.979291332427449,3.3860637875266564,31.605447536949796,-31.03189174733475,10.300681615657687,-5.667969905891047,7.895720731825714,-6.582088424542196,7.2600430587620135,-6.691278475260363,5.5124420913981,-8.458649973646176,13.567529952927323,-2.2350920800425205,-6.876500298529685,-3.1393878877840047,-1.8606070270685051,-5.17065397828659,1.7652429177926072,2.316685807495014,-0.25142029948710254,9.701640666953324,2.384517984707622,-0.7528955472149168,-6.881552713028895,0.017859194789479053,-2.684445353086662,-7.179297336461598,2.49507505852206,-5.295976828165602,-2.21378965364896,-0.72155728403997,-6.1740502994918645,-0.9063434103016031,-0.3479238410925667,-3.6984670704092606,-3.773098514446662,1.728547241456793,0.5454441883362963,1.2908344600812884,-0.43835368651882656,1.06090651504524,-2.1668513742135453,2.5101485044205,0.602956961153698,-2.1581462190694283,0.01940361549961146,-0.5268878737254238,5.4088191701511,2.153924625000234
-24.94903177103168,9.784640082267128,27.13473612350646,-21.311543637888423,-10.072269988555293,3.654258759198326,2.803252465080655,12.31178336061367,-5.772868944986995,-21.312583199560432,3.3979595515395045,1.991239313684308,16.02480344748519,4.536019033113676,-0.33142628167365895,-4.5331867076645835,-2.429361205913758,0.49297215992194215,-5.9598040595713115,-8.645801027195642,3.4650720278641964,-4.727235559968992,0.7422583479303,-5.968697049216358,-11.430479696649492,12.795374912906041,8.706586265025816,-4.12077592868377,-3.4258162889081913,-7.312312740466782,0.10361687050481592,-3.7335646856964986,5.910430577558494,-0.6974907556319686,-4.496706007378007,2.820909614316293,-1.8539607492520969,1.8292961571772506,0.4057218009820701,-0.765854767859401,1.776555721446281,-2.003105198802749,-1.1898389654497037,-0.6578556257428679,3.3886942237020965,-1.6003488005164819,-1.8680930524697221,3.9883744030884576,3.998485185013435,-0.1724067856845916
-29.97934060332797,4.694612593072074,20.543411972681636,-36.33857333831865,-0.14815301024591115,3.3083647762507224,9.365248711594559,-6.1424820722606,-23.502457653173078,-11.513447815979774,-5.999378658124849,2.086154089937836,-4.502886822403567,6.926441859447357,-13.162942890493975,-1.7309658204428824,-1.7784899838641761,2.5716933360615912,3.866572687069211,-8.943158225571866,6.696632060489852,5.700402433814565,-2.5522111064729662,-7.676282552946346,-13.690157997383066,-9.55268162040932,-3.6273261199887306,1.7884771410041524,-4.609887879064316,-0.14641919296233497,-6.342552885518571,9.327633502159825,0.33189272291700156,-4.48455674292899,-17.535038477239656,6.5238809013783134,6.559428326840474,0.9951592417350721,-5.623662560848027,1.6840711184740325,3.421753116872946,-9.450392319280464,-5.63777919760144,8.291788520336095,-10.041854261101335,10.18230512598234,-2.8084547616206543,-9.926963820194485,-7.983614858961477,-5.4580211893265425
-9.501214424584044,-16.360747145137854,25.977173743246528,4.379037443305755,-15.069469363742405,-5.579120656640117,-31.122528608501682,23.287026218974084,12.413949204385696,8.518319203380853,-9.793310624392083,-7.865614079081339,15.849033320903496,3.2248588933662012,-10.522788204155326,5.17365061046168,0.010513523349872102,4.8954521964592095,8.886688993760506,8.847675268536046,2.6699109014477265,8.198014905401804,5.118323530215568,-3.1629269450414506,5.4120387538706245,7.175295992525764,1.305593526226652,-8.448893651706735,-2.527910760721265,-3.3784622236001374,2.8046807427093374,3.498295051755192,-6.723027780944463,2.928979502106626,-7.15561142427799,-1.7186038942491513,1.4808242131026275,-2.395678779029061,0.062056080858388936,-10.743359531357909,4.279136218884005,-6.13704277910249,-0.8183483458423719,-1.3955676511101276,-9.473382135374857,-2.94543841286296,1.829743275973765,-5.6567864582285345,-4.8338029313735795,-3.5293342230361637
5.633742042744547,-24.246637762104516,27.928485518267173,38.394985003696014,-16.70225790053096,-11.30964581130888,-11.012382302684086,3.0226544643679483,7.276322642784849,-14.813536293144399,-3.707968014285955,-18.55376294226713,1.9423670483384892,-0.8767386496792392,0.37850014387669917,-7.788189913006679,4.701904097389894,-8.18657687761503,7.174482098439911,-0.5579949099194212,-1.0651618386993413,-2.5494857913515556,-5.086512888665873,3.0663055022186985,-9.55107760118513,-7.996212414772255,3.6724610096552905,-3.391764233741414,-1.290920963601794,8.158227859335287,-1.8960180031798737,4.65113168901201,2.5588313291440152,7.29531576134325,10.916475579675266,0.6782382434147974,5.070851118206431,0.11861155368178333,-4.928535467835384,1.29381989714415,2.7292392702804094,-11.273005009035613,4.3015034539532735,0.2092046473835925,7.759353650418329,-0.9540274761174475,-6.47326996205998,-5.947063917741618,8.600785295360705,-7.262733911861454
-4.349619032952227,11.82256917756773,39.875223381816525,-7.803734564138878,7.82686054625163,14.121507827832776,-1.810249075555474,-2.0224260105300935,3.3794471877833927,-1.7253769010654716,6.0407004047840855,-7.24185767723024,-4.870503822467128,11.627046522257002,6.495457457933377,0.8271566803510652,-2.24606337933565,7.522307418724509,1.9556200612620778,3.8631139020257135,-3.9775775241602926,-2.6466405499576817,-6.308441995448023,6.487460630107502,7.548997840595302,-6.379757170782889,1.9482996622813955,4.037264718041565,-1.2253806871661115,4.676275838140115,-5.165363763023962,-0.12809289003112917,-0.8378254016737723,4.67648730760158,0.5195073399835498,1.8458322328202275,-4.390978499494311,-0.7882576205222895,4.043693383162286,2.618907515214482,-0.8587007719752191,2.4706313540724083,4.026961630371428,-3.429427586399747,0.8747047191903817,-5.78062863236349,6.879701482166654,1.6570850468385523,-3.6769403615478584,-4.038549023058937
-4.260674086929008,19.202637584843217,29.831851284515817,-19.959055625280136,0.15872118389321332,13.742460737208267,11.466960087555558,-9.234351545242525,-7.680711759739258,-1.3370433651059894,0.08926359252511534,-8.593093376584338,3.581667168906885,0.16180815246776023,-7.186906327577731,0.0439112728709165,-5.152750992558993,0.8092325453771874,4.154449068324145,7.088146266855301,0.010252381743036382,7.065086694606672,-1.2609110388408036,-1.9702152411262812,-5.760196697260972,7.414998367848672,5.795807545158442,5.257444251314283,5.08769742446696,-1.1633008835079364,-2.3358909328667683,3.609263534625581,-0.2374855749120708,-1.6127131394593557,0.0008712417951559465,4.454296177016034,4.149731224994136,-2.6412817384649925,-2.080036422550003,1.2074749151775295,-2.383125272474029,4.553297645170676,-1.632729889922997,-2.0451077254298626,-4.908373524420995,0.7318659027297213,0.9978292193374608,-3.49217261406931,0.4361546803208236,-4.471315128264314
-6.3615903667175235,48.34273520110515,-37.54635656738579,9.61212849454358,28.176454420403765,-3.942609575634208,-2.7093583385942703,-5.911439755569209,3.646593355808975,9.801458936490091,9.311033184255363,-1.1419057484856465,-2.131654253514806,1.2986297478691786,-8.376017925839585,-2.7975387113722987,-6.484933580053273,-13.5902462762688,4.940745668404432,-4.081067063028301,1.4412838070976366,1.7722767984244416,-6.021990640480095,-5.3601968324069205,1.0946848137831184,5.613801247263698,-6.580671250522148,-3.201499424540879,-6.152826583184418,3.0009242149077067,2.6714548520339676,5.98722143474729,0.8447687708922994,-5.06092063079936,1.2865224921952598,1.4136910639600149,3.429703601851185,1.1705729181884685,7.74179550922419,5.545673471725634,0.23591798280872112,1.6860627775927273,0.05777244136575697,1.1830028582948502,-3.1097296284530636,-1.0471300809726694,5.242221877887734,-3.1754164606057786,-0.2484505365068282,1.9984686423342661
62.97779542535376,-13.043929888882358,-24.964623483340812,-12.171215308204635,-24.745711318068295,4.9594415692733405,11.336243563723109,14.982860439686975,-8.962617964945892,1.4715048338271142,-2.91876507655802,-7.42301960330601,1.3636022429905812,5.341242181186887,-4.708810903862895,-2.0872300834518565,-4.421923014157133,-3.5317678460478064,0.17241709446446163,-3.88696592503633,-3.28486465315369,-4.610910245610254,0.6613951322803603,0.10350537264320218,2.5576088951521263,2.5692778351486347,-0.6611046890233725,-2.7950546017999502,3.7427791583369574,1.8920094525176505,-0.34279368703148577,2.1363711988090284,-6.959994040175992,-3.187288963170521,-3.9190621902612843,-3.501856011710218,-1.1099493761400048,0.30537887197699665,0.20502715903417607,-0.7641107561101704,-2.2970509382044515,-1.126422872908582,-1.7474779420660849,1.6713541493227302,0.24413745318756597,1.561066517471361,-0.28330506563890956,1.104565839099281,2.452266545483131,-2.5434135500894546
-11.578927516248779,17.547320756304728,29.334754245723847,-26.170916247036736,7.358673195596287,7.023789684361724,7.022364021117712,-5.203160269522522,-13.039119768444229,-3.474290298423803,6.140644433542615,-5.533422647412417,-10.565610638205106,1.1721883779940334,-4.5837090476624365,-10.159228423865109,-11.422423463930711,-3.4378857890425096,8.378468150832541,9.58373760807154,-1.0889564838795738,7.466081909246856,-1.3806114543618873,-1.812621420227993,-6.287138056486924,3.230411718176074,5.866379755276872,7.276290244482769,2.763230071796303,-7.487889884196218,0.6878712862386795,2.015887517117373,-12.228331056280169,-1.5715692323686137,-4.9190749806142655,-6.558801420732421,0.7973052682163673,-0.776357518569124,4.256731830612993,5.17917442655893,-4.100562804868512,4.116426825648596,-3.9559625937923664,-4.770847932383626,4.468079658955113,-5.419927751263373,1.8727167094369586,4.0785753627165535,4.49331184886042,1.8474486646973365
-24.38840358499809,47.09456038976678,-44.00130304230775,10.150406479809924,11.010874232735626,-1.5285448688578995,-0.9733675362011884,12.03617275828384,-0.6706667148662149,1.7719643341840938,8.468703387335982,-0.6239533377261364,-0.19863831434123122,4.49451381470744,0.5836217856947505,-0.1214401724290537,-1.5472629008825887,-5.866283115794687,3.7821243260225215,-10.089142251588699,-0.7646905203129162,-6.016185113691977,2.818010085524485,-4.366223799113728,0.7640424021374402,-2.88802315052475,0.3540221257376867,-0.21455531631137045,1.8341232794959574,-4.4482473184618545,0.6221093061256154,2.5401000892298735,-0.33206764879400785,1.1139883535875719,-1.6395739735279438,2.840913761350606,-0.5487145491014382,-1.480071040124827,-0.5945082942232819,-1.988788115523167,0.8367442006488648,-0.22465861007636304,-1.9900959478115632,0.1258130947327055,3.87134645169713,-1.2092971707460067,-3.6844136395683407,0.47301544492270486,6.911841181079653,-2.2258710661131245
-7.726122880285958,44.94758089918932,-27.865216245958138,14.996366600945322,24.7261878481405,1.1526520648833314,2.5596121762296464,3.8524750772167318,5.368936594234574,0.4489214882221007,6.798646750330691,-2.8989176732491346,0.2751225695244675,7.596444520522794,-3.9771749541895485,-3.621740629775498,6.7087122145821825,-4.855940306731614,-0.45076564677114794,-3.943750841569878,-0.05191745338793304,7.162944149883693,-1.3751612086888365,-0.9091380947057848,0.47221935308723145,2.117894547455161,-4.66439925763436,-1.3605864021773346,-2.721257719391195,-2.0896856776128003,1.59287371297851,2.4516506191914336,0.8331961653442941,2.277473328972958,0.8021941066748993,-0.1812714096196969,-4.112360355448315,0.3751268104562944,3.0934410126517102,4.781301239210846,2.4754824061520413,4.657194102725568,0.9695675360493327,0.2593547138805386,-1.092033812957434,3.4848333699949063,3.9433867445075097,1.942628855720415,-4.468688267283749,5.984682116306955
16.318740784193388,-13.28390122969031,24.264987754306436,48.41901899907696,-6.648957106705367,-12.897384887684968,13.81151224114056,-2.425765202655073,-0.2537501902824299,2.432331468790716,-0.37043978993544063,-9.385087896772108,8.382378747862894,1.6718851321161363,-0.26944852665825864,-7.0011041348486245,0.31473841322461177,8.030075002269589,3.4254972796380887,-1.6286977584248055,4.609380051476723,0.41812460791269784,0.6200937255912106,3.406939889850146,-6.400243115126656,-6.119481895670468,-3.9887157975118908,-5.605478410617549,-4.886423667472937,-3.9417041287692927,-1.0852489541186185,0.8663952968431406,-0.7183039653651192,3.0204282910914153,2.2336759455342152,3.508683685752582,1.8733619027521058,-0.2492357757778013,-1.4469948141246143,4.714165308055464,-0.40948568112226064,-1.7803264656455051,-4.425235425869611,-1.7233051450717738,2.740322609257884,0.1726189838645967,-0.36398752724860756,-2.98599984349019,3.533344493967818,-2.1047707916339466
21.666343129408716,0.4418212756122576,15.632960515148305,50.166474338837105,-2.4037277911812054,-1.108195465975786,25.28777433097731,-1.114061234963734,-8.822639720719037,9.434110545317616,3.3898731618488314,3.781673166741658,2.0502692825532396,3.3006572985890683,6.973866492790585,1.7877743172447045,6.434299607973451,-3.998198620946235,-20.148130669513446,6.229398315187009,5.298710532834279,14.340076571599141,-0.6810785526066815,-11.407963530870983,-1.467191919338778,-1.1876647577425934,-5.898195539743689,-4.843912080329056,-4.428090362037293,-4.345807899789669,0.46777673637503814,-6.9098383225814874,5.246427793758278,3.2654153815705773,3.7550666188096797,-0.5987262562525677,-1.6836135519805973,-4.396546646233906,0.45953312644770383,-0.6461358181951805,-1.5364652374696393,0.20242826463124938,-9.516110268770694,-3.9286357724413743,-4.760641884177595,0.4982741159973923,-1.6911225023868244,-2.27994604035244,-0.7509673250671607,-4.614751588441224
-3.4298309857124663,-20.90602657205806,13.439227194027115,22.865601098935905,22.718354296844034,-14.619923141260873,-2.4464823008591057,-15.676633175426776,-10.62520026660379,-7.165143272433031,1.6009800851280036,-3.39789770318257,-0.8705325814855603,5.985835841975127,-7.757564076624622,5.876622303601419,7.214136751611606,-9.746310692594648,6.441426583780817,-6.153744149873092,-1.8085285478830868,-0.053657585601442306,0.6768536252108716,1.436788726281288,-10.305972599358446,-2.3517515618014544,4.9738904727792494,-7.898767204991177,5.33807953618601,0.4071696862052973,4.469172252815176,-9.535086116310438,10.171215533509034,8.60840288444822,19.2812448436394,-10.044805708674946,-8.1966529626254,-6.860441980998875,2.601417206878621,-2.4837099995205003,-2.46224919262453,0.5820617833353242,-2.89874052011837,4.479296269045942,-0.25978793608653067,6.390322496594462,-3.3339194932790637,-3.0571542556517426,-0.15882370967206808,-0.6377155451658381
-5.145621854763041,25.64704772554878,-4.30347360038913,21.888190361221216,10.775184526267527,-5.0374520184471505,-3.748593683013714,2.6492124957191616,23.92710693386541,-15.194094323954127,2.4602072930757517,0.2817493664504609,-3.784607664454405,12.16116342228321,2.3026561360174433,-0.9986054425091782,6.936768106688426,10.281580600353877,-4.454706441311589,5.116016070576636,-3.768564538112131,8.77031963401647,-0.889979182366504,0.2547336399803495,-1.1146003858141402,-1.0057387747752604,-1.51249616050079,-1.2750276358956423,-5.528807494109419,-4.9796312849682005,0.10588148080887598,0.6297507180102786,-6.839405751924694,5.894590441961868,-3.36587774175479,-11.049877732945564,1.4462011543566002,-2.7830435926190926,-1.91951732122454,-2.332273073521304,1.6923805318359069,3.995369982776965,-7.065778319657474,7.296968386095425,3.1061628684176497,7.25193458727822,3.8039518411170965,-1.001346388023004,-6.347869021262034,2.3627880441941747
40.26741709224301,8.247703082853242,-18.61676557219374,1.2520245947636797,-33.8455437594761,13.631968798168906,-15.028507259926242,-18.986141945285137,-28.770291414293276,1.898911263806268,-12.241651851962697,-5.969878627421649,0.4536236392915576,-11.698960705268911,5.509526742927571,3.560414936670754,-0.8968171673231649,-3.284128873514124,-5.859691413375277,-11.989836158937651,3.2743639697277183,4.929939405320972,2.1590897687595163,-3.322453034060515,0.4034103891915255,-6.980475768441628,1.9083206952143197,13.13009173892096,2.6430693182447054,11.231199544299237,2.8787893718370845,-0.6145319309864893,-14.679058674656869,2.544923928321791,16.44717035491262,-2.417777073003582,3.9339654296542284,13.044557821571532,-0.7218267929461317,4.831235686030005,4.716168428446703,-2.647802702639332,-1.0609045792928775,0.4179769027267797,5.651503967391444,9.838867639136438,-1.348462005354876,2.6957949682490563,2.92322445696821,-0.08640667552939217
-64.60461724935982,-68.9945745703461,-27.61520063342727,7.218269448766418,-20.537605086922415,26.30922355231669,-4.559835117054525,-8.612201207429347,-4.239271956983672,-0.5025226164958305,14.343720872226845,-11.127421555980973,-6.798225386136633,-0.8804615429251681,-5.589799241921121,-6.155448470166747,7.911493551360394,-9.956110743160263,-9.040734516901084,5.398689693679703,1.148040541225589,4.280647757805503,2.309335523904293,3.802078529115978,-3.189647583618659,6.699818945696734,2.6579505953049862,-0.2714673146368779,9.053173559110883,-2.9964228720886417,-4.512043894765882,-1.1489355719766567,3.1106400082630117,-10.936709403445022,6.156185764257685,11.670970724053756,-7.75100547717696,0.11505011955990135,-3.2302799432456033,-3.031568848996227,5.917627414536121,-9.230253140306866,0.11366115556469089,-0.48435818545077086,12.018437662171154,2.5866595537276287,-8.588605615604395,6.156843826333775,1.8055457541883513,-0.9527813470582951
-10.59687605670253,47.62545997088262,-30.980634653088003,8.04542608852412,13.00644214719495,-1.4054972652526867,-1.7007009497660162,2.005840057194288,6.607071628378829,-7.144200535206587,-5.864628437926684,-10.51176244977769,5.529672556854528,1.6875267339888043,9.169052781650915,0.6352073645692872,1.0854581389010467,0.9973267134834713,-9.482303994992263,3.18533666250439,3.9017367935379745,3.814452713776738,-7.8294879180752375,2.530027980225646,-5.4927237882378,-8.21549205357921,0.34989665569388,1.1251922659792786,2.720129580733938,1.6144958921594499,-0.15240301055255276,-3.210250491122632,-6.032246484447959,4.512868505516594,-8.032675203714566,0.1437073814647038,-4.347274425837339,0.6081252841446215,-3.763244357172712,3.4645739601257004,4.187988543424434,-2.6493601090584344,1.5264481898126292,-4.186118307549352,-0.7194164843198458,-3.3993573521826748,2.6387094084507914,-4.557341967626858,0.9082849527375436,2.9862005569170322
-23.219411389491526,13.84806566914754,19.890116823330978,-24.39540853873363,-16.03958830936331,5.720273787039861,-4.115010883646417,-8.376654186905816,5.229297410564576,-4.061544268171205,-11.893092047283043,-4.982625932021581,-4.8885124124268255,9.621193800747635,8.934668113245724,5.110393086665064,6.6649073183617915,5.604670746210604,-1.1223880285495231,0.27158719073377774,-0.2887101751361833,1.4077576278226438,-1.9872286287010898,4.357696723201693,-3.4106860215279817,0.5217244021412636,1.1898278903007213,13.222102296618035,1.403041331104834,-4.750378169911635,-8.209150147102884,-7.755485638930059,4.74532398702748,7.698483104261392,1.9275449315039017,0.8378242491746831,-0.37778897213049845,-0.5097651569317546,0.5198717275344452,-4.369674997717955,6.569769817434213,2.9086653389635053,-3.697774792947054,-6.127636954912016,3.932878240761869,-0.6724621088750447,0.25514846259926666,3.9270882774193008,0.16876578188853333,4.081260779563522
-47.02519276884788,42.01972363976778,-56.848183228042224,-8.421103636388722,8.365049671855674,-26.581950158994598,-3.3006843556929444,2.3024027641583973,6.028008461730944,-0.1564738530624481,-4.382997895470186,-11.16827713795513,-8.089157707679517,1.8007371403751173,-3.148002146289308,6.524985387015549,10.693748874100667,-2.6110905309964427,9.353493575112601,3.140776731553327,-1.4577245258233884,-4.552446897256353,0.5915798171893972,-2.012499417702399,-3.875330476302081,6.251828854909861,-4.5691237440620665,-1.2863481412920794,3.785664653986107,10.01655558798756,2.821049142222923,4.774498885634346,4.707393533847822,-2.6996847984747063,-3.0179175470115958,0.8432468521427002,2.7920955878780673,3.045072059375875,2.0521559211632185,-2.7359361681065786,-8.986123265329917,0.8338292414110959,1.1543464179781486,-2.1774416374617886,-3.626792840666477,1.3376037009107058,0.3569385645168197,5.551955137928426,3.1257677859600883,-1.0199845503323604
-56.49156181681157,-63.53183982636124,-37.50105821223481,-1.305451174015152,-15.38247027063733,12.124047097717282,11.857813788939081,25.790640279946448,11.501101488460412,0.6086121503584699,2.098402032559195,7.189639712556767,7.059279907291177,-10.689752920276776,8.75754419187425,-3.9562207407084236,-6.9658780194474295,21.203751958022057,12.12450132535337,-9.485902444199375,-7.073410781236338,4.2072271887431585,-15.559759487787083,-6.921009673684764,7.137629353070975,0.7978900172196791,-6.451472659361848,-9.787557874161088,0.8683906735729263,3.32639092976043,-3.718482313909107,-7.698735930826257,8.121735242405054,-13.91770588308402,5.997451977669218,6.728499553729493,-9.46871815610792,-5.079301913554421,-3.3271569067467937,-0.8480071671061254,-0.29152715684872876,-14.311569079374607,0.4399244885571179,-3.0741619906699555,7.608361267723519,-1.3239402283121962,2.550264425295272,6.214152256662781,-0.90019663402951,-3.1031886667735287
-23.350109892141834,8.264467591913748,28.852631685016412,-33.76739041577573,13.397062880015067,-5.938121965049149,11.955349399279706,15.829735106854756,-3.5137041638519664,-9.430534144389169,13.65392568737623,11.134503765437778,-6.050435819745892,-1.392722243315395,1.8391896304831594,0.7183475459359298,-0.5021273167094035,-0.5688836088759017,-0.43688562547680304,-3.942706592329245,5.906626323291579,-2.306079653583767,0.31110558008720657,2.582121957370558,5.553865077090823,-8.372771135718013,-10.540479591727156,-5.711977037911136,-7.92068777132752,4.237046344601528,1.7614760991380105,-1.8274175230915077,-0.5601878414249563,-1.1926552551814744,0.3515509519919205,-3.5918543152204445,1.7492048998471905,7.055500084982323,-0.08607157751155184,-2.158176633496332,4.870620823491246,0.12370754757904606,-3.6968739582174197,12.939288492952116,-18.032426920592616,3.1787656468350183,-2.1074800541408156,-5.137100227428775,7.2889816716029925,-6.089335005933448
-16.4717409152967,9.575408683216349,23.620455493839476,4.559154411680723,-52.277335670119314,-0.3503870379377742,-11.002668056093311,-29.727192630329125,11.535321026082583,8.300412658586387,6.6980724047165925,9.931410629626606,-10.513408083998883,5.875191653787092,15.807468142649538,6.428716275910142,1.8436671750563522,3.3911924402447204,-9.181899907394646,2.196235694862654,0.6495415054872732,-0.4937537516801561,4.370261804251228,5.39870809325949,-5.391429978615932,-2.2349740194228436,-0.41834287071291576,-7.077549605227136,-5.688813910891407,-4.465333271373217,6.93698115269157,-7.511295673089852,5.978038656815166,6.4187228389319815,-2.623369508331961,-1.947985345376607,-10.703265168745746,-6.270072081155456,8.606702909861054,5.774018747771785,-2.6222075918353513,-5.594349204174609,2.329451160972235,4.976691345930396,2.7134278371220835,-11.04252360618119,11.433452881231194,3.0991387847333316,1.9673257133049753,7.890999795873745
27.100615154216587,-0.4497240448266944,12.307996132789311,46.00772573809407,-3.9879356680847637,6.971544595458955,21.224970569315836,4.561710579022996,8.292724301054092,10.831453120753643,-1.3339193645156,-6.71570308931215,4.290139509932967,-4.127669098663047,3.2794353308050423,5.495672371403588,-1.7602042781760414,-0.6211423639254149,-9.450740384715377,8.893301840935191,2.7448864753063575,1.6076061497172278,3.0710383361038245,-7.92530982124401,3.875660910216922,-0.5019705565820264,8.60454988947899,-0.15593188549744974,3.047257752081755,6.733692039231531,-0.051470270189002396,-7.913114817927188,-1.4374098404410323,3.4831246588643006,-0.3960590089770262,1.6140011603647175,4.588671035305015,3.0419232817792716,-1.9033306877268354,-3.119585855691111,-3.19763202007211,-6.13320463872085,0.47348575134717164,0.46813268920594076,1.8033075326229602,1.1946841085778757,5.147232876674992,3.967771968979693,-6.475987685755598,-3.2824555183350794
62.05878971681189,-17.463341858945046,-30.076182765185507,-36.287183967309915,10.884656865888585,-8.528934602761968,-6.41332569106301,-19.02806433078905,-12.293908698251187,5.665396328039809,-9.652323232605491,-3.7341075082558883,1.0469052413146407,1.7233206883886818,2.4062660058256284,-1.0640073292954477,-0.3832379184135187,-10.204802776666094,1.4148311348444664,1.1255673360432947,-0.48031932569557,-4.393846590173295,-7.486523689712218,-4.88803314466908,2.153711552968453,0.9596088208937009,1.7504968683165731,5.259990438079319,5.830331034374066,3.241443681371003,5.248923797270578,-1.4026091510780994,-4.638899859846864,-5.784696444441136,1.70564275353729,-7.286810429277404,5.449389929193183,5.862587473837432,-2.183449931193194,0.8700974381868437,1.3294562662482607,-0.27889457399489276,-3.269596349746951,-0.7796310995155366,-0.18806101700871258,5.907864439555973,5.723965161157663,5.021075207533803,-0.9550674213183346,7.564999127681364
-81.75539184446905,-69.32400750853202,-49.84572480726013,-0.44153587121077315,-3.3033551422001737,21.09197403998979,27.23815324699036,12.756068182075648,8.265609102163141,21.569047598056695,2.347832768814402,-0.9645938686029759,-5.278790561659921,1.4527900491811552,-12.829782480568516,-1.4071164846480455,7.432302692899233,-3.840084853017097,-8.081025677434004,2.6800278159932764,10.572120823764333,-7.18106639501052,-9.82360379203139,2.186965834889856,4.837091440664619,-7.422559277968424,18.167385288647807,11.142201604657416,0.3144364311473548,-11.931939923013648,4.543142962057946,8.642671999627012,-2.932014519722573,10.761422808818958,7.113173547239305,-10.5194594528162,3.8747768089955716,5.091237291176458,-9.145193415663483,7.965955522179872,-11.018491075691172,9.247202381224493,-1.6172340772334437,11.185170161195929,3.124046169054419,-14.939018472387856,-2.025970247394954,-5.930868011049696,1.444315754249171,-0.5966501388124203
18.112317823864224,-15.051798935032384,25.40576404859879,49.21214244427336,-5.560925855154153,-13.752811941068844,17.170496895656765,-0.6004482676715571,6.594666190584289,5.817222742087988,5.221582353741122,-13.442427557537464,3.9587121816307906,-7.943290607572681,3.3738790473687974,-4.380147600342424,8.510638085291776,-2.9040077752512654,-3.4104169499575288,3.5227077745941617,4.3887700299174774,-1.590841409964977,-3.7049223266546005,2.252407386814348,-4.835582620296218,-1.784373494094853,0.37500918657450205,-7.255579456097048,-0.38686163504332927,1.7385735590301927,-1.1944636752491689,1.7619968612490218,2.3735268500001308,2.5251242755246794,-1.871511647724123,-2.609346493691788,2.3623320105394097,0.007465489273030034,-5.582562988012393,3.113710691115082,0.7726438370484154,-4.122112160597856,-2.3864460803296934,1.7007600910995513,1.7064077117046477,-0.1455971668283429,3.238666313878477,-2.3659628337676724,2.290757030412934,-2.950315692517459
61.115077662107474,-15.732417252830487,-23.147006193382392,-9.682225144744653,-31.49763592304683,0.16509254329721593,7.829978000040982,18.19772399903158,-10.722654546988302,-1.389444262315107,7.030862084206144,-11.540226155411771,-5.005521880481115,-12.234631909028478,-9.47754703028511,14.611935088119333,6.234419691842608,-0.457762638792741,-0.8776657210963855,-9.49311527536863,1.2018098735298473,1.7910812903484727,-6.409601983867916,-3.190879996466282,1.9568843141924535,-4.4123090860311684,7.634256338711237,0.7462579809333785,2.672734577400265,-2.8509671193002086,-0.05533531117417844,2.633109858450431,-0.38526670589172013,-2.937830047975531,-4.246730755904596,1.9671528290520774,11.523181862287107,-2.1758539265381733,6.678720033808793,-0.7307170869871883,-2.578586489852239,4.130712366381781,-5.370589693895457,-3.84781484046153,-5.331086209081125,5.694868863528318,-12.403363851020117,8.741263500856766,0.8578425223545397,10.8167313957581
66.13409102632913,-14.053385897004565,-23.824274676024558,-21.356206654853327,1.9248843704793122,3.7669438397086266,-3.767573572516597,-14.772825730725874,-7.207168152927353,3.5845167707810517,-14.289348757328984,-2.286354051551446,0.09262749491044221,10.35514616377292,5.665438997656058,-5.697750976383507,-1.9689447763516796,-3.95314434586663,0.5435190897794704,-1.1227797960928787,-2.7354806827181766,2.7556427563057455,-1.4474043951374915,-1.0807941955217744,-1.805419783427857,-2.459383926373559,-0.4251879780841686,1.39950391782734,1.292162574762569,4.287861805094224,2.141225895953807,-0.059379309957160606,-4.500165370241404,-2.209555271077066,5.4170213108255005,-1.7665512712479259,2.745534270382532,5.427987920031121,-6.007727834725814,1.9118745201967235,1.9545042302117184,-1.6310135538363124,-3.1826445941271535,1.0145304646795412,0.5833428561338603,1.322136524890019,3.2170888599359007,0.7173691645732404,3.5381735405457744,-0.5940495588752264
54.73185579723326,-31.619425322763433,-27.572320010245086,-31.211321855409533,18.205845635797058,-18.288183123298772,-6.219686445639282,-18.244621743934065,11.41486912109232,5.811479423954474,18.37241429588694,13.879299083523975,0.4101665802614159,2.4006520980714297,1.252451158903872,5.546195961271571,-0.030723398748011745,7.3897248637820265,-4.311734311829507,7.291342396743765,0.8011476069911125,1.2249887135596635,1.0626507259158715,4.949660145977706,-8.20491742332337,3.3443695822613555,4.369290504453382,3.1406417800267525,-3.0027941797677893,0.14015828760741103,-3.8709108870078826,2.5347524187886346,3.894522990435308,8.989431306266376,-2.263090165945756,5.119468831712497,0.09748500168498787,2.2923780817465524,6.5180681812680215,-4.650844288677087,-2.230894877455474,-1.0062007360567025,9.460649246423573,-3.5559112533350334,-5.301887567751012,0.7971149576404215,-1.7188982499992782,9.165218825998224,-2.55778073434789,4.312082315670399
-20.714063963371775,33.16339994144915,-35.57631712851943,-13.550344541481484,23.177605266753606,-8.902944436619473,-3.9015610219358523,13.047883204269972,-10.441872900059398,-15.522898847125434,-18.48034493774839,-1.099079419775575,11.62078685076853,-7.885078589931635,11.17461934590178,9.083474458928134,9.673354947174216,5.224592743451097,0.8044645356506126,9.265889421331948,3.8776917243609916,-3.586130453311898,8.059033186860773,-3.9131123867666684,-1.1440402286839317,0.04061562566312676,-2.8304658305060224,-7.741157537265773,11.232405877341929,-2.8182438185404917,8.998636506077174,-2.4614619269936946,-6.036641640873446,-0.1461149721822166,3.4995227475629087,3.834883302697273,-3.142888831155095,0.09670647127790373,-4.733984100348791,3.4544003712493843,3.736575044249973,1.0584934370285182,-0.9272101131838708,3.3016390702228677,0.157226377292885,-6.685292160628295,-3.184645487541594,-6.102780775419901,0.3202996074469221,1.2142584216261787
29.00704207894528,-6.779773665747415,27.516451954969067,41.00161584838075,7.260459764266051,1.779112081366146,-4.813420415973852,-13.144325428332701,2.0120467304646605,-9.155080617396397,-13.403052965233949,-7.921307152680174,6.070363607950555,0.1695373114997254,0.36025773245018633,1.7820189254886765,-2.7868670147566,-3.381619474254359,0.9854719919957561,3.22025795464919,4.953128510933164,-1.5263091951570724,-2.6309128847431973,-3.779726847916503,-4.234668176445469,-1.761536310230897,-4.6716282887328,-2.835517764778934,-1.4798079436418796,-1.015278767271726,2.8121949403608557,-2.6394951549412924,-0.06470367084290801,-1.0455217323077008,3.5482628885014638,1.847876540603673,-2.379612421616652,2.8389344689483313,-1.5610157342521325,0.9244199246918298,-7.363895045920702,1.3858640090228038,-0.874925930764662,1.590457487112702,-1.6155588023847052,7.135546818755736,0.23632689271685425,-0.2264431097655511,-1.2873823056522569,-0.8818845180293474
-11.47866683511586,52.441366394206696,-40.00339030463351,20.844597746820195,1.4102964834492495,-2.330948856282709,1.2447288263915757,11.2152785865799,9.867902295546118,8.934048453085575,17.03728180596699,0.6220463534531666,2.4471319230379716,4.960525314050065,-6.007197165937194,-5.570391486444797,-8.69265552180677,-10.36685693505396,5.3722302497692604,-12.715879502104732,-1.4432158494026006,-3.222744454220686,-5.391665218431568,-7.863616550022846,-2.080806722052156,-4.2735544623562465,0.8266864632554527,6.827898078803569,-3.9617231324517195,-2.840464050414611,-9.747958458425105,0.985188280353539,2.4894109877153,0.7543377650702311,2.4888796460583276,2.0623475397971136,2.251841789990763,-0.7803775528319256,2.0336049012655955,2.0551535277465827,2.7918484256577845,-2.728685432722399,7.111010805635051,-2.206896143194639,-3.222963276962753,-7.216297241955628,2.3500178279138066,1.9890155098252067,-3.1077355198394745,-3.6555538399039533
-7.018360707166763,6.741138710004697,18.997537482680332,-3.4215602645713186,1.2813960766986114,7.208180085262701,-12.617972794805171,-13.254284745640426,-6.15929293918644,-8.493302985216705,-2.4224741724268615,-9.989243672644704,-14.56764732517874,20.099769814835327,-8.627628061132658,1.190121212999977,3.04949411129197,13.050278184781268,5.111087786165486,7.20952798081706,1.2344727863825211,-4.486006100606321,-2.444193983609908,-12.38052661364853,1.9659109360468967,9.83018944685844,3.835320425512676,-3.1387347620597064,-7.412924889122961,-4.618746854931334,-1.7260903508725454,0.6786387274175056,3.184553700278864,6.132363293258625,-2.2835259013841047,7.967225294016666,1.5915221436806941,-0.3291032133877952,-2.4286287070195285,6.241765563274774,-3.2498505788050864,0.4171743376614166,-3.0032431935965316,-3.9778814035320775,9.022510949181967,5.513505046528976,4.7468264401192455,1.2745241735615562,-1.5168102543399886,2.242139504089787
0.02750842420353337,19.345465489036947,23.937414706526468,-3.934837624578783,-10.606590475791016,17.56276448837435,18.09354891250685,15.685162822049604,1.6094085185348947,1.346520401058646,-8.660372623819264,4.09975709930327,5.934302566924286,-0.09134591502100194,-6.915054851091371,1.4331793410035454,9.235782690046387,0.529718756791,0.9243990302701058,2.6086671665437415,1.399951675568894,1.2782913795308808,-3.377079641490615,-0.5495156672059477,-11.309073936499484,3.3092016378885303,-0.5337822385169639,-2.21403218454565,-4.80357721034662,1.050154914549503,-0.21506402487516804,3.0078944413977626,-6.761763093715849,-1.125782206520496,-5.703766922902592,-5.185344465636872,-4.2756536696464185,8.21040658916875,4.174711153846148,1.7428046266639525,6.50859209785591,-3.525793830069577,-2.093261045522332,0.3510631824107246,-5.793450322442074,-1.0641277260004376,2.8706245582441245,2.926147846349375,-0.8866347928871592,-6.9084395987966944
0.9074327089729456,19.11159428545163,27.404668105843456,-15.013187732073124,-4.09706133641894,16.334387616368417,5.417887023974531,-15.491117982550275,5.976763167583711,2.8772710975520064,-8.454127732276072,-8.102281885640716,6.305140585842548,8.100850500178307,-0.26525430643279463,6.679454795251372,-4.514959985667569,1.0344814413476247,6.28495925584791,6.766686407469516,0.425029343797173,-5.482218532846705,-4.213736620237479,-3.6842226655708052,0.8718855925782609,-10.061408994935473,2.1893853828272056,1.4192559447262167,4.444454587417551,-1.5140887189594063,-3.4676560348905685,1.5468088180893482,2.308159083503015,-1.0373452111872048,-0.08218003001438744,-1.2133306503027925,-1.0870959554331092,-2.7749648300493983,5.827566375655882,1.543053579261374,1.8751917669107356,-0.7681787168066865,-2.499577051080125,-4.882903130707209,-0.48915254886131015,0.9967146968016642,0.5841947762891675,2.7587243132416246,2.069013694853109,0.31841346842080537
-102.85971972995543,-85.23470967045563,-64.7793749817047,-22.557210466588653,-17.975250616255018,3.0921493759772725,16.006136276646757,13.79032117961697,1.7466258144849858,15.717201101147738,-9.069105612208523,1.5793304731493247,-6.239595367247046,-7.981720714781363,4.164887149532307,-3.5611625879912845,6.6435494746145025,15.70729686839156,5.5670116900818964,-2.5927199996255776,8.587408984246471,-5.837733457332123,-24.430435733803154,-7.019138578729615,5.8533118391254995,7.509729922303011,1.344328153712213,2.1180586342488525,-0.5369638262683276,-8.460009376866683,-2.047512635218396,28.729912181194198,-1.3017653831899834,10.790437749663651,-4.535039159842324,-7.638730204771601,-5.768411825597479,10.222331528078923,-14.152914063906097,9.170485019407856,5.890321271260659,-0.9043671336894894,-6.4377614863777515,0.2357111145830201,-8.618121438443238,2.7212229323209494,-8.12288268350017,10.051766530067493,6.687141192865351,-8.770413338791007
53.34782813582508,-12.33564504600602,-19.25221863649001,-8.567636343815451,-6.979000597083261,6.145457149418894,-6.308363697095677,-1.8707492840712072,-13.882670448125781,-6.172672733311809,2.432370593063019,22.269455725478018,-2.2227811444959826,13.221472528918941,-1.709466114481773,-6.10091204063207,2.8230061659446273,0.5461847455668624,3.63575745299847,4.662699032603749,1.2553326918568712,-0.021706178503408502,3.987366922104557,1.5243669387111847,-1.6634033165668918,6.0444161674727095,-7.6234741775292765,2.241408136946515,-0.17236153397121637,-0.5672286154468352,-4.889219645504283,-1.7851262316776344,-2.9931429956053335,7.650385553384405,3.267035247144751,-0.5115090090907382,-2.8997127288940168,0.8042226972351989,-5.569980671444429,-2.395349036014569,-2.615029188281286,-2.232355534770438,3.4167555092081208,1.081417160820386,-2.1677060989321038,-1.3707230765566834,0.8574984853573815,-1.4708676595340493,1.164823527340494,-1.5391229693180675
68.5026010981798,-14.597672388999648,-23.13382101493255,-9.010317226686917,-34.63193722083597,3.7715531116699195,10.158627205976684,22.551586817095576,3.7667077747540714,2.3367114901854116,-8.107440500622989,-1.8520385329483118,-10.69694031779346,3.4594478265863944,4.311160404149192,-13.583134803194307,-4.6869231249017425,-5.774294756534836,-4.018534794403395,0.24536638375998426,2.6270224133925253,-2.0274445288381298,10.500362360346466,4.386702956371524,1.313121852457352,2.609974175483202,-2.0142436697972794,-3.5032762768265693,7.40177606752428,3.3667192678126465,-12.217242840115679,2.056450046043028,9.04923888047166,2.175704739419771,-8.277419504248291,-0.982961413351062,-1.4956052542990168,-8.300034171082919,4.852273451037425,1.9601111507192945,-1.4988154223113799,2.8180960700365185,-1.1023160892472297,5.113295294834196,-0.2457016953908488,-0.9552044210919962,-6.396352563472024,-4.259215490616185,8.174719937003076,-1.8929945808676265
-49.72629348340759,-55.37139889374929,-26.524675900625596,9.450590815416247,7.080247857498417,33.36553802485487,2.955539376418531,3.8775253521536115,-0.08582061505634207,-6.721715554531086,-1.3395789251811399,4.803490373075975,1.6962507556528819,2.8889903389916003,5.5876895364731975,-4.103022297030704,-1.949307871874225,1.9343255573056573,-1.2123376569802262,-2.162646596843791,-1.2501634550689165,-0.33789074498647204,0.8927822565758615,0.5396980338298414,0.21293402268763156,-5.603867425742684,3.130384355450704,3.370488759130542,2.366305435257575,-5.237182060784762,-4.2187385257171375,3.1687757912359373,1.9352269617075508,1.1874724231297726,-1.9643919692175453,6.335341391063852,2.0536913596453754,-4.0596279868765315,-2.190901647339896,-0.47749862546017824,2.141401442233776,1.214781032236946,-3.887673962210245,-3.887727931737052,5.040382249656546,1.5360075491320153,3.1718581245269983,0.4100423772561387,6.320531716068738,-0.10507913924349409
-7.973128134746595,-2.2198571438984525,29.348819312657113,5.022198652281158,13.894156433209396,-5.270251130935013,-38.306262333594525,38.9307197243576,-7.519576814476188,20.493739766489742,15.897562096966693,5.747585205096006,14.495584640310733,-0.8020593241065588,1.309223403415393,-4.509144597082335,-10.56701021037873,1.1210518372760236,-2.179509658554233,-2.9197153204742667,-4.863663076049844,5.204178512205349,2.434189490444098,2.272190438836504,-1.0405418555557255,-5.669189422678048,5.01241128057234,2.373898587266815,5.224334063877703,0.3494186784380372,0.7421087607918083,-3.901714160072135,-0.22577087759414302,-3.8851687474540157,2.712225288330863,-2.5240134480844665,-6.360788200876621,-0.20776401595390984,-1.2162724864847947,-2.6103149872026767,-4.326142011163608,0.42811706577548203,-7.303607030588325,1.9663273352867183,3.689349795870278,-6.18456031773534,2.207807288236033,6.148549772916312,-0.6028084284896517,1.9762244588577587
4.996530172360215,-4.668992268056768,32.99756718420788,2.0671898499090244,23.19996853533362,2.4707352557733535,-29.50575493479878,30.28186900703236,1.6354228887450115,12.345509165384442,-3.936860716677009,1.6236475394653145,-6.014125421994783,-14.488963714074517,1.4768929324425069,-3.977144066270355,3.000288534427349,1.049456223374673,-6.892804865073761,-3.7931030196170847,-3.925732643723704,-2.2365679144088877,-6.514966759054467,1.3532939603625536,-6.608086754560451,-4.3356092384088605,-3.8314721388441497,-2.3168862773536545,4.019625042300617,0.739635795788247,-7.775291002178051,-8.04165814916636,3.596798771939825,0.4414165674796862,2.1884134687414925,4.275504694375402,1.6776035347020615,6.524096622731937,-0.5351342646823857,6.327119501203723,-2.045140526607576,4.837378131164016,-4.041309202608327,4.732274042548312,8.643339182746155,-1.8873643286383999,-1.0987401524627431,0.4009871798049085,1.4818417952588807,4.1564260406849
-1.3104636397779825,43.080400280931855,-36.81284258125062,27.381129985362612,-56.83856079097923,0.016298099547772275,-32.69484986196931,-46.74327093306974,13.031503876116235,-0.06094242693484193,-7.511466980268591,11.692220023260212,-7.799615366737942,-19.379440865285417,-3.6646423117186777,-6.310276582681227,-30.050624447153776,-0.6069369888570744,-16.242529816908554,4.73715814762843,20.25091549650722,6.128398544713752,-11.157987784336912,20.698019124969278,7.0988683379220525,1.1808093394175239,3.172601712513958,-10.528365084664754,0.2842230436542554,4.201391234936335,0.16732302260380674,2.8822507482736994,12.84465548799594,1.2017371796134404,-2.0180108884497647,-0.47303133257273666,-4.111717917688458,-5.112954539421159,5.561039756871956,-0.9559167387184193,-7.523137751678379,-8.685273493718869,-12.477356277198991,14.291792477162227,-5.298445078791989,-0.40407850070955936,3.1543376537143355,4.929069173246992,0.911551709941574,5.259407457910009
17.711700600674238,-8.94783925170948,28.708994967707355,51.613782647261125,-4.330926659465068,-0.5547262624747411,4.212363863924504,6.366321119789258,0.19589893693093668,1.6104213981584679,18.399452246244664,0.696306120102322,5.508422518955246,6.225724390367232,2.0395473564436797,-6.333332750036885,10.182520033619504,-0.39235999065292965,-8.039068989329413,1.9043722967967667,4.107790448395494,4.416321031001503,1.178455220497701,-2.777777984211959,0.5646578447699425,5.555039908613509,-4.703071051407092,-1.3403314426599504,0.725011334435547,-1.9362816393468643,5.156781334764737,-3.224805187959965,4.088247392971268,0.9162926903283154,1.3211466820782933,-4.1993059254239755,-4.185451878203436,-3.382242087820879,-8.660433398880567,-3.0599232173315856,2.680453611391241,-1.0408222990222038,2.5734403039716063,1.085937544785868,0.338043980702987,0.8822131310809899,-4.620846660810649,-2.3319853927355947,-4.838652905166326,-2.3639227318432643
-36.93835672906415,-51.42358671513078,-9.190444672789841,21.337396466938323,0.4545741670814905,30.406231058727876,-8.054912639703982,-4.52237295080903,-4.353424489765115,-14.664943532652508,7.022163063754556,9.149894075496157,-2.08405803248232,12.112200391590145,-6.872607357114253,-11.921418871406667,-4.916227412903939,3.1539751451222537,10.831744645859468,11.445381687139239,-1.8916987179251368,11.25739842509564,-0.8203459424377759,-4.1268285134071885,-5.2791993525494245,5.070642520490849,-4.503542705737413,2.494980040775053,10.535295856841604,-4.294504171203654,0.09090531152807792,2.571596053784413,-3.0471015127379575,-6.399121126995729,-3.9045765332637505,8.70850177748158,3.5213462645072573,-0.6376911346387925,5.067005512162929,-1.8942497090483597,1.5606587070614193,5.03540462297426,-3.554344778780089,4.09091229566802,7.5642350990307925,0.023414682074835286,1.050648585207847,4.061871848016076,3.2964463181942247,5.89782836438907
-30.37390664945836,-20.76516852742328,20.063093420931526,-12.153496113623861,6.340641912179882,-23.741730206148702,-48.210035605833795,28.467555608531892,10.614553989137143,31.233573058927313,-4.633968961600546,3.323515617725944,-12.789488439464522,-18.612869582150132,-0.20299073187729363,0.25257204633146674,7.693285051050355,-2.364565490610999,-4.657005608504265,-1.6317035436280767,-4.584615931080858,-0.9232047498823538,3.9950617607544916,2.3011981067837413,-2.871818821162745,6.426644453716434,1.2700252068246016,-8.025868174429984,-0.8853038488974355,3.788696840817289,-7.3142069423092435,-0.055541742390155385,-11.222540252954351,7.984479805863038,-2.8637178592546375,-0.19919283224129045,5.327005849346135,5.4026124791319,2.9603361273309425,-11.737000741357166,2.0578291787527934,0.9004953345036872,0.7456891633952945,2.5221222791854276,-5.914982343986531,-2.1348846397585786,5.087271528478881,0.75367690510727,8.341767700207674,-4.3220055983668475
3.315976820122553,12.970791686454692,31.30356229632759,-11.772204811437263,-6.0122350616098155,15.376403035149812,-5.767631765681377,-6.278766007651216,-12.646233324206,-14.515688601418912,7.057345378953973,-16.949951071903897,-11.392933843916287,4.886403657172602,4.570171343184274,-0.1536133907771502,-6.109798797682989,4.971133665062268,-0.6627575702085403,-0.36883805292342653,2.6915418390901835,-1.7821390467650746,-1.4843903137840746,-3.074727477261494,6.319410460714124,2.52880090674868,3.62330386300961,-5.992153102062231,-6.132407538755302,-6.491992181260335,-5.753050143501017,-7.138752834841233,3.5915288782499752,-4.11546175135676,0.8014061266625786,3.58434121302365,0.07460648021037171,2.071768625523805,-8.333811870316488,-0.5457709936946348,-0.07031871671045432,-3.9074772241841784,2.3274990235686603,-2.192226434432952,-5.427535502275845,-1.5945439809877584,-4.448237944377755,-7.235696134958743,-4.33216958063499,-2.612431725147717
9.183811592871363,22.263351128340815,23.915945329393576,-15.612457347940968,5.920795737895277,13.57770291109238,11.434756597912758,-4.240683605633836,-0.3188055093208651,-2.449087014924853,0.12496391522119994,-11.478591721528721,-3.6760463620717023,-0.41038869133948813,-3.845578472857935,3.8159287274808653,-14.587544108493848,1.7774019278887345,0.9454946298905837,2.679476920199495,3.859263654239994,-2.5665133224878542,2.40318243862631,-11.922222856245103,3.1533937343738487,12.777081946677402,8.488837233790646,7.495539468837254,1.8863056783509216,1.6613884101836356,1.6321304591074515,-3.9539453304010377,2.2948857702472862,-5.9515576375229235,-5.450680144621429,-6.122585527716443,11.2603956710006,7.645127581430345,-3.9048002816717013,5.667729820008637,5.580115125295214,-1.4967937985416775,4.167662550779788,-7.407390464443162,-4.267739029718913,-1.7593398003254752,-8.104835335382033,0.08934523167474508,-1.0739749544121462,-1.972266442525685
55.980756166386975,-2.0381231063499987,-26.092842346079458,-10.175102676107754,-48.1608839089268,6.748656782109663,-8.773515591795991,0.6787284400718747,-18.00792545344179,-3.439782136159296,-19.757603730839886,-11.066134519809928,-1.895009564584943,-9.826755852456014,9.808530685087845,-2.0784357042468966,6.111987497813644,-4.870470262019678,1.2518863800468718,-10.812657761979663,-0.9790390557594992,-4.128583452607414,-5.380392845818348,-7.02092552004154,7.694101034709947,-6.077341323933571,2.205746034727912,3.647468383804672,2.668392287447173,-11.809727083078284,7.394209833182665,-9.569464122560811,-10.024610703772007,-1.9101903693722297,5.193627848121117,-2.7937360160408393,1.0048325403797296,1.4296743121692777,2.392164012513201,-1.6618756646538568,3.0160446631933904,2.724163869718585,0.7652952408627096,-0.6778165183578377,-6.158425894032382,5.915710948812841,2.1766758482642845,6.796426839887944,-5.755568601841932,6.004338762156951
14.23204087960595,-19.849577291350066,30.607025333866254,33.288691559211095,18.51384761356843,-9.26614952584364,-6.789359881196715,-2.127375070860999,3.372019544535344,-11.734748974447227,2.2656163397499895,-16.81690173268879,2.3736126755347096,-6.334324119037386,8.355010163633477,-10.096208041612527,7.311349549883566,-9.468557079252376,-1.397047756493578,3.786814009157289,-5.123769048295458,2.4065411664709524,-5.095701256718829,1.4488731910552763,-7.635937882115627,-4.941327454033907,0.8719570288565774,0.30628163049891705,-1.7611835561626703,9.098157569869429,-3.5495683967815235,-0.7507368135172534,4.9545843331400174,5.1887304376158605,0.6897940751234692,2.0527425667762174,-0.8048442329802763,-1.385015429441116,-0.2980705639527795,5.192640032727786,3.980021757230395,-5.72412522589263,-4.542311731119151,0.6877629616470182,5.5316173651865945,-0.38246290716184383,0.6951297059595565,2.3769566620270557,-0.2404182644040936,-2.723770798549371
-26.72782298301043,8.20102593916976,17.877576616299372,-11.129785905066624,-44.65980535510259,-4.291762704844994,-3.304929575063817,-28.66821671160251,11.853678217500812,-9.249439499608659,-4.47604634956618,-2.3691954041653878,7.459162245937781,14.81217691067479,-3.490113031430585,4.444132300057537,-2.6477288544409885,3.7993055717668116,-6.616810468650108,-4.496722818173852,9.662762534103315,-7.650857355316033,3.2704232595943545,-5.59194250622442,-12.869596622107201,1.71020757901716,3.7277521308509383,0.32300639634648504,-2.2592434560337487,2.6054104414818484,-3.3928573563479856,-6.978670583792862,8.353013002828208,-1.3391870112010575,-2.616343226353819,-5.540747790860378,0.17691025891703446,0.9315122365016651,5.027868053484227,-0.605335423304434,3.189787423984405,-2.0154721391302983,-0.9107094119515532,-1.9529182469499489,-13.279110065485284,-4.138850070784373,4.753968175791738,1.333039718812524,-6.434284033663044,6.846590989694051
-13.489401401041139,23.570050265231547,25.73111688061247,-11.01159933202536,-34.3715408710133,11.438817261631215,7.429115423310195,-8.809203754329955,-15.76214638570881,2.9858210648802817,13.860599550122663,-8.503576622943287,-5.68153880842239,-4.685294856005615,21.137450637026998,-1.7730922112891463,7.327716006519575,1.3701863412332695,-8.337092184823874,14.163713250626419,-8.760527140112739,5.62731978018948,-9.538208818599161,2.0075981078302023,-3.446807278289789,1.489272260069926,1.3174269815173172,-2.554744170073157,1.1442219221084904,-5.2823659263644664,-3.352890902223318,-5.773290155400348,3.222128866450744,5.676648319304069,-2.3955175335155694,7.089461393766138,0.4859449419425662,-4.491328467217906,-3.7348134350218736,2.7558685393516806,0.9322030628545734,-5.365988454693235,7.502093516108412,-1.2723779984609962,-3.661688573426534,-2.6986228102720844,7.451122556476519,0.7644492047560764,1.5021750907526166,7.7452346818555595
11.803719558578408,23.396662699974716,29.087351440451062,-1.261475066003782,0.4830281761266554,18.98858092835705,7.626205469079682,-4.008497393568254,13.93535426960469,7.497842885142994,-9.081260409845429,12.116443527540238,-0.04815354177341853,-1.875129562929496,-4.603760928457758,-0.680315766325392,3.137237081284107,0.2938357600148761,4.696915637674838,-1.8386438322892675,-0.005552611037248794,-6.270801623281251,-4.459568296544701,1.3981847388162956,-7.69306521702149,0.08534674446440285,3.1025701683477513,-0.10592585996602882,5.761872928798103,-4.773470380509563,3.2341264738280864,2.1577215700905494,-4.983296412389585,-6.495279931169718,-2.4508949507365436,1.9149186280603585,-0.7659011051343904,-2.2916318943547127,2.142270889399079,1.9684818473787156,-0.06869316151626362,-3.2617123098782215,-1.043832408988607,-1.3085327014256531,-2.8511290702531835,2.2412164599699365,2.3085565913032315,1.313661796379571,-0.10021641878565592,-0.6219629715628249
-16.75991595236436,40.896974848060026,-29.40680053034637,7.699104259335057,5.732869304630994,-9.043341925451529,-0.04279554747828052,14.644766013363096,17.057668972778696,-13.763173603691103,-2.2219453882122733,-10.673631787071002,2.7749567814143115,6.508026600646956,5.635803705134402,4.233329296085207,6.347650505650794,2.0316123416396406,3.7303111260173916,2.3551313199737103,-0.5623464884707293,-3.9457002835597192,8.54786422363917,-5.263718370731725,-4.645768865605538,-0.4237321945762674,-2.1043197902373407,-0.36025245750241,1.06277365407438,2.842136884783766,3.1929936142793185,-1.0419485766126833,-0.5111448384715398,1.325208890895991,-5.356003656150402,-1.9613489404027418,-0.33710965638809465,6.784274761879287,-6.661432722450391,-0.5659816491892122,-4.392552250750252,4.739762533225172,-1.1974412601121756,-7.905586301209805,-0.9222872288944736,0.5346829652598653,-1.5735838678856446,3.9216597956473573,-2.411467673459915,2.1361882653299618
-29.890440526008224,37.71800777300027,-34.62584782299896,-4.849870120070747,24.53035409160311,-11.142385605675505,-1.115219531106027,14.328987764394425,-0.8564894818716793,-11.582726779172281,-2.0090327837830406,0.5322550430788842,4.090727652612233,0.785815503802163,13.024313440481853,11.603331492166197,10.278580014202767,2.8206485035153004,-0.9323056212910609,7.568401199072937,2.273194419912861,-3.6478374509116547,6.9160994075724,1.0040215961308552,-6.731173802176789,0.03908798640789708,-5.982753191292036,-1.0193201556985942,11.27193215296904,-6.106019997222759,6.6541276905245255,2.2973997395542565,-7.496556294582241,1.6323329264806337,-3.1431279055384764,0.9378922749729482,-4.129468419006904,-3.4309658262073497,-4.64269949498593,5.843534227121985,5.302128369585855,1.8696806121324263,0.12157165146349558,-4.73014880712033,2.0774847890325967,-2.8378871250192423,-4.59600440217266,-0.9075233601516127,2.6756366434681573,0.02135217666436153
-0.7713581017889808,24.834895242428242,27.122281480459023,-4.5210938692395795,-9.944983738835134,20.632711613595955,8.97027167589285,10.299223012377961,2.550205520992546,3.5384178547325913,-8.452935542969815,-0.027268075859123993,6.435529311676687,10.102384790237634,-3.9912565360155323,4.305203143102321,2.8167072753424667,1.3358556264444301,1.3921196441705341,-6.765754250153964,1.5116314313625725,-6.423826222049272,-7.03772242811961,2.8440865057779017,-10.437601733411642,3.26908320895216,3.767899512458864,4.427832566311518,-1.1465049694582128,-3.388320813390481,-2.5282696417247394,-4.987290066749958,1.9499270825506219,0.18314961672779187,-3.9227736004192857,1.1320763815409032,-2.6751504427305437,-2.0666198255017227,3.763740922520983,1.0215912382383343,-2.0627938816931017,-3.6707914690081553,-5.43201029499289,-5.502869089816016,-2.6747992566192944,-0.45013195752419166,4.855638374331038,3.307975419847476,2.193065417849774,-3.0128105371234435
-0.8022544129537375,-27.91764430609346,21.781417452051596,29.703788372923164,15.157280616454289,-18.26335952207845,-4.032356946064888,-17.8663264114356,-5.391491339844021,-9.379788736371252,13.268441942016624,-5.0068328788180425,6.521907073598376,-3.0463525858378304,2.039780624764054,-12.23215606984653,17.42635648183024,-7.077371699363409,4.713011325428939,-1.0981210706905589,-8.295226843070607,-2.2673477094457506,-3.086448178375507,6.391171831879128,-3.5712733099687806,-0.044731239305828896,4.957974968787263,-5.475021172933861,1.5575189763225752,9.66220163570464,-1.8330230389955589,-3.4042972781196488,7.121306243563209,2.453744695188814,-0.6643199487011916,-2.3619187682109413,-1.020642920195799,-0.639671960016338,2.0874141944508118,3.0374244301690583,4.721016304021612,-2.8066761481668165,-6.080777919780306,1.016901067841904,10.321515911367657,-7.545140350318531,-1.0729555042879317,1.7602127189421322,-2.355145558387405,-7.170431510043867
72.25315933361567,-11.123196924236433,-17.480051872675052,-8.407461279275104,-16.37980484745485,5.629176076003765,9.79803066524425,16.29741242599997,-1.3039308294406573,1.580511913292858,-1.6681851508946868,-13.88815528050995,-4.98856325700532,-5.371694897239329,-3.8066877802866044,0.2918788868796097,-5.866179194867032,-2.4075944639938602,3.688078719358754,0.2524303485001166,0.5736436394499843,3.2548209254171168,-1.8791732464823752,-8.572579873521294,4.410997327267586,-3.1968171441559994,6.959730317603671,7.270119121345565,4.399595742920479,7.813676601336573,1.8437089736940626,1.0254251876189573,2.487741559115278,-2.95917266523778,1.2619929393091927,-3.048029098257043,8.98663536024392,2.2473437700702044,2.675983013603939,3.7328224706602557,4.466863741574112,5.652856613567818,-10.728492586376632,1.449969293291863,-0.3107846845428479,1.1603565106036393,-3.505594711106595,3.23956544563339,0.7458965818394212,4.465525484060335
14.72081288032295,28.07205684363692,24.35933096209212,-8.679084484197574,13.623711672775768,27.869207897744175,-8.257312801794624,-34.78172250600894,-7.302466087355034,10.189193467775993,-9.158170284075009,4.975695187570499,-4.542705576869637,-1.6294708293656734,-3.5945065109438925,3.116594612456205,3.451337429228377,1.264712633656568,-1.9327960119656211,11.777062330111196,3.0843632566064043,0.04447351311841708,-9.647050346480542,8.19290555551308,7.218699067618925,0.9925980938158324,2.110611241061238,-1.3107650521438705,1.0529718327491218,2.138662076259268,-0.7194358892181566,0.9549189422565751,0.5600236349061918,-5.4484888079332325,-4.935019998108629,-4.990842263992971,-1.9047068346485694,2.0222435649614012,1.0270710633519349,2.3193444780236194,-2.3676544552100243,1.9196641468086941,-2.568070123177014,-5.997092783171492,1.4838354419494504,0.9786558738475953,-0.2534237653228927,-0.3212289084029425,0.8650628820126759,3.2572374462915312
-23.194029758654263,10.855443767529282,26.774377276836155,-21.24561361527867,-2.8170384146223997,1.8136373454604375,6.794262166772859,8.123658773874208,1.0663114834114797,-26.767496705915214,-10.201928861116787,8.686252248589497,5.184216689027013,9.108328431120613,0.41518550149828637,-5.7267044464017784,-3.161760301611618,2.3825881999866407,-6.431149225590007,-9.612498949974857,3.0035025668396753,0.5976921679335313,-1.0511997087865401,-5.820566647366457,-5.217398160043904,0.12609016646996513,13.727557400405152,-0.5665363373781387,-6.094732279699859,0.3716594930018083,-3.00920209656821,2.0383141003167298,-1.5596651265522044,2.3302947528800777,-6.595701622557552,0.730709246050563,0.42804845808196773,-1.1907837114727353,-1.9596450780258579,-0.7718990567141234,-0.6026032856830926,-1.4994654741556739,-1.8785747021895218,2.7346482633791207,5.503081749876591,-3.4701221391502144,5.071249625466728,3.383780199096429,-1.8486576919951936,-2.5708634041825036
-9.49249799761626,12.724735767821826,25.33226159667223,-20.673742310729885,13.733317251482191,6.611324079900737,-2.1119275709520977,-8.639845316855187,-26.16287827444575,-11.311637360650975,12.496788151390199,-6.388805248536701,-7.611133749603642,6.8822576942965155,-2.8939651435226454,-1.347961889467666,-10.517171928404096,0.07139197334346875,-1.4631731421664549,-4.152510153179342,6.065002235581329,-4.749924302952284,-4.698852569457253,-7.318945803258064,-3.949414255199432,15.706981699837327,6.590278800604913,-3.0673982701463105,-3.095282819015449,-2.8946155847824526,4.497922560452927,-5.860159501715807,2.8527798079387328,-3.5353113766730964,-2.1059276521732735,-0.7603760185577277,2.301220043611359,-7.839162587951816,-6.628799272808089,5.866166926885496,-0.9868315925851553,0.7517903270856469,-1.196365322857756,1.653964139450859,5.464737527946464,-2.6109787066318946,1.7050342364895135,-1.5808744240230688,-1.3826866609123325,7.816519977047728
-13.65445167628555,20.190653490656516,10.89869073040942,-6.929249899547495,-57.53903460606808,5.595843541046687,-4.337272205051661,-22.28919763376573,-2.044767562004499,19.46821036032469,-0.29486820446622103,-19.822568437936,-28.76873447238684,-8.448099456113065,6.5744561601013825,6.153852793140727,-11.00216666820233,4.377435459811775,2.3883654349533097,10.440453070974243,1.5828597496098462,-11.820799641591526,1.4705604247473736,-2.911899115624225,-10.961950786261234,3.2256513620786462,-0.8757388754491671,-6.852030419377797,0.29943591485816856,0.6272715890396814,2.734748724529536,-0.004633728194585378,2.76722621835093,-7.614217702483701,5.751869822055963,-9.50081917753722,0.04902159680236973,1.3942102586170206,6.077768053166121,1.6623384423320917,8.190691430042989,-0.8400455105447617,4.454245163958669,-3.907786874505746,-2.350352127144225,-10.662973119150898,17.747283382693034,5.9686626979251045,2.909883352341299,7.400265077953288
-35.73258967142218,8.264636991873793,13.754744354989622,-39.82208558604337,-10.29199471486915,-0.7980464806254834,12.124714404646998,-2.6424978448029735,-12.0345281483033,-5.729336052934915,-15.093166857899961,18.336502055524093,3.586120874326842,4.265051054327016,-12.222200096638948,-9.351162398189292,14.694100494249236,-4.192269211585927,-5.409139696964939,-13.881102012352734,6.015841069479618,7.464976646439948,2.2970476345137376,0.9327001177288515,-7.4395051613051075,0.3139997076157662,-3.222252332297925,-0.13315498630174838,-13.418632121885853,4.8822277512842716,0.7934696536991718,10.40865133920865,1.107223042642207,-1.077703379931044,-17.10479229442607,5.663354729185381,-1.054812590719849,6.423812297134772,0.6277657610351307,0.37675796034969344,-3.503783129012591,-7.708579312907314,-4.792990488226269,-1.4964788572148566,-0.8683931992465912,5.590237352137151,-6.127507419026254,-1.778878514797405,-7.921273492617623,-5.750454343906674
-17.404284750612128,3.3483437998996513,29.60953815652362,-18.978051073574747,5.810673436286489,-0.047763540771187205,-14.211671763106478,17.696349489415766,-21.72029121722484,-2.1057853877859016,14.490741451147095,-5.476442131061824,-1.3844010175015649,-4.541878876482399,9.461935176984761,-0.3763158476292456,-3.123321099196852,-8.643675964849592,-4.495947405139476,-8.336861133283767,2.9915793781749036,-7.188636254696041,-1.6392648029525843,13.489432113126773,-0.48245690319812945,10.743519549699656,-13.05931770692491,3.3636587578302675,5.904163850842928,-1.4860360154030958,-0.3704133076490313,-2.8150758544455172,1.1414071478330239,-0.9799944462650584,6.300888498429835,-3.5003844024680157,4.522831332260729,6.753187321195628,-6.979298790336598,3.2817794965436695,-0.6635226374386557,1.5642353347090385,-0.011472981128482204,3.7327203647677547,-15.934266775889267,-0.5922296541227627,-0.27530556467589484,3.6986569659317787,-3.797960641121121,0.7238666929870983
-5.326619026847283,12.839413422697106,12.050194164843484,18.545268192651143,-47.06555773754731,13.900343872011176,-14.26771277837912,-21.04172322348613,6.706350058153141,8.96581405037637,5.64935518581025,7.181558237631642,23.869853269319776,20.83967501982987,-14.550945198929623,-11.0237786100223,4.222713134476303,-5.837207352092135,-2.1857251577025942,1.3297717220341356,10.436104610967,-0.8430841424110712,-5.992525525072043,-9.404575439404445,-4.354431384075931,5.686597458787427,-4.948625617116834,5.116717843742389,1.0468078282558118,-8.459699793376238,-2.3893744412698243,4.31678120323269,10.37752837454083,-7.469201568899328,4.917604789713032,-8.901736407724343,-5.466782020232933,3.3186430141940617,-1.2146902711555132,-3.880844486565128,-1.6163933250634042,15.6665194374743,3.9748127095433543,-9.295292277811066,8.740319308469118,-8.335637163897987,-22.29585595227131,-14.023125772590156,15.445834399639155,8.353683304167708
72.36111286790586,-21.91780397349167,-16.397301141715303,-12.043596973881908,-13.048278276227597,-1.623053645633488,9.68390199052778,18.510277170327743,16.072794610823916,0.9308548426674493,-2.7065800579742207,-4.83297496538846,-3.132875683727939,2.879106002501312,1.2855212360123316,-3.396145799584562,-4.158891111729439,-1.7567614000542537,-2.740368322643029,1.20021233098284,2.088891137243564,0.8437788486246834,1.675736524839797,1.3512433002316098,-2.1915275293988907,-2.5162032671830072,-0.730882668770641,-7.604688777172182,0.8245085548987846,0.34022052294823185,-3.1771874155767663,0.7862888653252152,6.070716930042199,-2.240159980787279,-3.474701503088347,1.2617217663541682,3.8026966656366943,-1.1941856438035745,-3.2480590126530884,-1.4055025535645695,1.8218598482567239,-2.257215949379807,3.5885116455590738,0.9526831214267164,-1.9378455868319346,-0.9761299066476385,-6.165847555854291,0.3314650280635464,0.5241089640244272,-2.220959845796224
-44.5222844822439,-18.76891200906559,8.453329367562802,-13.18323117450373,-26.509261538327543,-27.486549601281798,-49.69917170238708,25.64840441314468,-21.193442442099958,20.96949073954869,5.526698218953618,-12.572566985060234,25.519332497340905,16.552293133856395,-15.112210617856508,-6.901350673886907,-2.659598551079712,-0.636589924991276,3.4545091982427887,5.281419940575138,3.402752140597808,12.290090717853419,0.9587858734433622,-17.48817945704679,7.470314182943989,5.463072791313866,10.427400158944693,-1.654874291925995,5.0708198459110925,-10.088042872821875,5.171163322027449,5.327183410175057,-8.315871901937621,-26.201487657580945,8.384904934928858,-20.955644907270166,-8.332886157386424,-23.248299350786812,-9.69746273182999,-10.383354516093421,18.317385353524962,5.1302310936292,-8.015806753408828,-7.340390558016045,8.929393812563099,-6.464406367076642,2.5709049787845277,-13.36523018232997,3.4526196604465516,-3.4676351959788194
-7.567401772483561,41.42468735951397,-28.020226870980977,24.20031584645022,2.957193580728413,-5.49941177782269,-5.221395864973211,-2.304377663276943,18.227584562009234,1.2648790543540986,14.9718405179773,-1.880685620944361,-0.47894804355344767,7.611037053023201,2.6939334901840613,-2.700313602725227,0.5128107694192194,-9.367437830909445,2.2712611390008823,-4.530997382077344,-2.9053152552463675,-0.7625376005289557,-3.5265791253069874,-5.740400896751566,-3.203755350252157,1.2595431092286968,-1.5829910272137275,-0.8947322568641826,-1.2394571293878482,8.591846225629338,-0.35457574108515,-0.6661729592822201,-3.7156385946115824,-0.7234908338884823,-2.651157868168911,-4.897819747545039,2.108985865780037,3.395687071015211,-2.9417219612531005,-1.9896324952125257,-0.8360353459958729,4.618527408008124,-2.2869104589776446,-1.1125653708823737,-7.619473794401556,-1.6431052713067944,3.3594813016201988,3.535301300398388,-0.3411247033016277,-0.5186532048255622
-68.70046883573957,-66.65302679704509,-50.00287612312804,-6.567937691749166,6.417433811039571,20.109592019409153,8.359802177991094,-3.02667357290306,4.459028264796589,7.8491039424057965,-10.191423249311079,10.003461422649886,-0.3947662638514374,-0.9194734818044157,4.1196063724120195,0.8204989777443967,4.918066399301078,6.2010862524159505,4.6022001678572995,-8.546606992389469,-1.8971902576121198,-0.45500331141380396,-9.526572994812238,-3.3885688188673377,6.639153758691806,-4.411166268223222,-4.697268925865361,-0.22465965388018666,-1.0255315811055725,4.597163885195933,-2.073994014406337,2.463322475664311,0.5420379768053796,9.469584740066123,0.5608028199543876,-3.034961216100187,-1.0325969776543296,-2.7028201697394296,-4.130106176579051,2.0308173018939875,-10.381132130041415,1.5946012940566805,-3.6090238820404217,-0.7500721381809549,-2.2326169827840276,-1.666409986756816,8.318150388833189,0.6705683979652125,-1.122163486470878,-1.5351995070310187
-15.321109077117715,1.1410065964802918,22.675123863084526,-2.245687524591107,-2.6221560475601424,4.448138228692272,-40.33545652726276,20.52077802880562,-29.648197828466955,18.27377815182343,3.8121655361016114,-13.1144741654049,6.134620758917531,12.445910527857006,-3.1049121210537876,3.111295723818289,-13.765799896804612,6.4609192671279505,-1.229664040486979,0.7815782415503985,2.1078529326713773,5.823661067676511,8.866486547665556,-3.7079336404397116,1.8517100163919344,-2.4143561405347866,9.562392090961794,2.94172105028336,2.1135444967811905,-5.084511706860961,-5.461064387948232,3.978511115634745,-1.1802364899977047,-5.468348880784785,-0.3713167469131765,-11.190266008586164,2.771539604149249,-4.085380311631985,-5.261749734415901,-1.7948784486277725,-1.7393423211605241,-4.82491959919001,-2.5885483679909567,-0.5166391728500427,-1.9366031859985886,-1.223888950666858,7.487090637323038,0.30197801455232826,-4.6870070783089615,-4.510870961787429
64.02935236374745,-20.686615784708035,-25.712965593643077,-30.121845383931415,11.289202195943497,-0.9269857752750525,5.962283858515568,14.500690032880797,-6.838107795515361,-0.33437622074496937,-2.7240649299732436,-4.874320636028008,-4.467873560477713,-2.472783038733089,3.4133089575200097,-1.8382584055767817,-3.2459864104984812,-3.9508964540523883,0.003717234977130749,3.6931316772797924,1.8893888176471774,4.0823581163889155,-1.8878617891151683,1.073693985743879,-3.5134649657052623,0.8346056630771703,-0.9199327308312806,-4.385874213504958,-1.4903917167026621,-1.3772289061642267,0.450062289256633,0.42806357447840165,5.989359271843673,1.9111482294726587,-1.3198134287669032,0.7215157041919859,-2.786851075447913,0.37726403166307626,-2.8178345544668892,2.8297244569666953,3.5534919011442536,-4.022375247202024,-4.16360625006584,3.7308774932688196,4.093123298847578,-4.828952177666124,6.140719409500098,-3.7648798898942752,-0.8990110667792215,-1.201658991997319
14.95122197321973,-4.6496140242165085,-36.4755254216204,-37.749108674822146,1.9315050270277583,-25.80990516603259,15.10721233768872,-5.77228106297808,-12.161284246011258,15.825481896078323,0.031121760577262663,16.877534869228086,14.579946550418285,-20.115628553369664,-12.641048014617523,-4.56424947545569,-22.825761157907053,10.111187056541713,11.53035500793241,30.896864565303567,9.488764169424842,-21.03425563816431,-7.367429108081599,-30.458915337278,-6.127252440880862,13.609837655633518,7.355784128055627,8.00764073511141,-11.726896297049377,15.59042082679226,-7.541852910607748,-13.468967710364902,-28.356188959418454,9.821062207225259,19.752146106224227,0.6096492412997899,-10.871267003399538,-3.7966682807002186,11.397165274722756,13.349817734929697,3.294921665733172,-13.658124150454805,0.15515220514242836,7.762668479515745,-0.9609690376581249,2.838625128371848,-26.33867010869867,5.947174472979829,-13.16311390668175,10.638708896384433
-38.4381244278795,49.82961407506831,-58.60535393093079,-5.282472744755149,6.393517668125688,-15.756654949068274,0.21248682158395332,11.342146064164417,-8.499199217939411,-3.047694537552824,-4.811044734956127,-6.27254618416587,0.2542273540935642,-2.209005254779202,5.12874005258781,8.59628151333564,7.027247327380547,6.071229470446405,7.474635744372259,2.289918808268203,1.0874353118027236,-2.0934363705485306,0.9250948915121784,0.8101266114604112,-1.2774894387404516,-4.110691837839877,3.6797528344306696,-3.1677570767305943,9.425452851626083,3.628076842299597,12.672388077670202,-4.5182339034506995,1.2253668695519917,2.0006515609923823,-2.8376193405594834,14.678644295606219,-6.865977658640067,-4.9265474512354475,-5.035177519213169,-3.190783079743937,-0.23620425160313058,-2.368426746972458,-1.1724640410349378,4.188296027645063,1.1057843624275636,-5.854592303141656,-2.0664016578899003,-4.173446234400324,3.761654521456564,-5.189598569835133
-19.854528303888973,39.29973553384722,-38.77405536626945,20.077831873677702,-29.477044560442856,-13.901478845857092,-14.881172662869812,-23.65421352212155,19.116717858634118,-2.4161651955939023,6.861708488667267,1.7240821856073751,-3.4335026636426207,-1.6760172543956915,11.515181368462263,0.8894705984678537,2.7637471494709125,-4.548960737885305,2.944732259297369,-1.0661667812425961,-3.5126658190135567,-4.002856629213367,5.703941186522961,-3.9763109747956022,-3.2983646463120224,-1.574499837905625,1.1335697531206095,-4.806229242939825,0.17668966225503271,0.7520242639208307,3.923624777703364,1.2393345324434093,0.7983343840073529,3.9144393139675335,-5.592954455465067,4.936086166032368,-2.1661256188104447,0.6716663977484647,2.4208533170592457,0.6219262692385308,-2.7628850808963135,-1.6383123281993128,-3.1046817915843414,3.2443614434898094,-5.099772994296431,-2.320757828591465,3.7101403503998096,0.6360974667327481,-0.9112485337387103,2.0091223776372766
23.765777269154018,-2.262479903642994,19.385377348043757,50.086987847241616,-7.543221305359109,-4.5899203970486875,23.467877205327554,5.102743944675905,-3.924838259134912,5.604039387721005,-9.505353930067075,-3.0470955704521336,7.377334383187408,0.9382947387195562,5.3239650764068855,-4.511048176039536,3.3949888115457987,5.26822481976569,-9.20159837096455,-1.191386996688649,9.57816616143219,4.342505293354848,3.5893319409957685,-4.102880588170448,2.8953560199934385,2.6760938669800973,-9.72307641790034,-2.207448773137004,-5.7968324681117025,0.8194948069050232,-1.5454013560557598,0.11121714335781628,-4.422288858707298,-2.9898350479091653,2.5814070676401624,2.747019415562548,-2.241543931267643,1.4313671326024238,0.36712635674113403,-3.6073247830090716,-5.14680642120901,1.9423687466367492,-4.410987309280739,0.3923951657659359,-1.804061851061713,-2.392245415949817,-0.245495817881027,-0.025762418977126285,-0.13252070295454632,-3.7262250811043547
-9.296024563117719,16.946291683868157,31.96942643550181,-19.16118583043124,9.118324951998803,6.9502039436904175,3.973773495946091,7.161737536811384,3.1933331544833226,-5.042013501443853,8.119352451836457,5.179323957923578,10.4624901405855,-5.829831239167896,-2.0098303379480082,-1.0726598760316306,-0.33267351970235565,0.5249018945736872,-6.23251406165076,-5.6565648699357824,-3.695324886575209,-1.3421023603306246,-5.208603335798086,6.342635926721641,-12.348066499613317,4.89904414463237,2.059110617049615,-2.636462888462538,7.583906023125698,-7.650935135612317,-5.799842584762748,-6.8409325452063605,0.9747025250736656,-3.9668482130475513,-1.6244351732879698,-1.8067579876751307,1.9514408580767317,4.443511794108318,-1.1901075591620258,6.495682911281364,-4.7088924978580495,-2.1986843341327105,5.013516930958119,9.466478123465887,-7.409936198627241,-1.6832933925029956,-2.8694857178314894,3.1365790565162484,0.3581423758831217,-0.6576069698791214
8.811250433426984,20.55014199878101,30.348349328533086,-8.917689781382443,24.289408179295748,19.80172863612627,-2.4789087383278856,-8.679204948516594,11.055851566517788,18.16254450966776,-4.215501335910236,10.160452940230122,-12.366993507165763,-1.565557932908512,-4.6560830439986605,6.519066704387205,5.911163775693956,6.020033329690901,-1.9527653498326294,-1.1799140104075203,2.8036480986906414,-7.994653799785367,0.46385945525491884,4.099026662700172,2.6532651319837344,-6.1373734529378,-6.816642186192583,-1.1803438782813223,-1.2456613734788717,-3.6006437952538883,-0.981806888943695,1.1056525413206928,1.1446744050119981,-5.373121000600738,0.9115148367977256,-1.2399345793388339,-4.060653754346846,-4.114953417851865,2.535141578955436,-0.15589720677448518,5.7811980330156825,-2.704854941755967,1.621271106054406,1.7454902226272055,1.3040589137684062,3.0972394808731454,3.5048028189175637,0.7640106380903374,-3.4819652492965654,0.9657951971376397
-30.12474365094583,53.771008369080036,-56.80304445927109,-5.54628098784175,6.189837121806723,-17.1125726472541,0.8258621382919503,-3.777871773237428,2.3971480345089575,-0.4833321006069774,-1.588588427031184,-4.066239716109174,-6.339578921952098,-1.084531818555572,-5.64535499569712,-0.6535681080015024,1.3622452289085134,5.890939133665764,4.114791639891277,4.367287587403358,-1.7243739313403355,0.2632829950240709,-1.790988647290168,0.5934273548962051,2.5735676311608793,0.3443924658067507,6.829076621866598,-5.24405009777508,-1.0816310955494608,-0.2916435062048386,-2.534359398881582,-3.716787476055402,4.204070758934315,-8.648654238945698,5.697543392374608,-2.7211183720141334,5.955477646368556,1.3503597176663331,8.67931811622347,-7.452721251109212,-9.792288449744301,-3.5197405202566316,-5.4327681719558925,7.0604521030709835,1.2941923434914868,1.3252943348224302,3.7225659031472933,-4.15096228689628,3.2697390628777563,-5.307015200962307
12.808133631085884,19.749012489966876,34.73925432999655,4.188254942686067,-0.7245984574050727,18.929380593293956,11.413360332727034,10.497534712324567,17.600408290982546,8.99903660436473,3.6069396272477863,1.9584918488285339,1.8536978853260584,-4.030756999943265,1.100844821836862,2.2342168971837584,1.272880880056828,-0.10376454148621694,-0.08385623129116199,6.071812956714471,-3.5652068939618062,-0.6094938322164274,-5.2849406370714895,-1.290322379014223,-3.3640139159958973,3.787052939912455,5.313521778473726,5.074452428085003,7.885116942917943,-5.94174254436092,-1.3154927823746614,2.437414251565612,-0.15693695383416156,0.6027213889343341,2.639906298954325,-0.9961846676900243,-1.094650198057671,-5.167547986455451,-5.947464187179765,-1.3414371849592988,-1.277768161715083,-2.9577714196353924,-0.22066721570796008,5.360181675134426,-0.28344152953633384,3.263811943326281,2.6799810366738215,0.036002937897913645,-0.5901119327951818,-1.4252444786692253
64.60602586183175,-23.776258566608725,-9.359273593541985,-13.534923499787592,4.735011655098396,-5.8162416690027285,-8.959816790900682,-6.444641750409869,11.407968678034315,-3.459704298962356,14.633881129292565,2.2211333484786215,0.5378175665051781,-3.7240296231091174,1.0983838941410036,7.635944098524739,5.949170807694831,2.4763111538934615,0.5499011902377756,-0.8533050912903768,-1.1565022658076065,1.165332475748218,-2.704350115826321,-3.2130532677447583,3.298350927644949,-2.217261772755808,4.451430023073548,-1.4505918905628232,-3.430745857611838,1.4259562952121616,4.195054927769981,0.29627353193867967,-0.5661295247791537,-3.9207595762303797,-0.7182129577492684,2.1328889170068726,1.6652328025519332,-0.5920363905519358,2.4436142631654962,-2.147379973995365,-4.742433603601678,4.8136524587901075,-2.598471091575815,-1.7844343128986069,1.7735209200012083,2.8598559452832863,-4.965823209658606,4.518632792457798,1.6928119874277618,2.5769332387731962
-34.039793404449725,-44.29447088063875,-20.248961182052504,13.759299345354492,20.56462332413901,34.71655538941965,2.9476708797354214,1.342761062487754,-2.380047676855223,-1.6440112043060344,0.6103816645401733,-0.577525032816737,11.792413169100818,-2.800137443442915,-0.09372407228147238,-1.391579559327042,-8.088995392720076,8.03220909300015,4.658037056805536,-3.2178967103796667,-1.532063085752359,3.6212478986700525,0.9597586990719948,-2.639302823695603,-5.936910232547756,3.61575709824585,-4.753749252452048,-7.189169176383258,4.0062187456807274,-4.714661112307687,0.10046422489309244,3.9921311161506887,0.1806125953141407,1.4794607529693262,-0.4442601082836291,-4.687216617877092,4.303498486862544,-6.8847235112506855,5.30913247710871,3.9838320286274036,2.83524036587295,-0.3418141198402593,5.376620569763205,-0.5869964412938171,0.2588327981426633,3.533362090794006,0.6746723993415915,-0.2249469235165856,-1.1312974832265512,2.9524638026463044
1.6570824243213493,4.456067251491605,28.73728580232579,-2.163553672258629,-9.77959088811262,12.083499109352347,-16.221051895263376,-7.172197081203929,2.691644041455849,-7.3660620698903525,-10.890713860982721,-4.184180696372413,-11.211547843949988,14.807155390922107,5.1241208310036646,0.9568032231748806,7.909762347769015,16.85618967936695,-5.430216824556891,-4.029938850865088,7.739922732525602,-9.068223019907323,-5.861863988076426,-8.763914022928118,5.57591758535894,-3.652054365986267,-0.127797274446717,-11.269727874814503,-7.833536315706353,4.888052153716774,-0.7643520717054524,-6.573739937818842,2.0548997513259692,4.407332583850325,1.9464832366424394,5.833169929817498,-1.7977684845103952,-2.635579686973909,-0.3541218427247719,1.5446761304120893,3.5145127234257902,1.9311631172970511,5.691947084936379,-0.5715946584809478,-2.3506856773033804,1.1100494756646988,-0.39468080762410235,-2.0486997232419975,8.152448234263296,1.328776828236493
4.288535369429991,-10.241025295939052,11.808770915056215,39.995481504717084,-7.988316788385372,-11.789931994842693,24.766118811608713,8.740469650560025,-5.4680748038250835,6.472758290577798,-4.767260976901407,-2.0061519022783862,-2.6067281300165255,4.308669472799896,-3.037144783269755,6.254651805001419,0.8452128498549847,2.1156208501457185,1.308172428568951,-7.292364100589035,-0.07157888875191219,3.1439760677693918,-0.10061874552116136,0.3587248225325801,-3.165773456607079,-4.437995159942801,8.545892001853037,-10.143899534628247,3.0281077199717994,-0.144828475512378,1.683677365085421,-3.1009936637403994,4.185881885607293,7.603412404802576,10.018566838899664,2.2136734424452698,-4.652974405655874,-3.5366399585072603,-4.473807854685242,-1.950649469862617,-5.287713683773409,-2.5893946008709587,-1.9922376223538163,-1.2916727506944143,0.6946766702628241,2.6741569421427185,-0.9579208253408547,2.6446025680509755,2.537131191645533,-7.155066792567718
22.428937997590705,-4.963910685720457,13.428057536863493,10.106849251583151,1.5704151723950786,3.217070561665075,-6.783599981762728,24.32930558109218,-1.8434622010071686,-18.54880321896335,10.749686264370364,-3.147159911963367,-4.906552779457215,-18.427958948438814,-10.403586190279155,-3.2377119908033327,-10.795278433282371,-7.017115440548149,8.02329095068881,10.192871593157772,6.049516770270984,-14.625104128269689,3.1795516144923948,-10.227098007001288,2.247425442253954,6.056623747692589,-8.710207245653296,12.757263194571184,-9.972754489897032,15.011971465603201,-6.113308111995627,-6.619727764708138,-7.607982601717938,19.198083672651208,8.409860230658566,-10.875214699807211,-15.605363993325135,3.3520773917606097,-13.8168657907879,-1.5754489233889784,-1.7766715669398578,-3.773078806401387,-1.294592546556081,-3.30588045742694,-5.3563832243022205,4.600965098130412,-9.28823250724607,-1.9884100388568613,-10.659260582639552,5.284721978899165
-21.014528150192444,9.807149653778255,24.778274532063257,-30.85845715722593,6.9534424733654365,-1.1263580874453023,9.483138814563954,7.288650072166959,3.1750833183417773,-1.0529668954068467,-4.188116608817404,7.79978786649556,0.6014052825299903,-15.446614105875225,0.15918249907611315,-7.656338792869449,7.405058016316972,-4.589537586963327,-5.1350833316425915,-9.887097632766576,-2.661463463106656,6.738346474604567,3.169990649525353,-0.48139629124118233,-8.90269393001293,8.290840644068064,1.6885629924843288,-5.020951083890162,-0.7333342688712935,-1.631226179598699,-1.7386902281951213,5.720928492973887,-4.034351474692322,0.7119205162940181,0.24961243931813903,2.831407750292433,-3.5788979172237747,8.557455562060463,3.322644715063221,3.847076390499906,-1.3128807133237566,-0.8292336716740561,-2.373155240172308,2.024832465858013,0.35504366011918537,-1.4035411316392525,-3.8393222946187784,-0.6441036672077741,-1.7795636255428475,-3.716002476662143
68.15857068153687,-10.715239369045104,-23.017659749809553,-23.33776417352159,10.589116536840013,8.696957761450632,4.0018158120391805,1.3327510343906475,-14.530959190764635,4.386591981998751,-12.125442496179403,-4.670170297213848,1.3806994630265412,1.8082699503038344,-0.5042314272658299,-0.34046624233258577,-1.6979977700743314,-5.0252996629237545,0.21842017778372128,-1.6060581488138927,1.4127560226356932,5.003825871481073,-0.9448439389173172,-3.172815202083663,2.1126879136429175,-2.384931223367897,-3.5517943809095893,3.5871812281823474,-0.3515621420542452,-2.6466785804696804,5.287098997344078,-1.5332721335766462,0.5464445239011355,-5.51090256635626,2.0500857180895458,-0.6738187793002459,4.825449398920831,5.65335610814571,-5.501646432934827,5.291315238169348,2.45653022838152,-6.506828983869021,-4.235824414810383,2.376863871422972,-0.5841673330501103,-0.8535385918455336,5.6528728780640956,4.129904078256981,-1.0801268650988818,-0.288677162567392
-3.1622323923066524,31.45948462682697,16.998192155111372,-12.884504964546437,1.5150503703614586,18.929217693024164,14.486676925103303,1.974827776745581,-4.881127646289244,27.49420171403217,2.2488033582062625,8.033867562969542,-0.9597251399950202,-3.6279379962157994,-5.971961070564037,9.128025083786996,6.496266327129788,0.6937836054513657,6.7999827265318,0.7279588031137972,-4.041235376172409,-8.290247933714033,-0.5624160029003731,6.092040892659084,4.879494849454438,-3.955007206645852,-3.558032165166345,1.9439455062150512,2.5210802026971644,2.094945784557156,-0.03561042839554623,3.2256607525307848,0.7260319511835245,-3.7490056040461095,2.157809668915934,-2.1332272505446186,3.4435587815992164,2.2422620853214617,4.117637560100091,-0.4062123745632563,3.9718699296863758,-7.011245417169131,2.2802211102435224,2.046858007598833,2.15150808495478,2.8600933344167667,-1.6152646052384652,-1.8001932765003565,-2.0721869901797643,2.0486606889129977
-24.727888625353092,49.07833205769018,-46.34722682803387,9.936677352744171,4.891961611512552,-8.081426437476726,-14.880263971927658,-20.273650413237256,-1.9827307795441806,8.793990831031707,15.16899675205187,4.010512011159988,-2.6171916914712527,3.4516840576492234,-1.8754225420431248,-1.0263763506316956,-2.368202691784643,-11.40840090272196,6.59883160681027,-12.482461717208563,-1.8738586243250739,-4.588146376052701,1.7677998374349444,-4.727922538317419,-1.386161236758093,-1.3077479083524883,-2.005644189506918,3.5816760072065863,1.0036105245579305,1.5181640130886378,-2.5062673601946983,4.577329681604056,-0.15595017103158051,-0.3856786016325104,-1.0028230331702552,3.481417194544427,0.2700238691974863,-0.6757044291060986,-1.4587745362528233,0.8329999779812778,1.6860658812035518,0.8387731316983037,4.621027527166179,-0.255319662410853,-1.949932731980357,-0.008372935305995111,-0.9854406662609492,1.0366292820070269,2.1897020791709574,0.623626528474709
64.4324414658407,-20.39596983097777,-39.8540887630706,-27.77359789280874,-27.230930644297914,-5.649969275431892,2.3189363781239765,-2.703016792875029,-7.190289988373416,8.518722773332062,-11.485137801078785,-2.479884629159754,-6.860710440166118,11.228731760567948,6.622910272597088,-13.269322834238688,2.546996676470281,-3.5461935132266595,-0.4561425681118487,-3.43179953599196,-3.463601141099455,-3.0682321969027493,3.9836875123310604,2.8588921805039313,3.062829737579952,5.365615719761135,4.819147852592656,2.887466176078757,2.0396742926263998,3.2122223661510265,4.421656728309066,-4.152856120802515,0.9639683514808326,0.7535022659900034,1.5920323938500647,-3.1875122320549796,6.456380360887635,4.75331398927037,2.91594102489617,-7.236882879160464,-1.3574515642770735,3.6025987028869797,3.346357295284441,-1.5071531266500138,-4.276896571328011,1.4067221757314585,-0.8479179469835153,1.9183453849952279,-2.878203676439624,-1.0896967191728224
-51.22148646305765,-68.64346449742237,-29.150862064187056,9.941531364256889,7.32068848773682,20.822070525589993,13.486287601277308,8.072697882198383,14.4149259564672,-3.3824479350440644,0.6039534417779728,-8.678846535041886,5.673319489501597,8.139386799525367,-13.256046870955059,4.833975047250586,5.677173005875394,-14.892173973964553,-3.0536332549416985,6.780196254232628,5.898776538375722,-7.665022036735981,-3.9606555825886445,4.437896891726443,6.229381669453915,11.75998884803784,-4.500035428666347,-1.6012240055632676,3.5339786699633042,-0.6591110094107248,-4.942660769096572,2.033694025851943,-4.975425362750755,-4.897179248079355,2.1904107660058956,8.11179871069114,-5.488269295143283,8.543711883571753,-3.4968456522912112,7.117804880228124,3.756451820736072,2.3138808093079732,-3.462421492469906,4.251081179650919,-3.612362721903683,-5.164290926463752,8.10824296688771,2.4724912095043896,-6.6087134609292235,0.9029854834513588
11.61158548163112,20.933272108218354,28.187365652755165,3.6741216169337365,-19.828047171045714,25.956310284698628,1.8977892344976934,-6.680418575525859,9.903893419480129,-6.727781661212345,-15.755006136825482,-9.372138134939215,2.156875152132156,5.135202000271592,4.31033218963537,4.621835691033406,-1.5870490424873869,5.876150289489107,0.3064448908783732,6.0508564753877705,4.681421880207282,-4.2536071361145655,-1.4956909432164576,0.7256714824748834,-4.36646770961659,-10.086786663870368,-2.4795832785018224,2.0779148833286567,-3.968570595512762,-2.743256513841179,-2.304866539851703,-4.319225275990367,1.3845798370863671,-1.5216627606910766,-0.21896763311563872,3.633375618190845,-3.126529194731645,-0.4498621772525997,-1.3455655861456692,-2.7767438510413243,2.5150045430651864,1.9802184540804944,0.6320425835297095,-6.761860510684707,-3.970394627498241,-3.9317497013256535,-2.7635036435949827,-0.607435611328374,0.7843849310028695,-0.6519299163575585
12.136735141775626,23.963413749679667,23.386646452572652,-4.294660490784212,11.564525939025053,21.66322497587174,5.687055803317072,-12.093402585601174,-1.8672448702752529,18.402211659184466,-4.503119818374907,-2.497686840623547,-5.39552089857675,-2.757841827493299,-11.976312427830212,3.7395456873830963,8.382540742605588,-7.854090348459525,8.319435737454857,10.727231189667679,-2.6990792488958313,-5.1189612007662095,-3.394861458699663,2.704258190701898,0.23076520119473187,12.6410109356451,-11.20523635161094,-4.735114804950669,2.534127417222929,6.534615577454584,3.837413504532238,7.515759042531748,-0.5657377365053814,-9.686342752585084,-2.3182091810979704,-3.4602788705309924,2.5729747817158097,4.3617948156061255,2.939051882555989,5.378498993099793,-1.9797059394879948,2.639375354865647,-1.9451353193263252,-2.751193836714299,-1.3596974039641914,0.5324487974322109,2.4419259676800373,0.20932989786654452,2.672511326727824,1.3894406007755928
-11.341629112090201,-40.754626972513826,22.162141473927417,17.507656469259615,17.69528368644597,-35.40708129058647,-4.996765158893304,-6.432595074533456,16.139777728188136,-6.469588446447833,-1.58789406829232,-13.998574951526209,2.1657978798062394,-3.9543224942280975,-14.295338260886348,-15.231439542776176,9.993051889095192,-6.252789429425351,10.531107662178039,-1.0870639253060794,4.575835871324792,-13.373096635474331,-5.183626986486617,9.93897070957585,-5.602182223933913,-1.9088190979435478,-2.5975029074268154,-2.8987646835089396,-1.9564274560919444,-0.8526145134861487,-8.263848493246979,0.63826980468674,5.43480525435723,13.217622328709874,1.6081171035613098,-0.20836924485299319,-0.1829429767378957,2.027001823537496,2.7320318966856973,-1.5952472570938485,8.759248346787102,0.39199214317845266,-0.005616357612313864,-6.2576862671714055,5.564707834903512,0.3057827194997537,1.2893575282795595,-4.523538480992521,-3.348987178990835,2.1984485530062203
43.080129187377075,-13.653204181032697,-28.867198869182527,-27.513445351728638,15.405396973503828,-19.764761663527494,-0.4563854095643677,-5.387597346368216,-6.422295656211698,8.23789888062556,21.585347796492513,9.6365165981613,10.69173683718446,-12.732017303316812,-1.6413420407466295,17.396902134550665,-14.965156303518727,7.738991684083284,4.048777960922714,23.228372900892285,7.159211939885244,-17.25833046764958,-6.828932269974378,-9.924730597611227,-19.267738201966818,7.759032393465161,5.0282466185124015,-0.07983970479224364,-10.303344876803969,9.6359019074536,1.3220298124498178,3.27796438412685,-10.155504321560864,7.007918554943128,14.463332782219195,-2.3272060717745453,-7.791358532897985,-5.07215245978973,8.35172303036261,-0.7160925846088995,-1.6572252582959974,3.242672446291927,-6.969544668828407,11.066565612003252,-0.03195020431560422,1.5014382291204993,-0.3869039892475159,-0.603940925775439,0.2380816966905984,-10.612294075138777
5.396891442501172,-13.347672881150032,7.31928153773812,31.216325865075728,6.038742619248641,-31.540940452870785,23.897905587644946,-23.23319622347001,2.4286270763611704,18.063277126323673,-7.878062551117881,-2.903544183981353,-5.029732611642925,-5.05771860403367,-7.768078466443649,8.013060202819567,1.023535442776323,-6.9236004776481135,-10.118370930267094,5.1598051330850865,3.280150797694591,4.387747553021039,-5.033004615840268,-13.55963219326391,-0.585590210667945,15.488106747664519,4.761211710160248,-10.877862036620913,12.681966802458664,-6.773738444308884,-1.0514893458323293,-2.5349284311865157,2.503990158435216,2.6058041904334184,1.5755117598111203,0.2921495794189119,2.169945351197122,0.29027369703000094,1.5285124799979748,1.9504089445531263,-3.8430115945971237,0.8385095913712652,2.629937334774498,-7.293446687476362,-0.7531233968932183,9.742141214171166,7.667052568684107,-2.7586628891411724,-3.044544161206129,-0.2804253869216988
3.3715708472575896,42.157645992530405,-20.54323351951449,15.743813740086715,9.121468900328036,8.316990920970529,-14.507988546460918,-11.463702449171391,9.975143822320193,-13.522391956087032,-13.914621044297519,-1.9954643129116907,4.914641502848709,-6.840056373063911,3.2392079110372363,-1.8057889012548993,-4.749511194257738,8.008864121752676,-6.49093614689331,5.109976780596876,5.374300797007294,7.410697336218601,-4.964187181239146,13.219308692535149,5.6201920824913625,-1.049567895453572,9.656932526239643,-4.951751508186436,5.108487998358031,4.52409670391179,7.2253057259534,-3.3890254544313065,-6.133083205724568,8.945673459075111,-2.55088388570296,2.4706667451414224,-4.372379939289246,1.2786907119855029,-5.620175213290073,-4.924475241405028,0.5157531904341051,0.9283898227630529,-0.16110192048711253,2.4715449137274157,4.919914540610971,0.9062542511767275,-1.9533478880533257,-1.1455805679631594,0.4521354774630234,0.9867770087520764
-15.23937891064375,41.054299220574194,-39.245800613948525,0.5450086702344855,9.234482330456009,-2.4016598320679994,-1.7483916277603853,6.051750433814653,-2.7049972143918137,-1.5647577824953574,-6.960631625280535,-7.180188718261919,4.107782421419699,5.3738797604177675,-0.11372686014468338,3.1223514924972458,6.258738255377925,-1.3833866795258942,5.528703761262462,-2.0222609234797777,-1.2122184430524943,-0.5845942258069438,3.8499066830645634,-1.5305634917900304,-5.1856362833184715,-1.5612376255283167,-5.640666374640395,3.5571241289776383,-1.3854925385019874,-0.927343991525398,-1.6872393335119191,0.47562755485175373,-0.21951675679906074,3.8288967015434108,2.127927546271309,1.818820229077665,-0.36631370695128856,4.852823436289029,-1.940781872430663,0.5653419639508046,-0.5461512694189429,0.5457948156097538,-0.9660131299171074,-3.675347603683249,0.5053471739627136,2.678109943483238,-3.104384996596074,2.287907348749892,-3.041004826493849,4.4534442695081236
-47.557112926748545,-57.15385618993767,-21.111622879166713,17.610547134034025,-16.20036262946015,20.92395463156551,-10.70588361005329,-9.28173054607393,2.7841653408171716,-9.628792496815903,3.6243179930920055,-2.5755926454731877,-4.347184124064458,2.2963520053547137,2.8643506234502674,-1.7763973002841043,3.4192859438003778,-14.034020276551082,-3.9585305213383877,3.918856198568106,-3.470321492291516,-2.2828408628788117,4.988446985223633,3.198708608259819,-2.441018510730206,8.731884106484392,-3.104561369939677,-1.9336974798565258,3.105616833218394,8.768530041371818,-5.88901003319657,-4.838405124858543,-6.81255364366967,-8.814839862855765,0.535650859950884,0.2731904388077608,-2.2750375407404277,2.1592803767582787,-1.22818273427748,-8.78274362291291,5.287348132272467,0.2153441918661149,-6.61269939318308,-0.3576036031106808,3.592653940529751,1.969393585986562,-1.6078398438682764,2.5828143440218443,2.8331650907400583,-3.9173505593609916
-10.474702308725274,55.07475686208767,-42.75519086953888,9.395568978352308,20.162676322930047,-4.0330941616218325,-11.042996504581327,-17.210456374854946,1.6414712993104,2.259259126441821,8.187816807426628,2.9827200395276203,2.0143456078608173,5.384951193046197,1.20699784509278,-0.6240459278246869,-1.3279362828049441,-8.41210240150025,3.5941174604490023,-4.854658405584211,-0.26390211522273727,-0.3369152064878597,-3.6681533843542797,-7.5614725083901115,2.5871125160379913,-1.4344514388125649,-0.27999295351696984,-2.102081389048788,0.5637440844877113,2.8586344306447713,0.5682200137831743,0.12100831982567199,-1.5184957366072296,-3.688785898333271,-4.135590970986446,1.2526178878148306,-0.34411461637560087,-0.8991029121381549,-0.0030292993072597416,2.3976421116706237,0.9144781609925743,-1.125001040142051,1.3441051535596296,-0.9288659281268828,-3.9554297088523183,-2.0865756819644328,1.8603599886816318,-0.5024752242484648,2.697257194386307,0.31900793114182874
-10.370291212368556,-21.874637876704377,7.608421912780849,36.00804475894724,4.3334632000624955,-24.757469107543393,19.630897810435478,-10.247226621443362,-10.161543665685416,3.3332719273467,-12.650822685195354,12.756618237034274,-9.337510551563412,5.60867712152691,5.21618072759284,23.843757985455156,-5.99938500336059,-11.614155185570157,-8.114270599771439,-3.7296579897898745,-11.284163857433722,1.7315491851782134,0.457921552581904,4.896576369263533,1.2697427547856384,8.256528337982129,-2.6206541602715268,6.1242243637038865,-10.420224014838148,2.9380203669049396,-6.069235516996459,1.6688415541867472,2.966860629194396,-2.11182291823736,-6.954552643157794,-2.6350789968374113,-7.292471309793634,-2.086496606472759,-9.188102490654865,-5.705009988711092,-1.0211935839201889,6.370318807936346,1.295308382170176,3.6743472326227993,1.0986949226356468,-1.7361513094163328,-0.7945694237920186,-2.7272845880677843,0.03871629499337694,-0.05174051390228833
-16.995066415176193,9.16786400029781,33.62372141473612,-29.306690366924684,-1.1531069363007966,1.9785325084858527,0.5176260269360509,-11.027751348353602,-5.8285683755781355,-14.75612614018591,10.281044573317939,-14.924659039725794,2.0652187115098597,-3.443257576325175,13.547948294905433,-9.40436471496411,-9.160247320604062,-0.6521024033438177,-1.0999680800910585,7.427729827538234,-7.720266186842655,4.145372682559681,-0.7887560715345889,-0.3863491434085637,-3.129511258839302,2.0973548112261318,7.248284212855008,5.836145643387017,-6.097520102309102,-11.747975573675783,-5.285454552075706,-5.571612035841392,0.8226209004588618,0.8258580690703836,-0.715407836264163,1.58369349022814,-1.0081834925110775,-6.453986008708133,-3.0963908738563117,0.5043036143640616,-5.906479752700633,5.412740786704779,-3.0283224775754443,-5.429111628224828,-3.1065892668134576,-1.223028776975612,0.73503235921433,-4.537877428419039,-1.3898885794097333,3.504305411216704
-4.355145994801862,9.256046150162312,32.476579034938716,-15.339857216754377,14.641471134398596,6.701371780027201,6.4478480380346355,2.2421423854536324,5.5253078599102246,3.116400392531647,-2.399998147095682,7.366132085403223,4.6434530943587005,-2.7153368438130236,-2.9865158891839516,4.62583223749861,6.961363025515234,-5.124946623209135,-5.278044183828505,-5.768082661486334,2.406931206320269,1.910794717020769,-4.941790282156401,6.627547469481678,-7.135567025136773,10.866334220715883,-10.232548073724654,-1.8762227245977736,3.5432538636910587,1.027289280320347,2.981543262911073,-0.0422941789812408,-6.2663649075231245,-1.0634225386936667,-1.0857325767389008,-5.911064809165913,1.1057485368922702,3.5850551374205324,0.028904746536457974,4.54698973566945,2.298706568287763,0.9045401602559803,0.667303931203533,6.795928243603453,-10.301998584124163,-3.5003054382041543,-0.7906680749066302,1.7020537013569963,5.570474913002607,1.374867806505745
67.90520895114899,-16.356792404619288,-24.752338872229934,-21.27717349531256,2.947151142526844,-0.8288399176276768,11.187303608500414,19.543518582258642,-3.857319132889121,7.295540145343641,3.4510458934992094,-0.447934975466657,-0.17743407970247188,0.35670684999099334,2.6962716306258376,-6.823542905765894,-1.3441251155115301,0.08893202851890163,-1.2480502893706131,-0.11412056994863946,-1.5346164932095172,-3.470061906612261,2.2836607566129192,8.796387126197825,1.1158236314957932,3.0449516579260334,2.5186360640439838,-0.8274030637661283,-2.295597050417784,-10.400025018312956,3.6360560565994406,-4.994947113418568,0.1392880063135561,3.3517958780086596,-1.5562259956091475,1.9697843689883137,0.06360262807373362,-1.7186035628292051,6.781768587616893,-5.348550584997003,-1.8116407756357102,1.8373796016764652,0.3625145293362037,-0.3732079324731916,-4.200364057534659,2.1760735319711944,-0.14091366396697158,5.299285714132709,-2.461023750609196,0.13518404169094406
-17.334914350036545,-24.00583027448638,26.210282586628754,2.526733471959919,-1.024083596490852,-19.351473548467293,-45.69601948044283,18.06849806737025,24.16341617949929,15.519509215287055,-6.12915608225484,0.2835806127403371,10.24383933495079,2.0298277301421503,-4.401723577342691,2.112993420036839,-3.2682617786936374,-4.973380916620004,1.1329064067157004,-1.0041368983676109,-5.747329953205435,0.5464576421144235,0.09346313519602854,-3.447797450969895,5.032259676412594,-0.8639346939100833,0.5086526645900693,0.5401278726628329,4.393438147714372,-1.0587946740596383,-2.118829077844631,6.479222202283682,3.1940616589610578,5.472132600667128,-5.88914339114821,0.5866398744582751,-4.001291775787108,1.3315853744936816,-5.8409006532234455,-6.027948852994585,-0.9880454468807068,-0.35896389038085974,-2.629169884955359,-5.708308393646846,-0.38588215980251495,10.728236579741269,-2.270337448508226,-2.5993685026320805,-4.896538124631501,-1.6507857937533175
-23.45888833302607,53.206188404522855,-51.6035670296285,3.7807514868084957,2.1185636068668994,-19.017311947734658,7.079197616771954,14.91834888046772,8.379857551920507,-2.115857560439442,10.334931803061105,0.38984090891409073,-4.772297327282093,0.23567949279785977,-2.3059351546809177,-2.923079532634071,4.546652165103519,5.092990642265572,7.704081878014191,1.8105777397888,-9.876717868418828,-2.256441289764882,3.2958099595519896,-4.54660673458805,3.548742902405987,-1.0179889270336016,3.9530462103166455,2.538807820782783,-8.231085168725036,-8.348109760532616,-10.726128490264228,-3.5768123533900784,6.655152087981438,-4.432011678276895,11.25944025575919,2.434687634955164,8.519322126115453,-0.7420065197148192,6.884152860006612,-6.19898616588589,-8.195896229510963,0.17830069645606672,-4.935097723543946,10.041702104586088,4.660607218216939,-0.6826061218669233,5.255213952286382,-4.80470665946299,-2.206134260361078,-12.32999896201715
58.168273110202776,-22.231283148362465,-13.14476534529708,-17.386804632795013,17.868885393090356,-0.12056049403128165,-10.248160821444358,-11.044974697966474,3.2862844633057855,-6.5594411420865635,11.32352304353437,2.9438796958951015,9.084458831287941,0.7824443518953421,-4.276105113128584,16.53377529643155,0.5412912453771158,9.624766734602929,-0.294132305821432,-0.9852063075268441,2.720062158859088,5.940380903661337,1.215563476988446,-1.3486293164703131,-3.7594835967013434,-0.2839926435748461,-2.713369864484915,4.591595577728014,1.163143160219198,2.8806915325375733,-1.9980179038652757,8.626855927214939,5.174148987514719,-1.1827014147653399,4.068986657853496,1.4885144606552168,0.2899653234308691,8.090645402610413,-4.0606474098931455,5.195060883437102,3.332819935504167,-0.557288156421305,-0.7764747297626374,0.4147916903246397,-1.0335522491057465,-3.3272058548941814,6.181950599607872,-4.610422372641252,1.163508709289468,-3.2631955021872696
-13.957703535423224,-12.841320412261219,25.06988758634397,-16.462706524320662,34.45396426968035,-16.727173927350922,-38.203088662485335,35.98214330804597,1.1481163514329578,16.194721122726033,-12.74977081998856,5.766147184584028,-4.9228648564455515,-15.972162478406297,8.758449330005082,-3.223370795390782,-2.188791994869481,-1.387602506003687,-3.4206751049182538,4.444841205965965,1.969756328385291,4.160017793164463,-0.5821417307001475,-1.6918712094222443,0.7464166289014288,-6.627124525258886,2.708033303260236,2.977808955691075,-5.326282167750727,-0.5465037248552123,7.682920922528543,0.6985690665510433,11.049027727884805,-1.277954181863231,5.23623182204403,6.348646821438269,-1.9633340164237203,1.1743382729453553,17.006070850423608,0.6711416267604164,-1.533511719733259,-11.618083731383866,1.3077067578522428,2.027425344079703,-5.679303129083096,-6.117038448029416,4.158431595847706,10.960792639058303,2.754429502654607,-0.4368825529630471
-38.17838006920569,10.10963017165848,12.65796897046737,-49.44741628679408,10.506756813246506,-14.003541848972835,19.417809027095373,4.514469741550778,-0.5565869101567933,-10.960063077558562,-9.184263719703733,13.029792534084011,11.517639683070596,-4.751993152070544,-6.316554816231103,-6.592566928656799,11.670872360930092,0.08294926759686819,-10.074613074955924,-9.040177526612275,13.979196565076027,4.7966547724785915,0.8908373291274402,4.107440811471701,-7.355257347427007,1.9990204386355483,11.384014292145642,-1.4989448063821549,-0.06264367410757293,-4.073495071783722,4.004467343748965,2.376821120345815,-2.7043045730384163,1.892485978593391,-8.458059679961657,0.18686526159731406,4.113639747272468,3.0108642210743963,9.026721145383611,1.9873855603262867,0.7288957766092149,-5.23517604924985,3.269844122550912,-3.362595949858577,-10.52561304795734,5.906826547703231,0.6983257280946803,2.739158528962423,-2.2303815227654398,-2.0383481881931105
5.622354483819481,-15.670585558085762,24.67803662355103,37.7283733429527,-0.977241803438618,-11.42498583754458,5.650803637796304,27.607832483582325,10.28267071078266,-7.500680343406761,8.183890940573587,10.057257831337147,-2.5114930396013047,8.513407068401236,-5.149764124918283,3.0980127573607095,-15.726690867467182,0.7178203050612273,0.6188598641736737,-1.2166043598398055,3.3949655323437877,-4.879980510076151,-4.0802886584536315,4.578704418873421,-0.4434313380309036,-6.172210966336615,-4.6859365857778155,0.5872346009070329,-3.9147762529010715,0.1669631433415536,8.501522778310575,-0.311919472772719,4.409191330414046,0.6027943048201849,-2.650977394833565,-6.135263165106744,-12.323914439494482,10.138638745800856,1.9715395471877697,-1.698784761535383,-1.2589043295148719,-2.9358574245557043,11.055782786052472,-4.13673316655445,2.000116728089417,9.081130005967294,-1.4222165787735312,-5.475539851223532,-10.624683982051037,-9.611983552016612
11.948616101333773,-7.244085056460376,28.494805985830908,36.41810154469999,15.073025078408975,-1.532319537397655,0.3573419834877973,2.6017089349052083,-16.736719102337904,-2.4310428725932858,7.859595784171047,-6.7613090290907465,0.9455039948788418,0.5031133167075191,5.496922075136444,-2.3702252250320024,-2.8960934693462965,5.008698315820529,1.8826101487894187,-1.2609483136425508,0.5323031856347138,-0.45505721363315216,5.994214849962919,4.4165279379955775,-0.6631053153698135,4.00126727216395,-2.351414782132308,4.865741592710649,-2.4277978412120724,7.898296341887822,7.516190226205959,4.449242580079483,-2.9589850611363433,3.068242558972939,-1.2089839979507517,-2.586761852615389,-1.8229277677756242,1.3239042217106571,0.18089432030509234,1.5409885658704738,-5.655478143895433,0.9586907947157148,5.415029869237302,0.14129356143489583,1.7368927174655784,2.5573900866287294,-2.58127592502454,3.213403964481173,1.2775783912445957,-2.3638141272253548
67.9250112656951,-13.663618645266189,-32.88144091408822,-20.6247706815398,-8.892766032825689,3.092168230366707,13.63892070609611,11.521514814487475,-2.3776464481819524,7.737167284865212,-16.34270200382079,-2.556866285802886,1.7721437980760457,15.985132389869317,4.000035072838536,-10.237592074268345,-3.4547716577772056,-4.19793054823094,1.707674417103328,1.2809528515289452,-1.1480645910752647,3.035028685012573,-1.9725364395134821,1.1570358429314573,-0.5713855859103985,-2.0626061331039662,-1.135002592666546,-2.5272433824473337,-0.7514538591913028,-2.03801121899417,0.16011227167498485,-5.04695866221435,1.731746840205376,1.5854438560149013,-1.0160539054717377,-0.04119484320652629,2.737973969489959,0.5929602520558861,-4.27694834814844,-1.281030484251081,1.1715153109228496,-3.286395085381623,0.8977301852536212,-0.1984093609533318,-2.4053273632245973,-1.2471822604343357,1.225474148423879,2.1832542312495002,-4.7325846274632015,-1.9747044358957242
-26.731582007324803,21.84508188521717,20.059083051260508,-27.363662333515578,-0.7597841765846256,10.730817864419201,0.10585025251648843,-4.867730335194794,-29.690657584556114,4.988155223011858,13.788634538662864,-6.754435074700655,-1.5258581548216419,7.811552022374482,2.877794803983071,4.092017102634184,2.24908364301931,0.5574207345621952,1.2412095814268815,-0.6454549850576784,-4.59678623848062,-2.8387818861399765,-0.1962130629776593,9.02160131099232,1.1278097276713523,0.22426893376577314,-4.7640403958932644,10.709800026016412,8.621491125226255,-0.49348536803268184,-3.3603636127218626,0.8231344797581823,2.7640954973072325,8.014323214255478,-0.3947844769539553,-8.10897157977866,1.6872431886829011,3.7638357939864404,-7.482007334234145,-2.3093514890177644,3.0557871006469446,4.743239357584805,0.9982869832270166,5.886955549328892,-4.692202089837965,3.5062646212418125,1.1594635457486864,2.782197187353654,-1.8723231029714495,-0.9341176704464025
-17.5388439050259,8.844230732404982,23.52382478981343,-38.57091840800435,17.60686459740745,-3.262630577642331,13.171208250719497,-10.352893122757424,-7.5765303023537856,-3.8260070056075577,0.19357491057234713,-3.769187656396332,2.60207021779316,-6.284085669098095,-3.936414755019823,1.782670257975957,-0.9933379718532752,-8.317698808548926,0.18922058887605625,4.517717554962026,2.047072997406673,5.067955105520545,4.43691669881388,2.442766265468058,14.035116381083656,-7.306582385650196,3.225095547206408,-13.07350729415256,2.529531047718911,-3.2897603172701784,-2.0491969533548686,4.766382248479276,2.3157613556093235,10.305942139665914,-1.075126540967779,2.5275623149009308,12.458133549498418,0.1493396637188455,1.9017050265500597,4.077569566070605,-8.223014003819452,-1.2003597201614444,4.680000881290903,-1.500043131316207,4.223081100360134,-5.726453225574739,-3.954346869347219,-1.2811977321188894,0.5280945117761444,0.9062624417127826
6.0546130049873765,-9.367622926097336,26.394808001983083,40.77870409593093,7.149735281662675,-19.552892601211497,7.514335800650654,-5.92978355266555,-15.181943022057949,-0.5422566901983685,21.619505495693673,18.038943871960704,-13.009352541008605,7.273840932221669,5.097053534346442,-12.457414485366769,-0.8766968570075006,10.89035947725739,0.7681904679655539,10.626563104825015,4.48786169261638,4.471735196871072,-0.14064735367330403,2.079272404102708,2.2209512471087214,-9.086529764526869,-3.560419223499412,13.733682167890914,4.178144502787806,-7.330115595842089,6.244609685535509,-3.511484216888557,-4.012125003043452,-2.482329520973138,-14.39890343609698,0.6384900110250206,5.008897561532324,0.7996026322918722,3.7568675220811674,0.23030479105479962,-2.948228848199996,-1.7522742865673953,3.625076820915814,4.403797813464452,1.893202318559924,4.417999572622279,-1.945254696842231,4.696775107476354,7.131328788472679,3.892109404614224
17.75531023508067,-19.325070807197186,24.151239179607014,41.3587639743078,9.432103672834025,-15.336436990567258,4.625955869137809,2.597261461608777,14.502768045715,-3.1970062754152346,-3.717632398467626,1.7659507735829503,-9.588629085731887,-4.569905480879321,-1.030824786370644,2.677858860064903,3.431555713588005,-7.031229920324701,-2.882263039319885,2.9377560425774645,-1.840138306283527,4.733597886934568,-2.2387232584342356,-2.7973942409531802,0.48993577569310187,1.9528897861507273,-2.1805905432057533,-2.3716828347897545,1.2077533548105235,-1.6402717273797849,4.3022483602455805,1.8637311209382637,6.80059206084106,3.579635980482353,4.735527609030451,3.6824500850310034,-0.8792411739725995,0.2417584479604617,-2.786917415207383,-1.9669717673549265,-0.5559215476453493,-3.131863585680219,2.553480613671378,0.4753559935543465,-5.2530728115590435,6.238273758801712,-0.800401126657706,3.641160226823382,-5.540588611247178,0.479167060519491
8.792569525921536,41.306551391467046,-18.96286516022302,29.521652872591623,-9.145621002196934,10.79764392730474,0.756909671133874,10.665926024922612,8.390365967509638,6.066166493414715,7.016186027288765,-7.449614733202992,1.8773416690639315,1.1118980616212062,0.07950004170047911,-5.284063106586843,-5.245097328888335,-8.928548310336815,6.273319001640051,-8.87966106176107,-2.3804457663113836,-0.6465724315711849,3.0163108694124743,-5.294931525912749,-4.021153823618263,-3.965556598835491,-0.023760492946638973,3.959591042638383,-4.1770953123563785,-4.318176145051761,0.5942820254652049,0.7851084363464559,-4.443870616615539,4.991815163260305,2.4608798692981306,0.9897888421200922,-0.4891229386775215,4.7565567437368514,-2.7500412995113717,1.5385181011080078,7.788551700631725,1.1013325901401825,2.743678241045491,-5.224500500397799,0.23599592577593131,2.839699197477803,-3.30251365864709,2.898469799737793,0.02818120011978595,2.7317441637246076
-4.8201334858805485,-17.84660761193946,22.635393151516816,40.22569229350225,-18.934687493403704,-22.42381484296474,3.746133154286781,9.97440975486219,6.151422467556438,-8.03294404754704,-4.390972459742513,1.8096750002668822,-17.489706068406644,6.883467976058503,-8.156805582395544,-3.576167788599733,-1.9104515773297035,-7.95883699848406,10.38204855359361,5.575720481653799,0.9361456643836881,9.127854928794802,-6.718071438417163,-0.6129805783312166,-13.875321239184132,-14.247063990606588,8.600434586212293,-0.0031565034644135386,3.588149346807386,0.26313367649481567,10.107137570215496,2.641727798151439,3.7445895659198274,5.977440779601301,14.110986234893259,-0.18727380405639013,8.707892469805454,-13.540776923425858,-4.62249863167332,-2.038300313068058,-7.58380729416096,-0.21289843106893433,-8.318642481395791,1.4073571492059773,-6.856977698263894,12.785166376015434,-7.454336796483504,-6.320822321206638,-2.8488421940301865,0.09866277861311935
-22.992961265015463,47.154172451401635,-41.58455652560312,16.452869871730947,-20.346916498608337,-4.834222813023752,10.004995006200641,20.82803285154695,7.563945959948899,-5.836783013350104,1.0373126175327203,-7.753531471786684,-8.049685468261167,3.9194175073775477,-1.3074504043127746,-1.9181732832036988,6.6893207436877145,1.6181054221883637,2.004541923393104,3.285606828073605,-6.674086750652354,4.1624749069743405,6.48944303522201,-3.1552415306798474,2.83098289819179,4.5251384779463635,-5.297771522399947,1.9405352426267077,-10.289221736070788,-1.4124074284606345,-3.4185652983006176,3.420118709590092,5.806832566756879,-6.068259892259533,8.193558881297077,-0.12483979731055639,6.752594193336967,5.656132000799848,4.455780881771718,-1.7629386515368777,-10.7064832135254,0.08586555382230718,-2.869416652778422,1.1466469850128398,8.820747497925892,2.7976374805399824,0.35560309003262247,0.921466150288719,0.25507900557429464,-6.576352196059291
-28.85548775658002,-46.1427139092732,-10.323274082762495,20.0374451879521,9.348182059837056,24.847930941178017,-11.148894588501916,-19.38293091658898,17.49793720246621,-9.693689647559468,-2.9895582345975766,-0.8650455725118787,5.327753941129381,4.631718347283203,-3.7266023690684453,6.812852666632765,5.041681469089014,-16.458684425418554,-10.431066964959017,5.770087084381826,4.144483796097884,-4.069548699750059,16.75260474092544,6.959601698859393,3.0147675646902177,-2.6728127524680487,4.887862574409851,4.786663596375561,0.26624774321801115,-2.1692437032338536,0.751722188364428,-5.229105107462498,-9.173433189845978,-1.5096778558218422,4.466112019434072,7.528337279933644,-1.9104397442314185,-0.2512616280764029,0.9132837161025892,0.7565556886002813,-2.7237577335105945,-6.581687884874642,2.751192890568956,2.5273775467661945,-2.452661074108803,3.2515226754695106,3.8213410829268413,-1.4726957033132584,-0.09746227426950785,-0.693677558964665
-6.578773411098835,-10.72884809480448,3.798766952027846,29.403125901067433,-8.118341895290472,-6.367428836026708,6.8634333296182355,29.508323390993393,0.44496454715279954,-37.035018605669634,-1.3284196036244822,38.068901830719554,13.474344032612724,1.4840727841522088,12.768653439978499,3.0602427287351994,-10.793775807745396,-8.676110436585564,-0.41334185076128455,20.00672867854894,2.644537427962249,-22.84033401145036,-2.178953212151296,-2.7929177575357715,1.3208146801569682,-10.485088433032075,-1.7740498193801066,-10.250121678311803,2.3584379057657046,-5.265286294273091,1.4136022782903255,7.551644032216252,-4.330062363744491,-1.7848699088997941,1.6062168328539002,1.3464429464925733,17.322633171625096,-0.875525018794018,6.142040402197064,-4.911566154448637,8.030815526084956,-9.066027889803708,-17.314748045693467,-17.909633296844316,3.5233934853596844,10.933753260862852,14.760052032995507,-4.032646665000708,5.182337518424652,9.96220064486945
-30.17298328384961,-24.587178912015936,24.543285180141783,-14.364121741399293,15.884325920728056,-22.113687476431032,-42.600076400647204,17.875149310525696,-3.6639412629770693,10.047335200632464,-0.5138695624554488,-3.5222026219683666,8.488258485006432,6.4921792537593985,-9.270107945399811,1.7071573719083137,-1.0576819878833321,-4.998932208236368,2.175153058361281,3.6182752105186564,-4.172487234643389,14.414544368520051,-2.2136949498455887,-4.948793927817956,7.585807449467414,8.250161196341777,2.0727915202528724,-5.856329783999291,6.17020992706326,-9.45470614187859,-2.2420704444262776,11.755677039672864,-4.607214633174981,-0.7990573777470116,-4.667909548264734,-2.0760308881206844,0.9733734044359676,-2.265008426535845,0.45732994192398513,1.2726119524725004,12.134871953282788,-0.8069972185061467,-5.461693323101904,1.572466953588817,-6.3258277334598,-1.2015139853936625,-2.673134301395239,-2.6237562021609366,-5.3608070514946435,-6.338828120929749
-17.153749101912464,45.684984533935335,-30.55008098601464,11.049741903001848,0.60279797500206,0.6585328720796887,2.1580909758061253,16.91261934739944,-0.039236010387075054,-15.401957602838038,-1.8052321551645174,-4.16850413991982,-3.093628289019162,2.042605822812449,-5.085277761781246,-1.9921756506783537,4.920119972524581,12.289028519176554,-2.398391312808693,9.191434210105335,-1.0028922676162835,7.946903129536802,-5.680717186293902,14.260409556779184,4.716664517486573,8.150276652904624,5.176473778196994,-4.366154798133129,-6.178967287216489,-3.0658239445269597,-4.432911454126312,-1.517352187651351,-1.5402701031259887,0.6208718614081016,2.3827765239134076,-8.018313153857944,5.523352681990636,8.115324615543877,-0.5312101196221183,-6.943615073353187,-2.068050937512337,4.164590785517281,-1.7515054916338764,4.795760466034864,7.182555816422805,5.896114839804115,0.7658553360256609,1.230483169708602,1.4476151909035264,2.8297007399864755
-59.98757290498881,-50.71414748056743,-35.62704258396143,-2.5878242938833567,0.03912846391272329,30.384466392158,-7.250436055396211,-2.973469426430726,-14.13083207369333,0.6034854967199912,-1.6565541024389543,7.580217583555069,-3.6736609090716272,-13.327900778255028,15.740286687432684,-5.771037152469192,-5.326821323122016,13.578600984108675,1.7937100185289385,-9.511193017225212,-6.95399375307664,4.114440948328647,-5.685370797781612,-1.7167894874054985,-2.7966195012264574,-2.1115550945063912,-6.337385526854525,-3.4536281860685407,2.313423548207732,0.9843616650449347,-0.5021253311461489,-4.947012250914787,-0.8969824483142581,-0.41294352407588203,-5.792833079720699,-3.357855857434063,-2.100879005541986,2.9771698642217292,2.470154752486053,-8.558074591122354,-0.40691373698578476,-4.588065894315791,2.0749686193967056,-0.5406604378204178,4.399744420723093,4.389394722179908,-6.903746387651028,1.626104271587267,11.917268061937742,-5.978285107279378
1.263262016097276,26.13484089325311,25.856528511956757,-15.14174312763102,6.121772076040543,17.71248767024971,4.979218344635476,-8.233829545309794,3.0895602495345034,14.612341164579147,1.4308779323590999,7.10058468522389,0.9267152256833041,3.8549324568927927,1.3733318003727637,6.211403812948551,5.714971571519032,6.110887632174786,3.2124938364645157,-0.710955435454396,-4.860384623074176,-3.637039638345423,0.8046438401865119,6.576345946062571,5.676596881382535,-5.8632271497747235,-0.5337370041751551,6.556091117601429,1.3732118171383934,-4.553468318708297,-2.25739746203006,-6.358925906592902,3.6015023020277397,2.1943095872259812,1.9130168633643105,-1.9339354395361892,0.28780568019076685,-1.77825480730674,-0.02319212708854591,-1.4069870975576029,7.996260216559773,2.136344319898987,0.978014598604901,-3.68987040812852,6.092502576182369,3.3662704900960265,-0.9302710837283621,-3.6346470048866353,0.8946255148493847,1.2361882388214616
-22.90218330879385,-24.00660865222779,20.833275614376426,-6.804456972524048,19.461548659040314,-21.14531624293874,-46.62536804523471,22.901127787993072,1.762034205775147,10.900944660115067,-3.3522405692129102,-2.080436116915777,12.015408251977759,-7.323767896538489,-1.1352575330238746,0.7926711944299888,2.824301282173657,-13.7470626194092,-0.32626546884312496,1.1012205950377825,1.2421979322043288,-7.046260331638602,-0.5911160710760303,6.199410503777536,-6.922196087180405,3.041840177371175,-10.599517095843478,-0.6449835851779859,1.722175536568676,7.0071158921803205,-2.2938298881898587,-1.4250792299051598,7.603492371411749,7.8083220102206035,1.3433629159650147,0.5021666808643882,-2.170518149164172,2.6271376560165853,2.6922053772677232,-7.182995602289921,2.6568004133947567,10.31106716022829,-2.4067010831941777,0.30729548000766127,-5.230678574058727,-2.584128528119901,10.378884787256034,0.0640366466252794,-0.9364305734020439,6.954359386570752
-2.6309114100350577,18.678553041738738,19.255815722870842,4.473813421078127,-64.4026166187885,12.499420542604117,-3.354217033992825,-33.532348804905006,14.811249710775543,9.720252854832923,-8.76082773309948,2.4087470046796513,-2.15496218076621,-0.5765852090787872,-0.10185422615401508,3.2913773973242755,1.8051426557355317,1.1950163246352243,4.827218479834001,11.382340381910257,-1.8727318455383097,-4.755084758313152,-0.42444835158126976,2.2033390658621643,-0.5334727569076637,6.920673584989896,-6.845494074124245,-6.909449568067207,3.233381609085473,3.0921247991547016,5.728589584444426,0.0094395783453588,2.471902018615792,-4.4701228803572866,0.0809674561980323,3.7803921744602134,-3.7666435931630997,1.7462982779732599,5.6832877760337785,3.2148181794510062,-3.88282942363234,3.675863520641033,-0.05116054794170851,-0.41119012614307715,-6.781620348117274,-6.152323906239099,6.39217130879035,1.93636241792047,1.737165453290656,-2.223588066364723
19.147461098642594,-9.484420379360548,11.028565457350595,41.98125763607997,19.217964458622976,-3.38348541836695,19.613720329131397,-1.329763536545603,0.2546411932694974,5.018413069292402,-3.7543057988049493,8.559860575788996,-5.469507618963879,-5.6889965685645905,1.051388369594767,10.353655050658901,-7.785510393419902,-2.4005488271920536,-8.855485767580776,-4.322892826801313,-0.47942827985717906,6.543337048529912,4.767283732087955,-5.791148551080125,-3.433593495994613,6.037079953195258,-3.12956436050095,-4.966269771818928,4.840737977305573,-4.993539348763825,-2.318557568456988,-6.658893796716986,6.635569818041866,-3.4705445321869917,1.6896562000576651,0.32052640093956564,-1.175836880223419,-3.0343685360435138,-6.786359856419049,-4.1995697707831505,2.8433174988795025,2.9786325880540243,-5.017939364250567,-0.9211399623258472,-1.036521758761357,-0.9785562384379053,5.1799848889292495,-1.5265526256073605,-3.1090834176750732,-6.865085382274522
14.80514541415098,13.925383948599935,1.9652053348479597,48.688851171702936,-11.0016624761002,-3.6293463088930635,36.60365886261581,7.042367735028315,-17.597356962296217,26.564196548088084,15.210270126193658,8.462139822710027,4.061445598017629,0.5679847308673837,5.128726064874712,-4.785394107800466,8.209009037492256,-13.4199087110131,-20.773499236320845,15.970785170878674,8.023208098043757,18.07361207502851,-12.600103768913021,-16.84108255890315,4.3871918868253035,5.520047551459531,-6.828848380857128,-1.444716584519031,-7.1322548399038785,1.7441355439743018,3.8939793831060623,-1.758937339534767,-0.8907585226064962,-1.2431880798141763,-2.361674961418167,-6.10249681447154,3.283235216284969,-1.6611883034597676,6.377422811505744,-1.4886266275583706,-1.107009625116468,-4.372897361481178,-0.3450356130813668,-12.041748537649141,-7.072819432604089,0.2456862059168832,0.09670506699426268,-9.956248030320006,-1.8074186908718461,-2.876315564001227
-10.102988429763922,-4.537625772337493,29.03861982376901,-4.816351321011844,13.13847597688553,0.6975516100893656,-48.23744421016721,18.934112059447262,-16.801418137221333,17.92680125811877,-6.200401662379176,-3.6419954515228437,2.6990491939577494,-2.1836874128523625,1.5869351458350973,1.3843444403393623,0.6529940723722172,-1.0658312324808108,0.5504785633345624,1.4314249688915097,-4.850872552472017,11.278621614673506,4.24433652811553,-0.2091693906598618,-0.07401298150558275,-4.381255225723009,1.8839447811206738,-2.4848318487674104,-2.959055253779669,2.61254064927463,-0.92892551109779,-0.6429236132154754,-4.120352278232671,2.75926930820033,-1.0323550900911573,1.657656246422874,-0.5272569809331846,0.6572227545054519,2.568006285781,-4.0314445092207905,-5.681503650462533,-2.949135938830745,-0.5925371848193658,0.7961481380443022,2.774137163988566,-10.572990290403292,7.016200057748822,2.4788860935769588,5.901702468360137,1.2848062195201098
39.76338723169357,-16.82017640298208,-15.716418740975637,-7.109794730916342,-31.576300247973837,-1.3770782549855525,-13.663321926322443,-4.256231683718973,-14.651321649410328,-10.648694751510684,15.778137279177455,-3.160241085046733,6.51032837443494,-12.76221805974408,5.889984736147124,15.11684172648683,12.788348901102127,6.696864873628157,-3.6432661863020663,-5.155834005679342,-0.032707201295226425,0.3771987917255059,-4.6261921955392635,2.73204920918899,-11.42090957302948,-9.280726282444189,4.569944352829121,1.7213395962368978,-5.8682588921472405,3.8209608328138533,-0.8836917304073845,3.1234391781766435,0.9408056307065503,3.4079340774132483,8.683615001667064,4.030136180181919,0.45720249804522484,1.0323688626685394,1.697248800020121,-7.313256215501036,0.22669109595412712,5.83087715803598,-6.257973881736291,0.8922826051699294,4.237761200956566,2.449656731101585,0.8817993303237852,3.4122036963355225,3.3919852277216345,8.876660695095303
-49.8961733736459,1.7066961635139497,12.366498771916417,-46.8602698972449,8.5580287552288,-27.81502768699715,16.838565261172583,15.891637915947781,3.343183608040874,2.6289558275350156,8.678213269890101,9.834094353577942,-9.730279441135671,-2.812032383975126,-4.540446688465372,10.241632318753638,-2.502889966577732,14.263425304725097,-10.907209085434506,3.8599759550234976,10.79563177852625,-2.0096250558909268,3.1496418404145734,5.645389979332774,6.352937009916029,-4.66229923343754,-8.553457398909588,-3.5736240342785206,6.779808015953905,-11.72290910934163,8.767379913254372,-0.08783354244774956,-2.831812962622555,2.085634779743175,7.660772283762636,6.229369267884078,15.898447391702184,-12.206693145862257,-2.9462370979114443,-4.740743015749899,17.032009465770543,1.9161004979890086,8.084958849206055,24.826923939550255,-3.6803966369562318,-1.4339407065458472,-5.860072588572042,-2.5331365018903362,-7.122532731722971,8.759775729687851
-6.715127220059515,-26.17098543594685,17.8232558291006,28.369250901364182,-0.3882759060567168,-29.72378729342925,7.410183263734247,-11.260043682283067,1.5685269008631733,-1.0163072191081557,-13.025353304066554,-12.053343583360487,3.4861031385010532,4.633395740607804,-0.8424208965906947,-1.462141116363719,5.804438680838181,-2.118438125606583,6.201807754814506,-11.667702880389982,7.808291785324811,-8.024440797848772,2.5256719694327066,11.379125535896803,3.020475902923101,-0.886733459238499,-13.196366077643306,-3.5717179953270586,-3.466440336826943,7.271796755728432,-3.703245525491229,6.195991475696672,-3.4796721068217358,-0.21276998667190858,1.4612160374011942,-3.218069985385403,-3.4020929731346876,8.293084945811506,3.7149285572500337,-3.061708119308049,-0.6772956830684299,0.9127011993581678,1.835388262001785,-1.1310634165553424,-0.2380035810638047,-2.1727826226843745,3.6152777003387127,-2.1711467324547256,7.03003552478163,7.938005950910264
-8.474453985962755,51.44632152688666,-32.070163711243396,18.793605882470853,8.157518447105982,2.8202698474392167,0.7314437040643277,11.948299722958357,7.065629778665975,-0.15652763110787588,9.599938139569293,-6.1260495037520215,0.7628515233942184,3.1525429923567496,3.1779574493363034,0.05739712579679349,-1.867930645553491,-5.077049033598645,3.1399532531750367,-4.548806051393298,-1.9803119834549705,-0.8530117305386359,1.2613045600136474,-4.722700374401008,-4.315695230870149,-2.699715474791082,-1.5972067930551677,2.3371097602038966,-0.20087960104324773,-0.16284592520587315,0.5829678397124058,0.3960921777530926,-3.9729002640264923,3.8252918226385324,-4.310507615293757,1.460404329525323,-0.38884361028338604,0.5462766389436754,0.7288924547476022,-0.9192960724913384,5.033564260841367,-0.07561103868394088,2.2536508312218846,-0.6343781848560224,-2.612684644341121,-2.0825712860621266,-0.4265797771976729,0.41371945881955985,-0.7037385872340535,-2.053926904803865
25.238739705484114,-12.781280365747191,29.469270515820153,28.14848548301055,27.42744371181503,-8.913135008628835,-8.598026109844511,-29.88459185961085,-2.8341519514318327,-8.181216623482563,-2.2921638502989308,-10.268662001336352,12.582883626816356,-2.9412130714754725,-4.413530771491569,-4.633714504318928,-4.3868045227212304,6.415415406202532,6.607456076383938,-2.382419850651359,8.10778979642495,-10.197284802234073,4.606014431794262,3.4340603654488904,6.596931109375744,-2.561474421817807,-1.6700355279066894,0.1242642423466626,1.2846919320858643,-7.068468797878772,1.3738177327003978,5.106658276431314,2.410714809353018,-5.5267930320109375,-5.010759682695652,-7.345154602981114,2.3315295928341686,-2.0240207416348315,-2.7332033080508293,5.906030493781638,-0.4072906024532201,-2.2669536529805105,2.041173991547187,3.7950662471154493,0.017546231095685753,1.673559648675839,0.20680312171780532,-0.34982506886307935,3.786595851726297,2.712957045877885
-11.008248358948185,3.3173304627146303,29.67848754258986,5.6801713945086085,-29.327523742285262,2.9384973779770016,4.566201804436758,25.205336688103802,5.097961976694521,-24.524111328255913,0.8149487759980296,5.777166422156893,-5.8531627644069815,26.31737903338277,-4.625702221262153,-9.474427253520906,-5.673206715425568,14.410541728362555,1.0031173062056635,-5.101110633031912,7.695283105630992,-8.955466425048405,-7.0625269325078746,-4.861898572400107,0.29314179076576263,-1.3616093797451778,15.700959521364933,-4.421999640462448,-0.08522634718323195,0.8011449878981804,11.992258402905112,-2.706209364489347,-7.1166134255340765,-3.7917103980035356,2.6311835940973087,2.2734358422025154,2.527663542859462,5.5454812396708055,8.514237997748461,1.352755066153317,-4.576210958164229,-6.223848522870751,12.737375432803905,-5.282969664983368,-1.677292339586864,-2.4131573658072933,5.070805159957103,8.051405675965984,1.3013755755791288,-6.87873135240396
66.30515101784684,-12.139664764274023,-11.062613034636524,-14.723508177725183,22.530509907730384,3.3132159764430176,-2.53979075766795,-8.743810780048175,0.9160594390517417,4.142705549664025,5.450539138589159,0.6724991417704081,1.48080718724793,0.24924023834455514,3.5373468000400923,2.0899359332481553,-2.8109029870077067,1.8514623900950786,-2.9958906539598424,2.3460757757012605,1.3469742777993228,9.57259280622924,1.7418582199100643,-0.8810495640615642,-2.617548717070376,-5.870995427437505,2.0699075505484377,4.131078578762374,-0.8487224559917477,4.783072514145372,2.598249084131906,3.588331231890062,1.586036985593924,-0.4245614160708092,3.017548881096856,0.8982058359774522,4.953549815990011,4.685124626753747,0.1701880653525529,5.6119380804612575,3.5284351653882586,-3.2194607800660817,0.0224832158732802,2.1363013983320074,1.823308167191403,-1.0491500432283059,-1.9941102822942476,0.9420970828793922,5.315573758077218,0.7174607167863122
-6.380808664711885,24.09275518260689,22.012513732305557,-6.081299575363436,-45.02065474797862,16.907487228877667,14.300274996406033,2.4646712598674743,-2.012719650221663,13.685203743454252,2.6290745179696313,0.24835336290357624,-11.236126242498905,-4.966154403630096,4.91974299365096,2.576750419565137,8.023441704710345,3.2353772393018123,-0.1369580345695773,0.12181002635847951,-3.315284272404718,-1.0683829540291292,2.068978942285085,6.16762238694522,-0.29431653506910765,-11.074556629398879,-4.1411468610956375,-0.6602942629268805,-0.5207750823868945,8.870931320345145,1.0364952313931262,1.139327456086235,0.5649533669537906,0.4316831046648951,5.829102258356494,0.4965894443286079,-2.7296535074321486,4.7173157014285545,5.692992445132606,-7.414303133572495,10.448284703160889,1.9967778450269924,2.723729975339652,5.682291763051064,-0.6310545925074719,-1.7542100636494484,5.323039437716486,-2.80393244415224,-2.730149413731761,-2.696013360348789
-12.867515913026493,-6.611758346953731,24.552286595557064,1.7569905808788007,13.690515704943511,4.1237401331566454,-44.90160057885705,27.263329564955235,-21.833364395599265,15.886440664534204,-4.559074469788762,-2.9491160287373295,6.951318368798946,7.601483217140531,-7.160837283631237,1.8362237797581555,1.3721459613009264,3.0167720096569126,2.1813305634599818,4.126834359645887,0.7357424429436771,12.993292423387294,8.935126413750867,0.3316327036196964,7.767492853357907,7.519181523112104,1.864482769630055,2.517264278971527,-4.908753964393067,3.2839776684607034,3.945449660978769,13.876421945358848,0.2663943383744528,5.173999334998287,-1.3355451089279047,2.120166198760428,-1.9913284141356824,-2.095328090820744,-0.05052782356859967,-7.962476651059638,-9.375084805853463,-0.9967351123932354,-3.0841252360963023,-5.4027057387288435,-1.6661062033017395,-6.902485481872047,5.083736429499331,1.0244305618251832,-6.76858822037064,0.8973856572968505
-3.2705154062302095,-23.13075618078385,-5.017936983405522,32.84810528614412,7.105723450821451,43.430095346444126,-3.1321808448099944,-11.226110773329815,3.682029221445077,-6.203279570502547,-0.03896971979693346,5.039264133041822,9.671308810043472,-3.958856821113094,-2.4079146267417695,-4.6518515980491975,-4.6605391724872565,2.9495621103209237,-0.18096597375938392,5.728070506682953,2.190028937344575,4.73757242266058,15.94682739118771,3.561661827347831,-4.4860426309780435,8.630643576613501,-4.4538028654347,-7.091848139003657,-6.207420558313547,0.7017554167128445,4.5927809265463955,-0.6567483739185689,-4.369642026006349,-0.5353393480505918,1.855710620873026,1.5034929851909036,10.195402353539599,-14.02336853761077,4.117364154042726,3.9160201197457543,1.592624500149232,7.890772977513957,8.905462200346545,-5.037525541116563,-2.235513910827916,-1.5559900520569139,-2.4440924415856338,-1.3147938858080719,-9.71597106884621,2.0510568991277536
3.222885461157178,47.549986981071164,-26.754891642485738,17.581678854745864,30.32599783408377,6.194589951181884,-1.3237561409346252,2.976706520933485,3.223736980974804,3.2156596692697863,3.936526613099977,-0.40690830886547713,4.119819231835834,2.705177172179293,-3.4772315878475695,2.073497319966546,-5.660603217810185,-4.2478418338848005,3.425252162928394,-2.6141382237592614,3.1489110204058277,5.823660564444987,-1.7847308466857057,3.133195146631097,2.9235739508009577,-0.9014681569959209,-4.080844904641515,-0.942175171660735,1.77490065080717,-0.6862774519064735,6.896364654247718,1.1025756445662411,-2.1249218642554344,2.5713326835233237,-4.4190704210347205,5.561468815730848,-4.994176990497374,-2.3885433083843584,-0.6109779745624092,3.665327747177184,2.88965783513519,-1.49716614322549,0.20733877094842582,4.391653340713318,2.375604555217276,1.1011921559486104,1.582677423283203,-1.0434896830316462,-0.8789330151843444,0.26357909099038745
5.361030688107621,-10.448510648523477,21.318426237546927,32.740384363246335,-10.362331819881783,-4.084116184669977,11.121691842055423,-4.257779306972356,-18.36299390461965,-4.255525025410288,12.03859421954655,-25.666449030231387,7.662257264516101,2.4817812967541295,-3.229486414176838,0.3719619859985037,-9.246661248301802,8.43521697284694,4.047340451514886,-4.547998769300519,1.7608309842543386,-13.534318875847854,5.883100975399901,5.688869205716216,-0.13864679897497134,-0.5502433208097083,3.357204160938435,-4.791793512189195,-6.902957982568876,-1.614205613267292,0.9475876152549935,1.7286755011982333,-5.430590735700608,1.2994334586476577,-6.417905051733423,-1.3624482521445074,-1.5033368706562171,5.255430790423599,-5.625587693071877,-5.432285622310326,-3.862873681067383,-5.672746638045345,2.0353930258631916,4.067107555069302,11.4903071563308,-2.6466356725226814,-3.2594004592213226,-0.3558012162560197,6.885903848472461,2.0373708471337566
-24.15796791052589,-30.50387501815133,12.18257436400683,10.402718598930079,15.225641649608866,-41.595355643015466,6.580165542500701,14.031469172195012,5.223439993424048,-7.8295764894303215,-12.662986307801393,6.377201916512877,-13.173977080839686,3.7896934861838134,12.52059090079488,12.079178309131143,-10.286796096420007,-6.746716425598241,1.4099658255260943,9.514694261010371,-20.291983761644712,4.707947310246599,-12.091269532596803,2.69930532120596,2.504244157364618,-5.6334617789477734,2.4644718385744993,20.342825523760027,-18.47912135282961,5.233563218366669,2.4511617149109273,11.68435687708166,-4.558789787484364,-12.767375996747086,-9.193415442016555,-0.06519266175565562,-8.587414123482121,-4.423139329218354,9.2449264756292,-1.1509911873084195,7.751065027432854,1.8924827764808232,7.193528694333089,-2.3918574721407078,-3.2313866801693023,9.679685519425552,-4.48517013517382,-15.667846658944965,-2.01005137768985,3.3371189415642806
18.38377695308543,-5.551270675759995,36.65222481309932,17.121536604180527,20.30491134939231,10.230337069777672,-29.72261215680759,15.65241365644267,13.05305392922595,10.595914970656963,-7.203916457060902,13.227216119409022,-10.20194558287006,-0.4840133124501277,-12.544201431283003,-7.57145655711955,-0.16312902446199254,3.848769514046879,6.516636944434418,5.9265299805730525,5.544051229017724,7.3095732926346235,6.021766776399809,-3.781918564420243,1.338022220736854,-0.08080572516178529,-3.6397914895705497,-3.554611679048481,0.8117481315064777,-1.3112376893657844,8.26046618804854,4.78080704932874,-7.365725036389782,-5.269580659105458,-3.237144376384076,0.14851111573346315,4.076796685614844,-1.5254935746638245,-1.9659126686102248,-0.9956838426159744,-5.898654216764598,-5.55585008800807,-0.7046541602958404,1.188925785402,-1.6540964924306618,-1.4154170098510255,-1.6313663474541453,4.527749245850249,3.329146590121828,4.470054971965117
69.39432298302562,-9.539254141759535,-10.38197853097566,-11.002106948252836,15.24584844804859,11.05241995607002,-3.2048759111075524,-9.756051430508121,-0.14342771161905704,3.663214088096677,-8.599064760505936,1.3675994241704834,2.6360966646417037,4.468398494457646,1.4042550498085604,-0.5141777250038304,-1.4854809954581019,0.23072869295056078,-1.44482306648155,1.9177566575032334,4.375497842648568,6.6100525490038775,2.866724541282989,-3.1380172571899574,-1.1369764047709672,-0.47708809897230603,-5.0328512456467855,1.5047938668177232,-4.156651189463065,0.28590819067328843,8.48242510518386,4.546601388072097,-0.8440818018005943,-3.8639529302322413,6.808526598412655,0.023478362431801826,3.499133247978101,5.886975977263853,-6.187359555363368,4.553932834492412,2.863835678770407,-2.672299232855251,0.4148651390154857,4.175337945824126,1.0364888516620714,-0.49779717170903304,1.1338897629938394,1.557832971801976,1.4154971269246004,-1.951718129881419
64.49766155790377,-19.736740328555545,-21.500628567457788,-14.98985726937854,-20.13516775315637,-1.6420808091223404,12.482932207891592,20.347189075877868,11.991095249297748,3.299004311267862,-7.11638156471771,-2.9136563135861664,-5.427670269484857,10.118303594892835,2.381395496895224,-16.43254363349728,-8.269881922728107,-3.0664516983029637,-0.7580105568051266,0.17434010727480564,0.132795895162476,-2.9914513179991347,9.020563308304284,4.318053076317699,-1.2384109897309963,1.6735278085031773,-3.939441841399246,-8.386584723566065,3.5738086493966836,0.9681552146853875,-9.714090510137542,0.5603190398349649,3.101473574739002,1.2533071212017317,-6.810927194849323,-0.46342521819747434,-6.835293164564143,-9.455352039126485,1.395470636198738,1.6865995856985057,-2.8007597805004973,0.41168888184919195,0.021871277494986966,0.9135430675013866,1.5815144034310404,-2.242042636481958,-5.509131940152823,-6.536684901075165,4.780860742168534,-4.436817685115399
18.576378378587705,-10.403080485535806,25.775662788100284,46.616799057957806,14.122473944516777,-8.883517907913957,12.455916231021474,6.1158038245859965,3.8526841307206525,-1.7494505765620174,-9.683934732657796,0.5838383021882243,5.835718796209547,-0.32394303587131185,0.3996809562513808,9.437325179526391,-5.71573672048868,-8.366146590513349,-1.9796188409959343,-2.228040992933097,-4.562082923584557,-5.8676956627808625,-0.20423779921408594,0.95117273931919,1.108178485542633,4.195498144382875,-2.9903535892532593,-4.226537933123991,-1.8745386442302818,1.842238048289886,1.776826088390404,-4.27209139055312,6.1784670350403665,-2.345654602093439,3.358893130540795,0.3718178156920297,-9.366330805661047,-3.2801806217666183,-0.961461492676927,-4.531760029749604,-1.2503404287764905,1.3686375240221076,6.781772756744505,6.235392159476481,2.485252666820373,2.699841720627275,2.857143479388106,6.099993432032741,-2.4478569569633,2.3836238733659374
55.678834563446244,-8.651174288272287,-27.312159783996467,-8.693543682076788,-22.658322226411435,4.3077594625848885,-3.103734008159798,-12.530789734203028,-4.800838809892466,4.923505144120693,-6.873434743869369,7.766378670071128,5.600356828423332,8.860378546749986,8.893307396142022,-4.887285969193321,-1.1330064053025426,-3.3599088468901734,0.7037386473390487,0.29844279712781796,-2.419658080432555,-2.0786989145158317,1.9946564938130562,2.0488790531983696,-5.157860511657018,0.9385501711087879,-1.5738218216567035,0.43936306973625083,-3.304322132395637,0.8692442789448727,-0.7849180389773626,-3.455189885021341,-1.3452345067937745,4.876753400600059,2.1330129064136614,0.3279667500445626,0.1779554093474706,4.457127120342377,-4.512748641678384,1.115218139380231,1.5247248452856512,-4.752221266972721,3.8416768930050513,-1.0555253538113034,-4.31540736572828,-1.3644962215829435,-0.6622312130645444,1.9713578408962305,1.8184710108278916,1.9661766919351509
-0.21954874824529216,-10.264099317369162,28.82541309111207,21.035306181613244,-27.07383625666288,1.1252137292019067,-39.40442569653301,10.70027537834054,13.802799042945551,12.1212608740887,-12.00692928584231,1.4954438714948182,-0.5071101873960691,7.382661000690167,-5.63129189082466,0.027877557977768183,-3.2442972437772832,1.3476086475180677,2.631169267356129,-2.0511774469236794,3.60317864640338,3.0855507971707397,10.867655914072424,-8.123578537964011,-0.0361537387329011,-1.734213886626465,7.50258009167572,-9.47723217209663,5.285275129919608,0.14788976268964002,2.8426191547441944,12.993290950622498,-8.82608063327888,-3.2248889714762226,0.46529509336593017,-5.599605076508845,1.5293921017105399,-7.433618825259792,-5.3585232790478345,-13.039954323713008,-2.542877936182548,-6.148080475170697,-1.450215022740572,-1.131958935305515,-3.10844286488555,-3.8635583632790653,0.865203032409977,-0.25743274493979273,-2.1635261987897243,-3.1847352959511808
-36.82523973833308,-8.87309290250211,11.413123774240782,4.227146076526358,-65.84003268585492,-7.619000790769186,-64.96069118111647,-21.53357403529854,-31.139359294302828,21.337726585312826,2.6115066357835133,-5.929232667116181,3.4955343536363475,12.948088910113977,6.500865912874769,3.944869749104414,-21.287939907297456,0.9322388485912229,-0.3031100715252168,7.623861626602263,4.370682439963515,7.572303269262184,19.885352164836537,2.971436400193735,-0.8451037825006792,-4.3603322877702615,4.370586895510564,-1.6890618756759612,-1.6721526422165724,-7.218646336254962,9.562803851296495,10.361485341142746,9.828288007573745,-8.127414993372609,-7.066626477026007,-2.712834188821861,-7.457381362570972,-9.277961158570244,-7.3477478005860615,3.1921711008982117,-20.068344277284634,-6.399489819467106,-7.878287038661229,-0.08165913339084858,-4.667826498939794,-8.239196845047715,10.248030086195847,5.67877640134276,-15.46766113555481,-2.6853962499144535
12.748928571477261,-8.560488421377656,12.086790888090803,36.60909737796188,19.01949538859136,-18.56049303408219,30.898456016827012,3.201811022083757,-5.695217157978926,18.874605808842738,6.675686018585389,-2.2551937801723887,2.090179499285383,-8.981422075867915,3.5306403478404262,-2.3061192649788036,3.1859949581524143,5.232377390263641,-10.78049665224151,6.668017446980514,8.469877519755322,3.6678539127922023,4.122187388439373,-10.281325184197213,2.938577111419928,2.5937171786274935,-2.604889925411289,-5.291064785043484,-0.07439566557333081,0.26815442230837117,2.083516276525478,-1.844636311682407,-0.8735905265536964,-0.14754755808284328,-6.368490126712065,2.8860559378907245,-0.7259535502864332,1.7687308570893414,4.791128798483289,-0.07339515989112534,0.36343573679514524,1.6794197983888115,-4.038015803939052,1.1980958994301443,0.6246988980037698,-2.7902652210430996,1.9187720423421983,4.945381390987174,-3.552970533519658,-2.721720529335537
-69.93654935034505,-70.54662604840335,-41.652593768284575,1.1102557302561442,-1.4586522091828358,22.48557035580117,10.299470260369594,5.436683693680532,4.782238783202888,6.267036999323135,3.236913556345144,-1.127984362571964,-0.19548639704671322,-3.4977205131992326,2.9401696612862604,-5.92959438142121,1.278369220814652,7.435708150531012,6.6517395448218215,-2.074206288909488,-0.988085996115935,1.2772549335044598,-11.844524137294531,-6.611629036964828,2.238988392014534,-1.007557119096959,4.930993210543488,-0.40827584828826635,0.5229521367440702,4.308229786582345,-2.4658616486455784,4.039745597904611,6.5310515544737004,7.386264354748594,1.1231182455031166,-2.955745671517046,2.0398050802940815,6.809636353292932,-1.3191633559582772,3.9166777393078505,-1.2131456725273888,4.611386487487999,-2.450141519368595,-0.9290402311758712,4.91968782319567,-5.794075366711886,-3.9804407161853494,-0.9231204660096669,-3.0224297282442683,3.588052420514318
-48.56733709979524,-57.992244947958035,-35.90748462711929,11.979744556122622,-0.10759194266903681,32.71658946712931,16.0554317034618,9.881316497256652,4.603215589493342,4.0837004663143235,0.6490457911999536,3.9129257879939985,2.1274003806851103,-2.865208241559203,1.0090378249631689,-0.7098925317134419,-7.460201919122803,11.6296061267533,7.747585647681407,-4.945512812646599,-5.376042279824007,4.964865238702279,-6.534871695662471,-4.833195705822355,-1.169156322310768,-1.967546939417999,-5.178865204610862,-2.6678609183028144,-3.3379485698304086,4.638126442028206,1.558606295176305,4.469574188735409,6.168197265301213,6.928931727809001,-3.0294503693095516,-3.492363705140922,11.009883470134994,-1.0931842786001487,-2.906388441670861,6.827763695131625,-10.42592906873192,3.4459854249090434,1.5029749044994158,-1.1024925040706155,-0.23804443278880585,-5.388465727903219,-0.37319387961210765,-1.4162964465737622,-8.234083557173568,3.140912149141786
-15.447536277395699,35.289236850774174,-28.69184127002266,6.227487813713878,25.00046672928313,-9.471269842669658,-2.6028435492626807,18.101815581876068,20.431411472092556,-4.955210723701712,-4.292628180014493,-3.1721972440172017,-5.7064233814615,-3.5560331627081023,1.7728738559496642,5.556564398964121,7.773230483808385,1.981878679826651,3.585030023936588,-0.7328017023707778,0.9733441125020827,-0.6996749731663742,6.662379948492515,1.502543002228761,-2.6925254823898315,3.080760230645326,-3.301628039223366,-1.7213261721622428,4.794281666860527,-3.332866724309892,-2.180667625415739,2.315031780595932,1.6318476056207836,-3.0923117460296763,4.585761147130185,-3.287234166842891,1.1075295723795862,-2.406635080159049,0.9578687305495307,1.5732893437592135,-3.037941147670845,1.1276827285432272,3.0483381144882724,3.1691538820892498,-0.9285681114983761,1.6837382021586014,1.586374526052447,3.111733796256863,-0.7168504051580974,1.59239895784894
-66.73650895478437,-49.65001048659625,-35.055934993904536,3.215830843896907,-8.72793207336712,24.974509428393795,-5.290339517358167,-7.562696313048533,-20.756607944225735,-1.2647916386567895,-6.762216656580158,-8.99000142249312,4.097007002075654,-1.414994904153524,5.929029837287436,2.467239967370301,-5.1443168816860725,4.39876166671471,4.959087720405987,-2.0573192748838487,-1.2066964154032642,-2.296060846913723,-2.875751499949572,3.3616428805481164,-10.186519798172418,-0.31759153105102533,-3.1833127586888494,-2.5696901079395826,0.031507610267480425,5.97886457730009,-0.42586008474494313,-1.3706217208179625,-0.7066553638974818,0.05036067054590498,1.5184823516589663,-10.084057314468474,-0.5963806915691136,-3.935434177829544,6.060498510200799,-6.59877434269479,1.3825042124954012,-5.476973403062475,1.500681891408866,1.43752396471631,-1.7800716543153883,6.911079666812387,-2.4123303567291843,1.26656361023593,5.684766790523983,-4.872074704036042
-11.484216816226729,43.12578302225658,-35.483902582137,19.55969660091035,-8.423960166895968,-0.6060541866366942,-3.988701302064493,14.515449573903473,2.1291948228882696,-6.68919148859923,1.6368513829783145,1.193541129749563,-4.139632933893612,1.0967249765762552,-6.660154111005128,0.5154397948380823,-2.965290458277367,-5.128764148528035,2.820303765004459,-0.1995110763102877,3.0172458107784004,-2.8313448070201246,15.000454886247564,2.8160161550982425,3.145233910467494,3.5852691802354895,-7.497170461243444,8.006376461255453,9.14821006071345,2.4523991025180147,-20.28839907348902,-0.1717475391461048,8.642600751117783,-2.564025557670537,-2.280845319598403,-9.340122709817502,0.3544469695084361,-6.756657670110857,9.658640028343008,6.82831177276632,-0.9838981126665689,6.88015625231935,0.674416548435761,0.5904810780203589,-1.685200221212158,4.04408908387341,-2.6656527994503203,-3.6816594285460327,5.73475076106142,2.1379723854734842
-55.93234610193929,10.192028486704094,-12.359160621513817,-67.64138724951253,3.500107358724207,-26.656632301230548,22.711482018189066,1.4187807883435553,-31.04942382861586,-13.19766105772295,-11.571657836647928,16.30217852413423,25.069005677062908,-5.609999560281102,-7.035865396374364,-8.057126838107884,12.570264320033282,-15.018372736832777,-9.011141871674972,-10.327337724488931,10.048405395887258,0.6676090477603555,5.478185840729613,-8.531909720545782,8.126493851761028,-7.452424770980643,16.527871914734174,-11.159520629840445,-3.843992001217223,21.27688269187929,-0.6116761413150967,-8.800887759931333,-2.740659879327875,-5.667258805638685,-4.945596418288443,-12.805890645726961,-1.4650979721579769,10.629105537948861,4.776592115628661,1.3126857342231353,-18.019241503289074,-3.263015521677401,7.575578721926817,-3.3438516994049663,3.489069443265116,-4.206625579173158,2.5593251006579507,12.45945544618173,-8.607832587350005,-3.4218706168807826
18.040266861190947,-18.169370939323894,30.340439640076383,38.607209433217584,11.995028625481357,-12.606167580329183,5.656283981092838,4.188594169394549,4.704423945773025,-9.166145338875989,5.300930420439022,-15.597519955750066,7.240023526512089,-3.283350441823657,-4.335652106108128,-7.130806536083575,6.116498874358695,-2.0852046607597257,6.366655813393215,-0.8657080463074153,-0.40275257321827806,-3.983886945166646,-6.193425276923925,5.43069530602142,-0.5817563079690397,-7.341313113164114,2.905164699975674,-2.7518806788043464,1.9247497991278608,5.866048892311232,-0.07283552998955597,1.5547540414955978,7.112922659273084,0.4088365067129502,2.606427831582872,-4.2632426132784165,1.673457044177078,-4.118910991507363,-2.7505418635661654,3.5290207751878384,3.229160333141753,-6.4767816584920865,-2.6063281076359326,2.1989756938502687,1.7646654683153884,-1.194708197025428,2.208843747775238,-2.735316685813434,1.376372837936672,-3.495943295573677
6.774249283577227,-7.731479272950887,21.045109145779776,35.951686390485214,-4.340058342129908,-18.495926223698508,15.579792024729908,20.154947673824907,-8.176361612114567,-3.404637771925426,7.157327615903161,-4.710494843777946,15.48040582179251,-4.789239185931875,-5.309817626585958,-9.116897164415294,6.0684976094312875,6.200375556795815,-1.2956868384051163,-2.8574228883615254,2.4772494454308474,-8.90406655411918,-8.001258475410825,10.689172871973042,-0.9654089613153568,0.446265467440325,-2.397648778882461,-9.630158773502268,6.968481778791364,1.6765617725723692,-4.309480987108719,-4.727189433417023,4.659366506844524,-5.317516607389252,5.701454079566049,4.296401041558228,-1.2986281294392115,-2.271973592210449,-6.144603422019304,4.9892959747105445,7.61903090723718,-3.602482768590171,5.643165459640343,3.056327043483737,1.5407358538076137,-2.1398781516580176,10.617319982792376,4.79693609530651,-4.224495060215778,8.384400431100344
0.9560414579753022,-7.3826509043187425,5.5473807872562695,29.812159711322522,25.727470553000636,-12.477962065469335,15.200296779657402,-22.26136068467471,-6.1734995407402256,16.157120802216777,-3.6009277173438345,-1.8960201269918096,4.929330412126082,-1.1449641301182338,-7.329977218946297,5.036714586746829,-7.771102711937357,2.977703253212817,-7.497311301059741,-5.397262839710078,7.347492887833001,-11.471926831969956,10.73045665467049,-10.609098867902757,2.7659023234889886,5.529954967481302,5.953234690136746,-0.6563226480040433,10.52264248100271,1.2019110824239803,5.497923262270561,3.4507412976619505,-3.504388131821448,-2.799659871192149,-12.529135299710964,-4.709430161410364,4.594654457369899,3.22021607041722,1.2439879619397711,-3.3806940486888815,0.5123065807337025,-1.4656903622922666,6.6916832105915764,6.899068788453324,0.2837414504404646,5.484703533727756,-4.912900779735481,8.551027835775818,-8.477155786030082,-0.005877833791250175
60.219159743736476,-24.527351420852924,-19.353404232227373,-22.569409349266163,11.923111538658004,-3.0425758668245195,-6.033745518888666,-12.636334655477077,-1.8159575921688986,2.090421446993767,0.8885044892434009,6.637193328519976,1.0805038128313735,8.062223093471577,4.437276727497515,0.4558620896247097,-0.23904759188676786,-2.1581589725468446,0.7373997191657089,3.8189103634490693,-0.8860600333303184,4.1907282009610896,0.873987925136,0.5638280731307117,-4.2429449051543475,5.829904269367101,-7.551942466732859,0.6168977261242694,-3.0665909610400353,7.504154890591473,2.495234584922867,4.083475347872868,-2.8559176414591523,0.7144428184105516,7.4599694034627175,-0.269737911478345,-1.2090522050143913,6.952776259231734,-5.534833485843264,2.297576717217918,0.9081681673114933,-1.2610635486170114,1.9481003168917561,2.883547422609698,1.8125145519398496,0.6022989614241305,5.8470463423288725,0.9737805696649621,2.5952273922506266,1.1503478742570132
61.88776367045706,-26.971788004887383,-12.900058354888555,-18.62019144791456,17.072413178026235,-7.672851938653207,-5.319482978797841,-11.727107474708193,12.80831483096117,-0.5793593305950926,15.202462075093832,4.022382410086111,9.488474969158375,5.161086327447772,-5.047479284515239,13.322999978237652,-1.9481606182806455,6.222571104701905,0.3977782130988553,-1.461118304973785,0.023823155522469386,4.2966849198978005,-3.506767994709165,-0.3853638811206079,0.19551378092368693,-8.638016918875117,0.46177717671615354,0.49870263089215283,-2.028795277201168,-1.958378771988982,3.4048351737746168,6.590528347801015,3.2831072049325507,-2.2850949301366725,4.423378323123455,2.0557427898158824,2.0124038781075853,8.533536755926926,-0.19736723268481693,2.7771802980447364,1.7034094336710173,-0.17192065528812564,-1.5219513894145373,1.0751637362773485,-1.2560621180499774,-1.3363324884829921,0.037655101632682306,1.5037167934399236,3.487194092541384,-0.1850228182430634
-26.444781919072916,47.97146069018407,-44.69487239495572,6.940081017534446,-8.70097541672144,-10.050630684531493,0.6990947276027647,7.569805685572377,-1.9174707020929012,-14.20206230316876,4.074840459230601,-5.495430993618137,0.20112365489818604,1.9663640515700145,2.750670339860733,0.34040533734767364,4.126661528344564,12.64915560170688,-0.7398012604985599,7.807802930017795,-9.868688182623435,3.514907703778697,2.687292923332549,3.4084650712733358,-1.668935154413907,-0.7514496633407441,3.2172622361055927,-1.8723905238555132,-7.553194862007222,-9.296807830702992,-10.7556332965713,-6.165854202551128,-0.3748231878866651,-3.7401407293297777,5.328093469374335,-6.484886267399332,9.490799051870075,0.4024117788362199,6.354567493552586,-5.455372179768307,-5.4453414777602145,-0.503274190139893,-6.78463798119699,7.356537709793464,5.342045483910863,2.2531102546990023,4.36126709675211,-6.17358901470161,1.1391434395782645,-3.7468111819923773
67.49762053282522,-22.339535555785073,-20.67677965855731,-26.539854103491205,8.810907861961946,-1.5585660466611313,-0.44885633851770607,-8.249872187002623,6.223816501734947,2.616916326448769,-8.56690630817179,0.007635731306258158,2.796796338855594,14.197735725072693,3.73527821060399,-7.768744431643361,0.9015324392598996,-4.538893830460169,2.5328010843727977,1.1496013883452476,-1.9553986260740006,-0.7273903496632508,-1.2105473439334995,-0.08277247729176802,0.4597246053191051,3.27121925970231,-0.8340648694733348,-0.31500995192197806,2.812684624935848,0.948366936581404,0.3750387199908155,-0.5801786810235606,1.8636084420796377,-3.7287246860618932,-3.5976050767710004,-3.33162822777004,1.9782603914225194,0.7976431882215026,-1.0737801860477667,-0.026952969140451942,0.03997769663047802,1.0396929073817092,4.465963127444933,-1.3022577000631725,-0.7697682283493442,-0.2721180721916443,-0.10573093974783077,-3.158565925057494,-0.8990573740960268,-1.6858797982472566
-3.63479967797521,-11.466434382259406,14.77000686943144,32.27379814845212,15.305746070056905,-12.115978694020574,10.82609920290214,-0.5488576459624741,-15.161538773298004,-7.696023144570318,-19.218749026410233,11.864863880147883,4.184857025357347,4.79803766632058,7.614685571830145,20.69236619169137,-9.883031484978853,-6.044364070246065,-1.800160292568735,-7.207644759008115,-14.966105231083407,-4.517726769239579,-1.0574627082936805,6.889896620319295,3.290041010025233,5.5149732615267375,-1.9136796151199964,3.814223093955307,-7.656451164856206,1.8222685215296455,-2.275612477098321,-0.8187528570064329,-1.8484415953443063,-0.21593696729339687,-1.8745574209478226,-2.965598414198084,-11.56318733756458,-0.6100151169361773,1.1415092008503482,-5.012227304348618,-4.09631134384584,6.653107990400117,4.585682718740456,9.171331897843372,8.534350833740378,-4.819866725222657,-4.348007762061534,0.5639263256599119,-1.2357920475151274,-0.17191135772524888
-9.076127717774536,5.896317297808414,33.02047119112717,-15.243504206834812,15.273287426398149,5.911768355444024,-8.220794605875472,-3.0257662484304673,-0.44681783338018327,-8.462721925983324,9.318148559149728,-9.09786225605285,0.7885529338051536,4.880817420254936,0.5365334489540478,2.6234924644939173,-5.94042137263955,-0.9394646011559628,-3.2756029199185135,-1.9451345549499777,-5.447057128880666,0.5345683691458237,2.0930511077474265,0.18770036760058856,-0.36927657370896066,11.359735626034594,4.461021294700982,-0.8767689801231656,2.519197234769859,-8.38377039482072,-2.676605824874218,3.108831421031078,-5.7745263233542525,3.1207604050671454,0.3906336918612486,2.064949551283745,2.227271879491492,-1.3534576778253111,-7.637502928835697,4.818703899811272,-3.4809697776408974,-2.758320178962661,-2.9371963630216373,6.783101453827681,5.2467156120415535,0.5625476370857199,-5.443712684680337,-1.0814948707036003,-2.242110746823783,0.004528250848249465
6.12860542420731,-5.9487841216703305,18.472610912869893,34.090917627491045,0.09529745331835557,-6.246155437183618,12.214455165785147,5.83723260169683,-23.088114798758777,0.6408848702229432,16.17990854799649,-20.201670914245152,6.252383706617051,-6.492463741951948,3.2416766884874324,-5.3891291871279,7.6374501472985825,-1.7597569276448888,-6.034333717914216,3.9366991437393244,1.4239801572611352,-4.48694371787109,0.8269724800659409,2.958602099312801,-7.54419997803134,1.2817270370696365,1.3691390412518238,-4.319377352573494,-1.787450209195682,-5.622778512616291,-0.41766957576292024,1.793338785094099,0.24325252045947696,6.920525532256276,-5.252531846629047,-5.241531996226764,1.6205854425399489,4.83210483440877,-2.5238312172745254,-3.3144476458430803,4.913056607999899,-4.035129123411137,-2.9797312272111816,1.696946707199162,2.148697199832515,-0.6273503377933396,5.284893456512553,0.9520624664219502,2.636603281120647,0.22809785455488485
-18.1438956742288,-23.52310068766653,-7.286168010455079,17.3281103306751,8.943850088958838,-24.159534147870094,13.246395382614892,-24.27345224540644,-8.115621225628997,2.7934103561532897,-13.547287686061475,13.282915300092846,-0.5834093602450027,-5.605360673364082,4.546236567685528,21.366654138613097,-8.30996070329795,-1.0892724862799341,-8.435281778558776,-8.161229782467437,-10.819902373891656,-3.6237443546847996,12.607089405963007,-1.1980093751372647,-1.9241471352304755,11.665453460441805,7.8061357074701645,-1.9127962971886951,7.040349684897941,-14.752990349558447,-12.344374297244055,-2.533948200115849,2.3400359589843984,5.9428197358097075,-6.930951700661865,1.0980882531299077,0.07996096634968812,0.17301101279038122,-6.394229337232501,-12.294620765865506,10.44128949087328,1.070127428304444,4.392462206040111,4.0548089699721475,6.935411575662506,-2.5018963201990205,2.6491112484387815,8.215926438525834,-1.4217388449995552,-0.21771501532778162
-16.95846266670096,-4.217523668129929,20.695796671348003,7.574869878636671,-15.180944258402764,-7.223371493993482,-3.014529671955111,27.74868453465424,-8.736043731622422,-9.56058344080847,24.031225396550656,15.853947304722574,-16.228296651360445,23.70774993044417,-12.921899268597668,-11.602044578629691,5.465872527776172,17.82293334742515,-7.250206564236615,3.269580842197093,14.653270780370043,0.20419833970196954,-3.3816077420042707,-5.857595390153521,14.596816954095925,-2.9707277405111183,-4.596180343738574,-13.439651292461827,5.990541004997592,-0.9823481250041983,3.9841246607571925,3.4575996806955063,-1.6255831807935226,-3.7918755282084917,4.573596174541614,1.5394656389386845,1.9164641017431867,10.659011658484884,-4.497520051452187,5.928128979899048,7.162659504188834,4.2032210902532885,12.322466881294007,10.391951348924279,3.929005748329,-0.8412410098216878,6.9990862838162275,1.1935946749872444,-8.697389833941289,11.882678085655893
-16.393718244872513,49.06882544869104,-40.82778366448856,-6.175292665615824,-0.2674430618824421,-7.22151794279629,-0.7448275285117636,-13.517613783987024,0.02706200310859668,-14.307686027445524,-17.826029297938014,-13.543785359244973,15.531494754050486,-7.304895888151834,-74.62900372480313,-38.97265149458801,-16.085625130664102,42.95582761454554,-82.8855912357454,6.597954276767822,-94.39242427542614,-28.33661487907306,6.964460734395494,-15.355557972288926,-3.4445780215299564,-15.780546122499656,-17.37668087028502,5.71150513671956,4.210461302063441,0.4377840220458179,22.83768252524378,5.687269401048508,7.310889754457023,2.0902581372771083,3.4618959379167595,2.9911429619115446,-8.147712902327486,4.347990543207699,-1.1488050779750807,6.238462732801488,1.4184340205347121,-4.598837912218769,-2.059182899752687,-1.5420970934048193,-12.041704471832714,-1.7909358928163022,0.0743171526781179,-6.965630656337419,10.285584046741624,5.874445969818241
-12.430664005972252,31.0707344743533,-25.537395602062627,4.216720643543237,3.058363703623807,-7.229135619520061,-3.122195572847167,20.495992480778874,24.695586531967148,-23.39184102237355,-24.289602176075928,0.9518785658931544,7.597617781083383,-3.3613862710861926,4.543367581779047,3.808348906361399,13.518309732653824,10.341155404428374,-5.775997464338429,11.616858819377452,7.8683124830677835,-3.8748316009040336,9.142074585631045,0.35989259999261364,-4.703273513166874,-4.099092076188206,-0.8552839507306853,-0.2233834417422425,-0.6467363279807623,-1.7177902003156564,-16.296866625809052,-0.47918549980264163,2.6192884873198254,-6.676013658705237,10.91120983476001,-10.403448676217158,-0.03051875216489015,-4.280849549021559,-1.3200381760192084,0.649021695310273,-2.8920799767538603,4.292179161009113,16.09497298207901,-5.704856551631237,0.6650739002637144,-4.825900540411826,-4.127725259924182,0.8923693498178004,-7.33574328679633,0.5025288472316036
-19.17289509446049,47.50860598199703,-39.8008639269446,6.431222331146717,7.136209795171188,-3.806468117683878,-11.552970833676325,-9.53750351242309,3.5233786000121845,-1.2454642076640898,0.05889024962581601,-0.2842616793872014,0.8019923364238999,2.0162183380425978,-0.12067523040824886,-1.155018441053011,1.7751308775239547,-1.6751383792859718,3.9270642599101886,-4.73847666077523,-2.7398268588957255,-2.131908941338493,4.433980324185769,-1.8680371657806165,-2.827749100686365,-0.7237277631608462,-1.342804664512823,2.1777806680157963,-2.4415458803743126,-5.660196147154083,-2.7304557468067374,2.8362072244856713,-2.1738108209973475,2.230899775982536,-2.636609318531071,0.5506688623885587,1.6984656727952225,2.0682703275424257,-2.037666207004072,-0.9539486020141035,0.9127007814067858,1.2202181014014157,1.143952280428839,-3.704674969122429,0.19886096905729908,2.514169509860021,-3.9356978323010514,1.1356037443350986,0.6329029578411961,0.7838348602551531
0.07046430934697523,44.461400500787434,-26.02768185151076,10.158312312550036,-0.0655078233074402,7.482549287179302,-11.953701066419734,-0.590015714427387,3.702231184476781,-19.27532208770513,-11.769943239725068,2.8487499018461957,6.699184930936879,-4.80424994176095,4.724750520808145,-1.1752099109785974,6.56860777307034,11.781276340119678,-6.15650770308276,8.867575094796361,-1.106457374187347,-0.14268028164788552,4.877327555749223,5.027062627392187,-0.4700579187658542,4.538005676029597,0.9017011402131548,-3.990696843284301,-4.661808649312144,-8.703180634193206,-9.211121997824499,-10.941067457775413,-2.0614064304136916,-3.2460428572409334,9.329682981318369,-6.369934455388405,6.963403012356394,0.4040780592633363,-0.008306423795226196,-6.126204548306767,-1.4850730676518666,4.803643649151638,3.599940947558129,-1.1243046306999747,1.326425815021796,-4.422114305905597,-2.3447037187102926,1.3326261791036647,-2.2532468529282634,-4.53484959321631
9.154144530327216,26.61309472734918,27.934127227331416,-14.630051350999837,10.82093234281327,15.851856022549349,16.884575700323026,5.340115535872829,4.69259088948405,15.872061056550846,-1.099953503203104,6.313872189778634,4.425543209873427,-10.735966699636966,-6.981054678783791,-0.17775525873295764,3.8895043175701347,-3.6010741758900884,6.695361999544238,1.3336087885290475,-3.8464202945669297,-2.073098086354421,-3.692116551885232,1.2778786974489686,-2.708492731643859,3.9663158086140142,6.777412754278518,0.9678986908710192,6.759946326595606,-6.135623201823742,0.12237429485152616,2.9806752099109897,-2.8237028721168334,-3.305773697015472,-2.3280640974278115,-0.8819319386017119,4.806456982043628,-1.0800506473879907,-0.18923638453494304,5.983172972738048,-1.8840524134570813,-4.056774313615701,-3.5183996580979477,2.5841812506639714,-0.6703393377174439,5.651498051419043,-0.7434550704394949,-4.556864635816647,-2.595086220110493,2.5030196739068202
-76.36245746524133,-68.94866883496096,-38.506635015092556,-0.9722244837731832,-20.2619303009612,3.5382729489944,6.327579440319804,6.0062271919027586,21.33913340755037,4.656184484922051,5.7997337750930535,-2.1345589997552303,0.6111413070170811,4.142300752634872,1.4814164176104812,3.059937443255428,-0.922136471347438,-3.9938568054427916,-1.317337197540036,7.3228485232751,7.77363558424407,-16.362735942472646,-8.737503572591796,-6.183538339117939,8.210056447964654,4.049052897532734,2.566901908911668,7.871335842123312,-4.558470832909914,-12.78430583823369,3.701431228439755,-0.2479451378911339,-1.6378476459685036,-11.090426962715464,-0.29117172091798643,-2.796563675463492,-7.883633904336759,13.680701731217177,-3.5035829811579013,-4.231767700097054,6.1867773060893585,-0.8414471338412888,-14.577990329617643,7.38196956563828,-0.4388058785267102,3.9961861477314904,-8.782260021983591,-0.9364168129729903,19.59785381446881,-1.3617165974089231
3.8055711247185062,43.40165554135313,-29.653546399679136,30.931368436174836,-7.442616923633719,16.379669306750323,6.4018620268605995,12.086171652221088,0.6852887664587483,9.214267242250473,8.326259980870628,-1.1716627398775783,-0.8301325842705477,2.1116251159266937,-6.80845432419322,-6.4849216212651575,-8.280638449645792,-11.820423847251261,3.6040752540175247,-9.437167525877928,1.0920941586783228,2.522708442150597,0.37838286863242393,-1.3602423570522502,-0.13106946262380867,-1.3961336078300104,-3.4997966712161097,7.2777707049956115,-8.638056023744003,0.2704219992666807,-1.9235102209114698,-0.8125698709190512,-1.2928681413392973,-1.0725353889868716,4.458493549191616,1.8274385255086008,1.3664170475566602,3.0752196321497576,-0.40312097194558444,3.9023938532140883,5.991459957157916,0.7723131580668307,6.656606632795138,-7.394826065261337,-2.0070376217514054,-6.113347862155479,-4.80972343138418,2.494114750731188,-0.595780479688319,-0.7031054169283185
17.37103878067652,-3.7588513405176602,19.15314599243636,49.15092629545471,4.859432165180958,-15.739877508385716,21.00064119283748,-5.354359600152246,3.970392825016583,10.621445964973558,6.273598203074046,3.512843550663223,0.6093082330147634,-1.5588476410074992,9.742706031555214,4.845102298819859,9.005279483972737,-5.449180567157953,-12.984122638014306,8.031697077384834,-0.9091494054688019,10.110978497566409,-8.612938564619903,-12.758697548091428,7.522339899354425,2.6721867733556413,0.8164089049869909,-1.4381732979011144,5.492165523312422,-0.17990194648977512,0.42788477069287784,-4.768970150030543,6.657445646957774,3.125151473686244,-2.344844253992659,-4.353947491931355,1.1942715264950443,0.2046749572187093,3.616514968144825,-1.0094873640461401,0.5382211068756122,-4.112466338693157,1.0750145850855708,0.7225648630763433,-5.2107874460022385,1.3477186794842033,1.3848313386745064,-0.4078874841902298,-5.236326692504495,-4.530908719401793
57.94248509181859,-6.474710135295758,-11.788699902514276,5.986958297149533,-33.33148773114443,20.59035891516084,-2.3267055275648003,10.694445716790437,-17.36372705531498,-11.369805043267071,-5.985971548404568,-6.6890129242573195,-9.127672768153717,-8.932104266097685,-0.4109087200638193,7.452083013204798,5.272229866688257,-5.196448264908496,-0.6199993075363985,-8.756320021722178,0.4825109052778421,6.887973437356486,4.853642245148934,-6.094335790009236,9.362050651944754,0.9218293246504603,-7.162812226718267,2.8927198358814334,-1.8399740440606904,-0.485730730318464,2.581081391887433,-3.609599916548294,-3.966560469952519,2.513405757127847,0.7444834630973741,-9.968346091427634,-1.244280245447114,3.20383615383671,2.257987702747731,3.835330830315263,3.8039411305962463,-2.905024869125683,-3.86990419115181,2.168213546228607,-1.3303860219596737,0.21453840839660912,6.095307928850355,2.1086781313659757,2.632770128073915,-4.946433670622562
-9.544438815455996,8.053151883039046,28.74054902268884,-4.033468055210235,-5.560537873246924,2.6680280674016332,-8.092217951292284,21.350317079761712,4.632553073477992,-12.92130309432342,1.194111565726154,14.492459847865284,5.22663645660376,18.05011160075215,13.586792400695781,3.288537667550336,3.2015904750850375,10.068845201523352,-13.86312271134285,-7.704284046753012,12.214109791776181,-13.868060695149454,-8.37480691614356,-2.0950977981667287,11.355698229743776,5.522216610564502,3.4003503760718083,-4.21685652911569,-1.6139398091219863,2.1126729890723803,2.884444268888288,-5.250435494778346,8.193530746922262,0.8368409780246907,2.461072206176762,3.4739402572860585,4.608253443186582,-5.044264142503348,3.551340798590571,-0.47747467990567205,5.267391293531405,5.163651591409439,6.655800919072822,4.205047735508324,-7.764242240367003,-4.095506649128199,0.6448473495871291,4.676504154836115,0.41204727968725063,-7.562208265348205
-18.865640731673626,-27.87360618296812,18.278078162131674,26.211945824888303,-10.041713395145853,-37.102250922036376,11.972664475613096,-14.495668286557907,-5.155221091843791,-7.556449466522722,-7.734004201357093,-24.369477028875302,14.160953953723913,9.985386634737473,-2.8238194413657167,-6.521807101707755,-2.1228612551099215,-3.9035741686272836,2.1544446731836295,-3.323905493721909,1.837785712068631,-10.702367995410121,-6.821798963835455,10.409675922371092,2.3494607890460824,-0.6523874157714883,-8.326451950424795,0.9988187444018521,1.5023247729631695,5.908917217439895,-9.47128011396802,7.067611600020381,-11.168060218202386,-8.677360797282658,-2.8856728558614972,0.7517686971025135,1.4696723317406621,5.282770405682136,8.388061807588665,5.915716273019834,-4.015268692487954,-9.547470376070104,4.509378625928545,-5.268699221378795,-4.04204098440336,-5.776117185851769,7.924458135341561,-6.111915624705963,1.4992882131250196,6.002240772209182
2.6557607676777324,-15.719575874697595,20.176471118695886,36.38891987912789,15.674856361035328,-25.51097958435534,18.05344088576332,-3.9001788825020203,6.814513421584714,12.089545699380984,5.888289222333497,-1.9948198417459548,6.135102936164965,-0.40443668126630894,4.970756027414766,-2.759032155243691,5.535004420648542,6.369427839321765,-8.67025412082771,-0.055063877251152846,7.6777302438043735,1.2470188266076692,-8.096831659985959,2.3733599026503627,-0.4395328886378863,-10.601906689793706,2.2823387739373997,7.758748561369727,2.670240918372875,1.644936560271383,-5.486339132888404,5.370220628168201,-4.848773944753067,-3.086023515661153,-3.190054369579286,-4.4567032813733825,3.9046063530197177,-4.218406307860163,3.526122113950254,3.816952736903009,-0.8561727573666655,-8.10537827486287,0.5820867283618715,-1.7113703067167925,-6.640315055645554,0.5740132173622632,1.0274736918894962,-9.32149042573265,5.502617904364019,-2.539930977187144
15.284500238789072,44.46712317826167,-23.329266956841458,33.23061080331647,7.518878269899037,23.260263502957507,5.5075290150744625,3.3526087331553946,-4.350166812205013,14.936642429345873,5.340000544167982,0.1546387369272633,3.5467143926175897,5.486006217636883,-13.736772140304328,-8.35633728321904,-12.43257305423596,-19.00526158700404,0.7078058647188433,-9.113052922121222,7.1291685331637344,2.032029677540619,-8.17577323488771,-4.112337754697059,-0.7177559459694337,-1.6866873795284794,-1.6204492930231476,5.2226030505544125,-6.147051969188123,0.16205177509243243,-2.321900515175677,3.674197601336317,-1.120374455496773,-1.931910312509655,3.2978901803539955,-4.394393074830438,0.3057608180657584,1.7337200714042733,0.9339068952127855,11.518322994059941,4.177442486283912,1.215017463719045,6.995175671219398,-8.478848005777182,-2.4193649585318164,-6.0784906722189485,-2.7554643155153515,1.2823245965274372,-0.2633205090340946,2.976462184474952
-27.560651599850054,53.943752411795906,-54.66378471052834,-4.764142105578963,15.524824908683446,-11.070736789044394,-3.3905355274456475,2.856069503932796,-11.433230353292858,-3.2160230091933726,-10.051214440812252,-6.208238345915617,4.514177261125921,-4.87301303439953,4.1345032469775544,6.421469600396871,-0.2955404390325495,1.8912856020334992,2.540873878777437,1.9970276551807289,4.299187954256595,-2.343994228354577,-7.056738576420782,2.4279088563231284,-1.5432153432534923,-6.420239150839348,4.080882498398842,-4.653588754997093,9.255133710027533,6.166531670797772,8.50244141462051,-4.952790252384127,-2.00091291333601,-0.6061858045796136,-3.326696961899323,13.935741900686732,-7.0584998853799075,-5.848673194889805,-6.19662400340371,1.354093180589944,0.33361642331042324,-2.622315773076285,-2.69494543400638,3.2687917046913832,-0.7818800434615593,-6.34117407194409,-0.7693158771579235,-7.934818573129421,3.23136812995551,-3.863620201735393
-21.073903712335436,1.5939585089773056,29.678709453141522,-27.710448885183364,-8.7944532579278,-14.815449856288826,12.382747115770563,4.740314476038221,21.92843779414356,-16.443766796316048,0.954124788731218,2.776523711172649,3.890300018821083,-0.44718987431953505,-1.875378438482318,-1.914704107187667,-14.21258203553022,0.9092526225202392,1.4339508738142495,-9.866614715363532,3.818175154390494,10.945352702743568,-1.2471363667114392,-3.1578610531407816,-11.117042126609046,-5.91805851784959,3.9644920473456438,-0.931647426610568,5.683927548868381,-10.245218895460017,-0.16539071145807302,-4.429850735989405,-6.953902231870373,-1.7869827129175544,-6.064944315227026,-2.9005429374015557,-1.4531257857655944,11.809806493202965,3.2841920607698727,-3.305832579990135,4.269239354678501,-6.253770118896292,5.198703481440773,3.1650141713483246,-12.565944849318742,5.166945755554952,-1.7376000933360907,-1.7384645859321721,1.0402483973650432,-4.462583396567617
-45.070147510708395,-36.45665789196879,-21.10490474137415,12.98424473285837,-4.673558957525126,28.344982255806624,-2.088968414297415,14.752659187041237,-28.027806665515357,-13.373087347266756,9.975545475004076,16.320681878607367,-11.905595306884521,9.803308667347869,-5.899279701146365,-14.465717363133393,-4.6055697208866215,11.666278856194053,10.362042214462882,8.915213795532884,3.2767592864440465,6.706299035981787,5.00059887463786,-0.5138116320020386,-3.028802230174455,-10.627531314675727,1.1209178401008169,2.7962256859453096,17.206579710396532,-5.272616361010753,-3.045759131851346,2.3501144325240957,-9.11490985693473,-11.028091501740684,3.7817064420318105,15.483587782378043,6.676929726687027,7.647633896242952,3.6997847276369393,-9.58469069620423,1.4445790729101209,5.24168777406653,-2.7523199691692173,0.9573896347353056,-5.103618147425809,6.4933983040043515,6.579673486393193,1.2514330483108034,-4.961603261184208,7.105673979245585
43.84276965224872,-20.224816599894076,-22.70322672006752,-13.747275608740548,6.652451744122923,-18.138632676180947,8.826130126415055,-0.28517367741409466,1.503844743246919,9.3693741922352,35.19121665036405,10.023497517398269,12.627694727202087,-6.702610651295285,-7.755569351467326,13.8965824075396,-7.756504450906903,13.347992060371045,6.030964356570505,21.136251226262313,4.33555634813841,-12.213917142205613,-7.339828556819949,-5.72908457887884,-19.21786705856513,6.8276984583571085,9.866683310412318,-3.511086801730486,-11.985055071335612,10.219155730974515,1.7792013013917407,4.870305016830961,-11.3015947158504,4.206729836038537,12.571018166797403,2.355679702938745,-5.27206556703532,-5.4269868303167295,10.978061484130809,-1.8672796307084958,-4.401329114047792,4.621002424293368,-1.8013408497059538,4.754615067587197,1.0940655276309965,2.8486306047182546,-2.901283049950009,-0.18526573340859057,-0.29396120712448864,-8.075810723444011
-21.372788240568493,12.41788040393467,6.149834909883634,-30.07033672242938,-43.14572127605877,-7.46493855818144,29.295284941823226,-1.3016254840542596,3.0027843613843435,7.450534874620576,-1.0094105444310741,1.0399263346830414,4.779284231904923,-4.387193451930586,-6.428852448764644,3.9891312765301223,7.133600619024765,-1.10156715147882,12.758413663692696,5.933889097168157,-0.5136072742400338,11.362226910504845,11.78422897990435,1.2623422341781847,14.314229172303028,-11.280417599766347,-12.728274145395797,-5.40064232849292,-13.887010587499478,-1.887737642742449,11.518902606234258,0.22920290644376373,2.725017481705693,8.472316341375329,-0.4015549260140076,3.302784019087612,-0.005495533954733195,1.7440728509192926,-2.167984373051656,-2.8051744142016357,5.73659432794782,-3.7304736631116473,0.8737019125395113,-6.206078428439577,5.79030875485275,8.394912579071557,-6.796977365621678,0.6197658184365746,6.79898178047699,2.771139354508174
-14.253643614925684,-28.596502370199364,13.314924412901409,19.197313616254934,-3.706041739644184,-15.676835818203754,-3.0012995294158507,5.762498985432679,-9.490136782063242,-6.794382976058241,4.808508663728816,-7.0154440696361275,-12.34615745328573,15.049291949129785,-28.947721064772075,-1.0130832196253174,18.453296598828278,-23.05863013358841,4.960348609037973,4.569037586266614,-1.8433112765379602,10.202219292724367,-9.694937737582775,-6.172756951267067,-8.092139753239149,1.5791816927117195,3.488697095351069,-11.030770769015557,10.326524876030051,9.74525137276748,2.1776425008284823,1.7031054666597494,13.57757344666485,12.841901358683947,17.774318772003742,-10.551085830700083,0.8329163609689315,-3.909230913131203,-3.8273891977740586,4.758636720999351,8.822065105795042,-0.17197307652403374,5.199806571814065,-9.937455007708492,4.419673098027871,0.44855589958365494,-9.192521774266519,-6.208704054822012,0.9351739531106756,9.023990763266832
-4.110488609285352,47.818998489471014,-24.162687153936925,17.459486697389202,18.267173095481184,-0.5295063901361096,-9.499496474389087,-6.298793810432115,10.036247410083377,-6.829778812237409,12.46556038961646,5.0524512405794795,9.073840824797411,8.638366748917049,-0.8134281206665998,-0.44397537241870627,2.8613500645855425,0.7028554710903125,-0.404188043203762,2.5165791083243856,-3.2778389846707636,2.961242850424642,-0.36235990034422594,0.32015340633632294,5.785758369545011,3.012949703508438,0.6445019059643873,-1.3448787889020897,-4.027893932669216,-7.427915040989506,-6.136612084018722,-0.4045265109656823,-0.1911756325454384,-0.5911249302575705,2.464727143665325,-7.261705844121497,2.377947194031275,-3.660487890422083,1.8123612597285663,-1.5006592817150652,-2.1403240637141248,2.4214949168708246,-0.6653768235811202,8.000420486543016,3.830548736182734,5.066949604144769,3.636287959796091,-0.4753202382228538,2.732561135045313,-1.5773421185129763
-15.395552848823222,54.57187103806486,-40.70060745786589,11.447012476959676,11.053890455289299,-2.7027906983210253,-3.790055151067587,-0.843719303440879,1.223427492577143,-0.2531655610752344,9.8080944142689,-0.011162558679796122,-0.49166560044498425,7.999596440909415,-5.204559621978102,-3.30379500242367,1.7731566903638312,-2.1623621683865797,3.112208050386516,-3.9010805851236556,-5.922254211330567,3.1963277145566407,0.08466486464401168,-2.1220920627893625,1.3855156200734882,-1.138211508684909,-0.37279292503241535,3.446155071396532,-9.782083296752385,-5.116765418061842,-9.410933597565085,0.46455364143037353,0.5189853948221247,2.529429801635902,4.088024083408171,-1.3807750861098056,4.204977519229076,1.1216051428795584,1.5546873812291502,-3.3481899244710727,-1.1173781121914397,1.8310336110290255,-0.19367707937214873,1.8662731123940908,4.158037619178606,2.4307062533055968,0.9613412482777448,-0.6032062762972719,-1.4477039118297401,-0.8809980261761013
-11.198396203915355,49.482518838881695,-46.07500967820663,9.228682297442292,0.5591811848428578,-3.0329569498863544,-3.5863103981602134,-8.61918040859258,5.712170983515485,-4.671295037926208,-14.258963280019447,-6.221892535264824,-4.444316421611493,-10.542415167631194,-6.901507542854265,-1.1138560320973456,-11.552093887663219,10.006930331543654,-6.865782019968698,10.215039965685191,7.654060343533692,8.719198938511614,-16.73653246787021,18.223963492579724,7.209316847361875,9.153048100051347,11.085675293338085,-4.981160699573981,3.032419120203984,7.811744940173794,3.5833207030803313,0.03058115751366091,5.07112913372982,-5.849698626017698,-1.7979508922959553,-5.013107938622238,4.650621492530166,6.950473595078574,0.2447734307436562,-8.860104313050225,-1.669397977755785,-0.3025544459275414,-8.973620903224136,-0.7978695582435515,-2.1731143883651645,0.7251861180197912,-0.925959032847585,-3.3914787726468845,-3.0887230350486843,-0.3997797056521762
8.396704454562963,-11.871947023238825,29.96286154403977,7.123758654451745,3.805623331992206,3.780403475148413,-32.81694645514991,11.88522011275688,15.141395139000329,7.677209371006889,-20.002285959882354,-3.9702659109366505,-2.7384809600518705,4.397531759241438,-4.518085607398558,0.58185852375313,1.878128321172543,2.787357693284911,2.2921691402516355,0.5527879639482521,-0.5544099685901266,8.675746791334145,1.250027602873216,-5.272547373404951,2.7575830595373616,-6.345112341265481,-5.809710904104268,-6.821406987960866,-9.26915520479828,12.210939177974575,-5.49859996328952,-9.307939689216235,-12.842596546040008,4.6374788281718855,-3.251848909015254,-2.2916899069830823,-1.7998017093016843,6.2468419701097195,1.1534351797942153,-4.246951999094776,-4.0382083079621784,-3.230177846031871,-0.4816137107503411,-1.897941859453471,-2.8504474000793016,-10.500683009806721,-2.4405221325951505,5.178114419754529,8.131246551863287,-0.7327038102752261
-46.95661489098348,41.684534296328714,-54.89979953997735,-13.671190364155896,-20.784688710182508,-23.881014372828027,0.7208074724559245,7.307302295011366,-6.20988327611118,-8.007708292847438,-5.60884791455764,-8.585196753550102,-6.404756698785939,-5.919935840087448,2.4945832038246256,4.639966645366963,4.896915895198392,21.007447617416272,-0.5094797248878342,11.65549670179354,0.7627421505724588,1.5977217901529317,3.554408761538713,9.442960432838358,-2.26685190002931,7.326032782096487,5.117395427077887,-0.7055943319215521,-0.5797221014652403,-5.56460354143947,-11.586220374358376,-1.3707836160666422,-1.5308714786031474,-11.53691759666558,11.362243464904243,-17.323577580893776,13.77936683027483,4.661896348733769,-2.607774902539507,-7.432574016027971,-10.699272906477509,-9.431376407900729,0.769239217471874,5.065429941391857,8.89011205681901,12.480654409153562,-9.231071476682772,1.5059537164398407,6.061679888239321,-6.0895366396052895
3.3981072471933964,50.019869005839155,-29.134551178807488,29.04562958541651,-10.590609696971395,9.462632489940779,-1.2660063204911365,2.5714835440598076,8.96371834327028,-3.790866942447075,4.3489922932501095,-0.974372215106376,-0.8859204755823017,3.379409659136109,0.09528474478290648,-4.6932881727643085,-0.07297080737825173,-6.632966789492274,1.2506944021660964,-3.3306352631247655,-5.343306993553947,5.21439287824649,0.7603940602474463,-2.6536647368022668,2.6331156919649668,1.8036459733975263,-2.949034628734657,-0.1686046685007723,-7.957275730186869,-1.616263565462885,-5.275476272624753,0.7286103396331721,-0.6626924788354929,0.5295614234262144,3.3766360376707274,1.552053566113536,3.403367657023176,0.9327697817459295,1.7233653694744748,-0.4617974221812112,1.8704755858458393,1.1028483734519337,0.6290763972440228,-0.11583396476416756,2.3415219517321457,-2.6225017735235565,2.368890008945382,0.25717701677410304,-1.117683256724455,-2.2747799136757103
21.993771601994805,-7.4070903999440025,21.80797987533046,38.74991955670642,22.245296190328386,-10.44997868308375,-3.2293851601457626,-31.41165401629023,14.151058195554999,3.906494412244479,-13.195253200444599,6.29541147157018,9.140515703342576,-2.8124551130753592,3.0986257638279078,-4.154402715707996,2.795696669829238,1.4581342735128004,-7.1322851221438,-1.9284410674848744,9.32130045514575,-6.051721204901056,2.0544959201434154,-4.802546716921648,4.092626638075282,1.1683912397990786,-1.7090441870815418,-0.26935400300648765,7.80407862677799,-1.8098476330793907,-2.376198948852574,3.426694687439943,0.04863874530760846,-3.374473931819457,2.2159718462725286,-6.816723308649845,-0.17748800522509645,-3.017227464675395,0.46724767515055343,0.5367680741328944,-6.615478875335649,2.664761711836628,1.6217861189543463,0.11634664997430924,0.4629152025028856,6.395914145686766,3.2006365049120022,2.629634746531614,4.857212996485962,-2.671933154466536
-1.1359387859341132,-17.2491151927725,28.316833091819547,30.92343887382432,19.471372744322753,-17.009687761727328,-4.886886033701224,0.9375716822865915,-17.15887649643009,-20.04535317498254,4.433825680667719,16.99794367071197,-11.459593406289192,13.575886435567147,-15.678683738959075,-10.816269603635773,0.20909785325935248,-0.22168688665731834,15.82679417581555,0.831131785070034,0.23806491794355994,6.700705272020088,-3.0955014804781467,6.621080671994865,-1.1689610958870134,-16.830686805436258,2.1477262335381995,-7.45607573774095,19.111353407702065,-1.394077882728534,13.159244006886093,-1.181853452474053,-0.6819334029951786,-2.5955622765130313,9.05877540910173,7.654068039941685,-3.3564139611272945,1.1115946248987316,9.557951245091694,3.2567319901587553,-5.3390059724482,-1.3025012253706498,3.802648596162818,3.4564044192933467,-6.453220771658664,7.574363666376911,-5.7566454748673594,5.208426172442329,-6.389899953577322,6.521052643786254
63.328217944863916,-26.578152164189234,-32.411601180755206,-47.69958671717315,29.207074401626635,-13.058471971264966,6.598571885853361,9.727675066996563,-3.5455676209408074,10.794514501674817,-1.1298759660570665,0.7968819345998337,-7.202259782665609,0.7575718291581655,8.13516122332412,-12.34913979290158,-1.1025050211930154,-6.537233725746857,-5.0366755605506475,0.24076219025868612,0.49465704209710193,-5.828309347860652,1.0461764918585306,4.14454403589316,-1.740383796169083,0.7094701331571475,-2.436041104796805,-7.225897913699559,0.11788749256448275,-4.833798652167304,6.5977542246761205,-0.6455072917781232,-1.8336832017656841,-1.8009190456434812,0.7703876406582197,1.6456369060319467,-1.51892047890484,-0.348165896871145,0.5294252764401255,-2.2482316936834597,-5.078841282614471,1.7941160533908003,-2.5018043778301666,1.3845412806244475,1.6150135786653994,3.5906548768464646,1.373540478087896,1.8384334376642106,-1.1806323725183678,7.9795809908424475
0.7609933641455608,47.48066923338395,-24.19450856942682,25.862041693445693,2.413856540196482,7.337710211446046,0.21775261857592723,2.6202436329225463,4.375522381986715,1.3198735934246626,11.877229431649473,-2.3436223301336194,1.88866947572052,0.8152874024877158,12.726447187468263,-2.753058620352883,5.6462620805127015,-5.440116312198121,-2.8246783580602113,1.8495916001485944,-0.03652288295760425,2.9301324946336096,-0.6936366464291694,-6.370076084288641,-1.0900828331805157,-1.410993587325239,-0.573919951396736,3.1386542187064896,2.1394483635532016,1.8921962843337925,5.220243602013514,0.48367991852905734,-6.012456417669681,6.130506097482115,-4.9038868596988445,-0.6688373965330032,-2.5594413317372675,0.19556528460059155,-2.239598210563439,-0.03335548379776609,9.720351625390938,1.4606190149964762,0.29148969107203565,-3.567661232544998,-1.57752925953077,-1.6208485223633293,0.9477949310141821,-2.101147515507131,-1.4775365131691485,1.5691728638892242
-18.739487752558002,17.94168610261419,25.763280653672222,-37.4717280296383,10.610853457824835,5.937314801546884,8.453644095086284,-17.944170662054706,-7.088830843457063,7.781067977550678,4.570690922274273,-3.1861634263698297,1.6016468117192295,-4.100436993787369,2.853127438193256,6.394332964797174,-4.841167594791634,-3.9434385101549667,6.248521136816712,7.12058519802367,-6.788662366590599,1.7817590636511893,4.109951468285738,3.482147513558425,5.981088256837045,-5.645624416800611,-8.171815547667865,3.6512066535180554,7.774183089053895,-4.125872340959119,-2.793733626364857,8.155801600355503,5.906194257921538,-0.06698725077534211,-0.9957551100462212,5.652793678122613,-2.4586815676852267,0.367828945715501,-1.2840276253782794,1.6028921923038377,-1.9222094452028127,-3.2650487189955486,-0.3413679327581485,1.152904782551406,3.244565349859249,-0.375394873972335,-5.254657166963108,1.877396191615337,-2.4330155770492166,-4.440138255225572
8.045027591629044,30.604589077835318,8.355298925828453,-7.98308206430358,22.945918150550664,17.282117429829892,-3.819540497643075,14.805397298793453,-12.08453303227731,44.41089890354311,2.996074684830345,15.997235590583438,-9.772860946289976,-15.125094528269065,-11.365429219057553,1.9613102821509314,5.6084331129298475,-0.7288792622623566,6.827590132752431,-4.21354837833756,-2.0245739416338955,-10.525216933222458,-2.293657644291136,3.9129758354982647,2.3823778178639414,2.811885606492684,3.692702507784209,-1.4305503526556598,1.2671757291982133,-4.822449845534464,-0.736231852082473,-0.03525237024886356,-4.003170914475571,-9.557525859487777,0.1753475978865432,-1.0005884747580103,5.697017025565729,-0.583013662230734,-1.0587076714179295,1.8939285293648562,-1.2637512836247968,-11.745668114204165,0.2308591644907196,6.624832358630687,4.102987833695837,2.535566365311401,1.0723018612339161,-7.360412589272649,-0.7425190647146687,4.7238676103271855
-33.00656666423594,52.99333829064759,-57.642044419112025,8.893920379677265,-21.40213759789592,-22.202162759335017,-5.479752442960984,-12.823470084057496,2.4988320036447105,4.978614912063125,6.956710936795467,2.403516335093325,-7.58796495000036,-2.294269746011316,15.608736249210901,0.4561815896658671,4.967392898422238,-8.596752543303609,0.08128693267879276,0.08505402441838594,0.2038247475735106,-5.966534212239731,-1.9276992555435368,-10.760293058685177,-5.770847456116241,-5.312143318282143,-0.6714625726414738,-4.595018841112066,3.5964488090157523,5.308138393422257,1.3333500760408363,0.9562227305038743,-1.8993729921006648,-6.278035726994538,-7.162865586878754,4.3296056770445,-1.6972940450807945,-5.251734900782455,-2.056021584050894,4.092622740365102,-0.6018315360728084,-6.896353030113552,-3.8616600249535664,-1.41464591628786,-8.518147078049523,-4.007888057274023,1.9516330980594498,-5.973981243234259,1.9117427641398306,0.1744844426602386
67.66656436099868,-19.7091623212987,-24.889384113093573,-28.74055865158685,19.753456082926526,-0.17971997179025018,-0.5053678052606766,-6.987134338514126,-4.861161773037769,2.4864579739629176,-5.383789512990815,6.410806889369903,3.9822362293272575,13.063158806703958,7.331165327938039,-8.01900558965889,2.188776177784706,-2.6797295530086767,1.5588801366930682,3.6230785000041363,-1.9074030135831244,3.173605265878167,1.0019802864295053,1.978065168353667,1.1261881162457306,4.183973885051747,-5.263485944853875,-2.757318689064239,-3.921798808631954,-1.606564836101082,5.691034929114754,-0.2451358746133439,2.1029367753117345,0.8865252641346241,3.1953212367966546,-0.6132830520624556,-1.5236076680765034,3.834445644688487,-4.062083900315001,2.07409377963414,1.5304833881931654,0.9775190965854863,0.8441754654690853,3.07963055274066,0.8930632098842292,-0.20456354143167185,5.7255914971077,-1.8753480842263235,-0.8879787924020043,-0.7347333261309453
-20.981282968348438,-22.316771661991833,4.5723087087281185,22.225559228118918,14.695142622134204,-38.70507500450743,24.272516621595774,10.051463113126081,-15.169848176935915,2.0176645554194748,-23.078153536295773,8.159772235156417,-12.685805856998007,3.9065149711665073,0.31264625136414614,19.3189358697143,-6.882350909097995,-8.039928864454943,-2.3966981672853453,-3.487016516075626,-19.14328638543958,11.432845384607866,-6.484529904115156,5.586768579308185,0.05026262289139391,8.82100558756993,-1.125441119472164,8.321796411547869,-11.368376367199977,3.6369749174486223,-7.649884993247867,10.288279580932985,-5.372371851238251,-2.2851929032121596,-1.056835697356112,10.596995317103858,-3.213687755694599,-9.797045419426873,-0.6906931523826186,2.039967925587466,-0.573923454616135,16.6444049495137,0.5533504686900037,1.4374732196063955,-2.311804330029895,-13.270982076507956,-11.29992945755216,10.47201953168435,2.2047024774196293,-4.498601987641238
64.49868109776416,-25.80331505411901,-25.411762245859563,-33.906234514349705,21.552615054868518,-9.356135680645556,-5.359394107645615,-16.931995901504013,-0.3562198670334506,1.9579906840460262,6.930516951732077,8.549944642933625,3.272258428993698,5.778857913819907,1.608631536394205,2.1461762058151237,0.5532289261640219,2.6078122038168288,3.5451979507101017,-1.3399852449425445,-2.3948336740729097,4.431454319160649,-6.003853019019971,2.3893192034290696,2.206495659064312,0.10943632259615549,-0.3196028553891113,2.2899322261287276,-3.016274292146948,0.2707744639855027,6.379568236947876,1.3674991989753096,-0.381178952719668,-6.77243015638559,5.591643923690668,2.3519582682705926,-1.6383686036842589,4.5719263652606,-3.4102022534260565,2.1605250912274103,-0.7786066443122406,-0.29782340803236623,0.013051438226624813,0.7203004243215461,3.869647699700958,0.1535772290998302,6.391735218148589,1.1974745625485284,5.124197091348472,2.0158741104630074
5.877904429541672,0.11590847000947944,3.610190052712241,43.2775904236592,-21.39845380532512,-21.572590068292044,27.154141741750294,-11.181301132936458,-18.14991154955461,12.370880396995885,-8.246958923325973,3.497002982178182,-1.5654226025333196,0.452786588800813,3.0386847415838516,7.795593005387504,-3.192961963457757,1.2906720846412427,-1.0212242209337155,-1.1926355247357894,-8.584578892856975,6.446322142022298,-7.121802134544543,-9.706113429227877,2.4534896099170016,11.723081585306845,4.3529159481973085,5.811108719736818,0.7669995519549752,3.9153509845729,-2.809635636906988,-5.3264850254107445,4.384432665316385,-6.969479575233711,1.7120598649257572,1.3135392555026204,5.391996661974153,-3.2892392928069305,-3.788092129522957,-0.8875526273250548,4.59782429694778,4.643760273010839,-1.3441628209348457,-3.393918825790113,-3.6057762447333888,-3.947075713613594,-2.78787280224157,-2.518440733183024,-3.9243305981731544,-5.74048820658164
-67.37111470980597,-8.850114164553409,-41.3976010534131,-34.233683941875356,-0.3640561063942379,-55.32003032333192,-1.455583871866367,22.606785770858547,18.41790158365201,-12.360916266612104,-19.14033512257211,-8.795283092368546,-12.692067900692468,4.031390323007921,-3.1610417869314364,8.929000039500012,18.126366985945896,10.781188904424502,-1.9641923440707543,18.576231883639817,0.5134168452606906,14.906050836793325,-6.841270291001128,9.01566663525732,2.1308288867459666,9.822897616872682,-9.5290353147743,9.090457117873544,-17.742644810124467,-18.047614245779727,-12.06970951829831,-2.740044974958475,10.576574855453963,-24.279616973935774,9.967489981129326,-21.144480714991833,-5.66205462551163,12.891255920543594,8.404867824927226,29.681160070059306,-5.355481626757991,-22.084461134939907,12.950641703364246,3.359618849591753,6.525210275687162,7.540580950471161,-12.006002682478927,19.140521628756574,-6.4998835720099475,0.18410486155820938
-5.9737576253538665,19.58593605310961,33.77022339122328,-29.399926188409427,17.48511392505202,10.922737036486172,10.453639112077227,-7.704123109695148,2.371691794606028,8.695629380164846,9.123241561111993,-7.021678712649302,-0.16091975563308192,-2.1690147723694735,4.046881501702031,3.991845713177122,-10.79149791128673,4.3989364736399725,3.7876773179692322,7.191339696374674,-4.309016125888075,-4.765589318698547,-2.6025111795987796,1.3229273720287356,2.895657399559995,-10.182046417499967,3.3239298072773202,2.9867923444054063,5.082761407910908,-4.041640120394743,-3.2533174367781963,-2.082387088555533,4.968290575108908,-1.3855707175871315,5.0305826456030776,2.9455604608512362,-4.028785130222076,-1.7177270519471612,3.7653330643497527,1.8336588165345546,4.011608549476753,5.894301379336304,-0.17600125585497356,0.0724345071716404,2.1447711944510464,-3.990746655973645,0.6466905638729148,2.301794582850605,2.2538894230996154,1.037300686937782
-17.45558429859501,10.917802573096402,27.857139748172344,-28.396377571422228,-5.929638522978264,-8.3836236689061,20.445596390817908,11.592134467976905,15.949381307421929,-9.645158607030606,0.9668383581307342,2.9399249344259166,21.895669388268942,-15.823110711223459,-2.2105258823953995,-7.985961679820152,-8.905970791103012,-6.174062041399093,-4.451082323507902,2.9649250990886187,-4.693662301325568,13.361947915355765,-0.411986851163523,-2.7463895316123175,-3.0489881770450267,6.5931911579119316,9.049050913778757,0.5472839281921352,6.072376933247552,-2.463007867572716,-0.09348100216600204,-4.474133736501891,-5.1704369714057705,0.9186136522659526,-2.8136372415583724,3.5736024423513575,-1.448729730902201,-1.0937608839289492,-2.739348816801528,5.770274015592039,-4.346261904681407,-0.20929818171510847,7.828802099648226,-2.3347100583424116,4.050511254713239,-5.479893043394517,0.466136821417483,8.36298395635795,-0.2615086435343103,2.2514288454403926
-27.49064611481426,0.8081062879915409,27.387644051379297,-47.844291658538936,29.918934351728115,-7.359928204698368,-6.479037866234613,-3.2414805514321685,-25.212237955010757,-13.709083160022947,13.221442240489012,-0.147084490311511,-23.752699556655898,-20.303179312948362,4.7101716633389925,-18.63069418165812,-3.254203147336037,-5.007227586773857,-3.9453960461440074,-13.138030939502888,0.1784406946321845,-3.0337656072649843,6.206769086676542,-2.0027581927338804,-10.761727170649417,-0.7360878395562016,10.662827431351065,-5.822009442220808,-3.3230473468772437,-1.5470574513097046,-5.6414993829524445,3.7423636003587943,-3.731377893478857,-5.512648832412051,5.170996641336261,-6.557374740377687,-4.955996024853522,1.309183786566399,-2.3567842494029314,-0.5010189441310984,5.05849950625309,1.4850038738329032,-4.571798043468594,7.902773811025202,-4.9316985312434225,1.5046004943870006,9.192034351131923,-11.758386799960597,-7.271116435496679,4.13982248432611
-4.999977162121719,20.04705361005418,29.493311684774795,-25.835461693160443,-5.295318372679325,10.479992518410798,13.918457668194838,-0.7340286847012965,-1.3616658586463877,2.933620950646885,6.129549775842753,-7.560131924157778,-17.627903809773297,-16.16533178221305,6.503513144140051,-5.883181497247562,-3.4208139270611606,-0.10020432218644296,0.24751466636542052,5.108114244196096,-6.535016505232216,2.464244742295778,2.9071239835494236,-0.10516559218511862,6.814896216514169,-5.934141761790513,2.907995501483524,-9.853394702528501,1.479146746176682,4.0958776182817855,-4.301472821658169,1.1382813393756674,-3.316936187083475,-7.2663861292592955,6.189793038289308,2.1417858445353106,-7.157265153207587,-0.387829130613643,-6.847988600408427,-5.348241843428274,-6.01053379638103,5.499948305596392,4.198418615601338,-6.479669771390516,5.95483809565223,-4.455317198983758,-1.0304691371275463,7.691290457632208,4.330139954134149,-5.398674541686356
56.95873327053918,-31.780727685091748,-21.600264689226794,-18.418382237251816,-2.319109740763915,-12.454375472572192,11.557089370110317,16.597375983121808,11.663770426511793,1.6705554585188434,19.653058651802038,-2.013767842160925,2.758049829344548,-1.778352679041019,-9.540243383840322,12.864367612972243,-5.214289078460676,6.958889628206043,-1.4772309536318207,7.451920961664756,8.959299541708875,1.2755589527555649,4.527518751842424,-0.9201214235476658,-7.705392538851741,2.865092199826558,-2.5605866348637063,-5.177895676779846,-7.521087963713317,4.4042895903487596,-1.856857369081298,10.2481333602064,9.380374429849587,-4.585424817286858,-2.8761675936827644,9.537836094698935,0.3077494948946728,0.5236556377820873,-2.467675684241262,-0.7428847288762439,2.9889578790920965,1.7930367169902828,-3.0514518162199304,0.0723803558157812,1.135559404138275,-2.821000871489206,-4.183985805501864,-6.840389525495178,-0.12687979805621782,-1.978936467127323
12.062068226671633,-17.476083750867133,25.258663989024168,36.400523369880915,1.0570283417389397,-13.404924509271014,-0.9534691890249025,3.166601118377185,11.540993141787219,-4.961331249504383,-5.45255703751538,-9.767465517300352,3.570626709374509,-5.612652414144518,2.0169058163443907,-2.056337463661453,-5.319356708388917,4.369885767382526,1.9107148140570467,-7.104027480853668,3.3309217015966732,-4.726791316991437,3.416780460092518,6.5819886552574065,0.4528848539344146,-4.793282089769269,0.15791702297833926,2.1581371857650815,1.6404624431556274,-4.154421599496415,-5.170789759319108,1.1894514221719639,-1.639585037534486,1.5893607238192096,1.1238366487349396,-2.4005771998760106,0.7098907716714707,2.1986327400536134,-6.107380579691329,-1.6831150053989845,0.9985335218821048,-1.972033044365622,1.4413367930906829,1.0528495490546188,-1.415185217132852,3.3640020233965475,-2.290842298584172,2.295005321277646,1.1993417015849486,2.325822527198258
-8.78968941613636,8.695520375715008,28.89767594548432,11.039694815275162,-53.470493912938466,-0.008923621815639547,-4.910461679128056,-13.230738323290362,35.371109776973604,2.4853163350936556,0.9149565674333126,10.629245148496874,-1.1276275409341658,4.858322567111906,12.44141706661837,5.096601557223493,-6.692308714541219,4.565965174579927,-3.1432602540586636,-0.9392037299466544,-4.7073819019486605,-5.649619604981094,-2.944013816316569,0.5343880389584881,-8.91819889136869,-3.4854541381329827,-5.448057496862531,1.434282483076661,4.630199474437725,-2.7751875280382365,2.8628087192498937,-2.854654172111765,0.9405502568084979,-3.4039748268575507,-1.612656566156025,-3.295343263189643,-3.107166900796762,-4.431532275035574,-3.6295608173195735,-0.0007354518082740171,-1.7744335139844525,-4.476365455007798,-8.25417351405108,8.82964759826702,-2.6159863143530835,-0.10482588643267263,-0.20267204106025458,7.0220694241744654,0.5305347644997299,0.3277113543798181
-30.149433555291697,3.5341633963810244,13.04073212339405,-44.02133339187337,-17.516454207926998,-15.33767742664373,4.1749936111255685,-16.501147759299677,4.206677378444697,-17.662415875652272,-8.296666353971277,1.9357301714760273,24.94898533963922,-2.533532841074119,-8.127691396970578,-5.662697789533475,-1.5734802194802138,3.0107081874475132,2.2728658667796378,-11.353407717577118,5.338819466752999,11.129180022613705,17.215057375883248,-21.195720447610622,14.488611345028756,13.402906212030686,9.92228954560897,21.48090619059178,11.918513895321825,24.90350096634699,0.2620321707199318,0.8081389469145372,3.0534342781889077,5.205587405908912,10.17197336076264,-2.4143029947034296,9.195401992570215,15.82195076301531,6.125861337751749,-11.662059901484334,5.506319048562003,7.573030709869254,5.136989279199171,8.836275695489617,0.013383404776837157,-8.495100428455025,7.051999389814215,-10.724411716509438,4.7432997867029405,-7.926441286493661
-54.35644788965754,-59.60373501658335,-26.07435760435147,4.342665102303256,10.934802875401898,21.84069635266578,2.0483286388771265,-11.978377721933374,6.45281864182761,5.850692712054598,5.639326460643982,-5.017907361512236,0.502702361673337,1.0531337483365868,5.755279926830636,1.9804427545964913,-0.9985120807425788,1.8282477517846125,4.689006056110295,0.7661026936496914,-4.384790810647075,0.7092080779320188,1.0169728383880186,-0.994798623714766,7.235028909891148,2.7681194690611663,-2.5059877661326357,-0.5435074728940194,-3.814671554793206,-5.698972202852759,9.933270540914327,-6.694993802826912,-2.4432223527183208,4.747926280167214,-2.167148817831992,-5.669875556167195,-5.137958607908772,6.040830228312457,9.466066869275064,1.684233803118328,0.6843646634526691,0.9151975460206129,-0.9821575080361803,1.8911175036447605,-0.8857110541057097,0.0028167516248156035,-1.4378364625213917,-4.652202495896284,0.6729163325519383,-0.22774337007800224
-13.20872165314149,13.203958336083257,28.866945843231797,-16.548971331270835,5.379474130470416,8.805164882667265,-2.338128616002806,-12.004249793725444,-14.814714875769672,-5.956839858049558,9.013420805348623,-8.692125408487515,1.0003376125249743,4.998938083117142,1.215142778358408,5.400300454265437,-5.902259099570017,-3.864601776827906,-1.9964864274211747,-0.5861386166776292,0.8127286719718744,-4.4201646872815425,6.266205447897573,1.668155505932407,-1.894241426087065,1.4602007113951325,0.08032907175726275,-3.3148913658315573,-2.2063117502130947,-3.70917652318943,0.9022071563069969,-2.5355344953668766,8.128320672874892,5.7888686414512796,0.7208604646452808,-3.6435534189709147,4.017824056952873,2.8976443075674925,-3.586633687955801,6.08660112041,-8.740298548802826,1.5135696382466959,-2.9295901548623524,3.249321237714278,3.9772693182513157,-3.997040815008699,2.4219697000486056,-1.800981786801902,2.3249649725440253,4.293343810250095
-2.1523603318387052,20.66989711318332,24.754597716580793,-21.313431596681454,13.828400859693515,15.965485738650044,2.514397872338839,-8.921220242539064,-10.586266319220544,-7.206494980689084,-14.135935995323505,-2.8393105326047636,0.5360809401855605,0.8187971738760071,-4.683456658490511,-0.6724542519785685,-0.16870614309555823,2.973777546553806,-0.7738143568441628,2.6125701934793826,4.218342663845304,-3.8607212668397337,1.8130001082102702,-3.0302642383247362,-7.4455208464665334,-5.691560159434403,11.94465847882012,0.5199779709985953,-5.2426925175641195,-1.1773274963464597,-2.505531690554028,-1.877998110130811,-0.4607280712586597,-2.333114207985442,-5.307019528448346,1.5014576011060887,-5.448248883419468,1.8817067049107998,8.516792260088023,0.3984184340760585,-4.8772135467052715,3.9006798977690424,2.4289115063202713,-3.9485275507307747,-2.565000224203259,-6.922977391175596,2.0417508070232717,3.2983962908113615,0.9373885308416301,-5.744744250398724
-73.24154026818036,-69.07556909596076,-40.651866243822134,-15.290222623130722,12.107099291981452,11.31414579199782,-0.6955918761368864,-4.643234470488402,-6.567710073419002,3.497532009281598,4.029410686516185,8.989592026673305,-3.533763882167279,-8.146189623624005,6.19311460774743,-5.625645624876058,-0.27952950424415535,9.135402202934369,9.883493233996884,-3.5862185351156506,-7.468902563568374,3.9679200536053183,-6.803044003165443,-6.51153668248185,8.374856763518645,4.363730297644422,-5.086057026987346,-8.905427422498324,0.7660893707071686,-0.37038886405850857,8.808428088066687,-11.13218912176212,7.866373214805686,-12.615162074891833,-0.26431397315993316,-5.57273869204753,-3.593485476546254,5.310072751306919,5.860456631495911,-7.417367233086123,3.3522342065477497,-6.207752803700212,-10.771223211216176,-0.06470732444225623,2.81273253767231,2.4029691249188283,-6.854450753737612,-0.21113545586677182,1.6968341254510364,0.8180838932128229
-10.460227306394659,-37.25536068651041,8.446675851534886,-16.869173509568334,23.817500136688235,-21.662587890076264,-48.71053276795237,-16.94304938496742,-19.70273145180545,-31.329462893599956,-20.848426908087706,-8.724623714543627,-14.47926562608279,-29.351662477261453,-32.001354208343415,-24.933068281795897,15.90774446778624,-28.90680058476827,11.449357810263463,27.03827895297053,11.950411866811455,-27.64954127806632,-24.927637029478927,-16.006428058756896,-13.045387306054382,-7.397736034771086,-29.547199299884344,18.461060578763544,-7.90225005261197,-8.924627394337856,9.946707339955438,-9.667523775941804,12.155711516701258,13.1392120417306,-22.220092996648777,-6.870369826569187,26.765960058713592,-12.453201717421578,-5.106273998976022,-28.764673439841154,9.850770550014122,-1.356602653953562,9.357592801403229,6.8868028962435766,15.57039719610017,1.9514819648340245,11.279767063044499,23.00868993260752,11.41074733668406,-25.756954989074885
0.21660817303305718,-20.599128027911814,1.65968627088064,29.34523039544835,14.839551174011495,-21.19298152672024,13.162453476688487,-3.33852186447759,-1.1906424292740119,-0.12727680591207444,-19.815138899768368,13.010822269899938,-3.2245389653404715,-2.591102374283784,-1.4894159840851382,25.507739776371317,-23.089880968182378,-2.6122812229589587,5.260854856658265,-5.906582013935169,-2.6362254330238026,-5.462147067856091,3.4062906591276647,-2.694263905016209,-3.8109700040111316,7.387419490973948,-3.876557027958486,-1.8179816318717674,-8.247421284502634,-10.002670159357475,0.6769712047276437,1.9819610111720556,4.980511231623589,-6.443922641905487,-12.768249447715414,-8.886715993521474,-3.8626225944003787,12.542882659392042,-8.038269211859406,-2.53240807562533,-1.012485600435783,-2.1365661475347557,1.3849678122585651,-6.171391726346394,4.096924943081344,-0.9090081845194838,-0.6810491273756398,-5.356581951696034,2.894163163535005,-3.327653222938193
56.76693948353329,-9.612763042265208,-16.732377315083802,2.6381702590550637,-31.077519985356393,8.394046226381215,-3.4792687068110255,-4.373898614643639,-5.925476268291651,-2.2018398010248528,6.348109202653649,-4.347635639738358,4.4301352059071615,-0.755020504609296,-2.384761825396474,13.195330104616492,-1.643289139165762,6.557108859868744,-1.7744928323051323,-0.03397666432062783,3.1855987636164236,3.471619160990341,-0.0304292507591087,-2.714463443013482,-11.274299583327894,-2.8289933001605716,2.3076433690161333,1.407104775449599,-2.3885073851162533,3.970949680817876,-1.1346785824614722,7.534550068082962,-1.9166648780082722,1.3883502025685168,6.324530345418783,7.300621927094443,2.1520952405000893,2.7027398068918904,-0.6331030631288674,-2.7249656843522385,2.165123926988574,-0.36576428739693445,0.1925115534276232,-0.9082957570671216,3.439453626826763,-0.49159490997124944,-2.283689556890566,-0.48043883804298654,5.352535870567897,0.4407672621469649
-13.923340887869156,-29.90453005646195,19.20844544530245,21.784237265243796,4.37152809272332,-35.09203894152731,2.5018081193306996,-20.401970003936466,-1.0963910650322846,-6.0897927885237495,-7.289078781914701,-12.48094994869753,9.735114479269596,6.950970909307846,2.807723683874396,-4.065343531112008,-0.44493964151285015,6.599162978682397,5.484995665369721,-11.359268707364912,-1.0150844608777252,-1.927517438890019,-2.884908635791142,8.5349581857029,1.597005743051885,-2.9492651386025326,2.1939253056205477,6.747380941609619,7.266266131580803,4.139389144201148,-12.165751437859905,0.5741102880906116,-4.077559589262292,-4.189255316526951,3.388958620476743,-3.5391734209815606,-0.5616701952797601,-0.7771884545669707,5.478025396243718,-0.6401129284712523,2.406963171780809,-4.106674345958853,3.981370895078149,4.085430813238375,-0.29004664693034193,-4.304045538357817,1.4852094544680863,-2.660381396390368,10.126145850890358,2.084547403861562
-1.9216806007546416,3.773701854840905,34.474484481832896,-0.2565308731067993,11.982551968772135,3.7973040468756003,-10.33939080406101,9.752503520914797,8.403294089587403,1.3322081727881452,5.326595605129859,-10.723744220706969,-18.89712550444478,17.38734707504891,0.29705315271787386,4.707337073061062,-4.891775526645087,10.705267967755907,-7.8780610358597585,-9.97976534753773,8.088420554295709,-7.437068901558704,-2.065979390301332,-5.883808958535206,9.675030795364577,1.1186144245721976,3.8718665231527547,-7.6152261730797415,0.8898107410066542,-0.020339042284166692,1.2551555953359301,0.6655928537663518,0.08557353882274715,5.071202663183344,5.745352012344908,-0.9362595606660087,4.3073617077359945,-2.6816884329693624,-3.8470931908938404,2.2784325555445277,2.5505720154965172,-2.621298320756386,0.015854211464754676,-2.1029785293379435,2.4701900640499055,4.684140314375389,-4.70359182998974,3.3678895100294164,-1.4958320979567357,5.193225703100856
-18.48782481412953,9.153262863081828,24.32755180103111,-15.89033474309527,11.771396030723412,4.420358014327075,0.344153901679206,13.186777222069948,5.801630675822705,0.9842727463990496,-1.6036671097991984,14.415962266100975,-0.7731850600978375,1.4359095743184769,-6.050324172748729,-2.1571300953881045,7.677378199890957,3.9042783809481754,-4.1855029256334575,-12.328662540238804,4.835132210804544,-3.844102293043227,0.16152996136395906,-0.38906896597909535,-7.918096024824422,12.65121799675914,3.6823698199476023,7.098276287269282,-2.147519517655698,-0.27805499152476115,1.8253375906100975,-3.5898855196892607,6.735311737526683,0.7316235402821343,1.273804179024718,4.982142839668019,-2.6938022889948945,2.1705405661318657,7.938668192147066,2.09412374012637,2.1671633978631175,-2.3756776390691154,-2.9181827163030127,6.378628753702548,8.302891393594859,-3.9618563483168145,2.0729408292378984,1.2123260329118422,-7.073201929663396,4.021545267824369
-14.035270323146305,13.826009546821606,26.065133491038445,-16.52935803522208,-34.87264615823793,7.5046054131272255,24.353921312904117,0.21989784203700094,3.0499969934175875,2.619835682016373,-2.719930866393552,1.6478725388011197,1.543036269180601,1.1811220911845484,-7.662999266783491,-3.407376599102171,-1.0712134758997645,2.7362941036062276,5.802319087911013,-2.656304346766775,2.7099258832472986,8.509322796918116,10.789900325950768,5.940355813698259,4.295560567323706,-14.419791990160718,-3.9427112709797734,-2.0040500274785074,-14.336446269628496,-2.5490813545772406,5.441496691517185,-3.1368047071761898,5.025916742184919,-0.7018769362747257,-0.8800833152865811,6.438150059677736,-9.021526875853514,-2.454538317813781,5.609899778547638,-0.5382376329614783,9.282442223201706,-4.920759193048106,2.925963799689869,-3.391661597148528,7.010004742918913,4.318882430395487,-1.321438347636406,-0.2558247547654577,-3.9322756487524173,-0.20909680789150398
7.33243882956839,11.961743832500595,33.940105727517334,6.89138524208771,11.67507668511076,13.32176774576174,-9.889786946681925,-1.2513793546894723,5.5834991859108865,-3.30778590747823,-1.0728901993375437,15.34023459947293,-14.636812998031152,18.133584370016546,-3.7824285714316077,4.101875946876289,8.883900423116929,13.157206743104725,-5.392072132099822,1.8598137595595725,8.44752686688977,-5.134369937378435,-5.359854061963817,-4.162917127127861,6.977920801385295,2.588908784102884,-4.510292778475532,-5.025207018119636,-0.37952631725800895,6.395553294428373,3.221091822270209,1.5393957271543497,-1.1810274166564787,3.4801917173669135,-2.5755418242512857,-2.1767718973154864,4.94250341824539,-2.3699859655510447,-2.0370284302288435,6.401130681292745,-2.155530577330575,6.140747420908881,4.668003280688513,5.843626832691247,-0.8976018097586322,-3.5853345774258885,0.680185562669918,5.196047302511563,0.714340932323514,0.3193696228259724
-4.466915689485586,19.931367743155267,25.45175745383565,-8.694508475465652,-1.170379652587255,14.741270161040877,-10.07889035030358,-10.150660224487387,-1.3356954149921376,6.10233477079203,4.682934646258556,11.891650794531593,8.48210977398847,7.066632474854507,2.226714125312304,1.4130190432802132,4.234598314585242,0.36916076677914467,2.4844792104859326,-11.212726600522515,-6.48569093978794,-5.37345819572439,-1.094080156698318,-4.42874198110746,-2.2215905408902037,8.726187729070201,5.2061898430177544,14.91911028389609,6.508949507754292,6.187699261482216,-4.550946307083829,-2.043665553650183,-1.2217229900135282,2.174712000938544,-2.813827322011458,-5.809176689491701,4.870669086165625,5.373865223972708,-4.8532644597421335,-3.0944479858479332,-0.3140946809628528,1.5682116067800633,-6.622873779038224,9.695908672623855,7.119542627198305,2.8476767586165717,-4.004381706365158,-6.156302065274948,0.7364511975125613,-3.1192630026683954
7.14344077934772,-31.662819116432907,25.035729320001074,34.06361912366054,10.7742069951964,-26.062153488655408,-25.3070480334542,-32.06338289682948,7.353017180760619,-14.362967088655793,20.0825979809124,15.337173122182259,-4.8535447055383685,-12.236449446347226,1.412636970139868,-17.700415302364508,12.583413163140841,8.6085566002506,21.32762918549192,2.2479150294900596,-13.675423779032977,-1.3286653605084853,5.8420292426898826,9.382782471146166,7.172093527903186,4.079195245498807,8.37939690680787,6.142406844382729,-0.6926991283895642,9.649702606641332,11.165336146827368,-11.259911290442307,12.368020440379825,-8.65031317897855,0.798087357743442,0.09922614153503594,1.8255837606939234,-4.588070601961234,1.0525145211972162,8.36561070346629,9.770482242165372,1.2779814509264686,-0.8708381439735527,2.3597007664090004,2.5058113861384683,-8.715589006101053,-10.851091484390643,0.351748748655367,-12.228574561456025,-10.317592298005614
-5.411452044122044,45.20609319054554,-30.860312016385123,17.862781611367506,-6.119975155227385,3.347270909428336,-11.247363293913292,-14.939960778835484,2.720902289597138,-0.13245996968420054,1.2767465102812527,0.7129252360606795,0.4223141881546146,-0.8360915866494795,4.939223613920734,-8.48065118478175,1.155562175816413,-2.491887430422227,-2.8738035172210408,-4.975654621903152,-2.409652494678318,5.372494816825859,-2.6189064360805276,1.4376288683230225,3.5533307098500675,-2.870363865474163,1.3969086278028728,0.8771086513148767,-8.449080929612576,-1.4817312440976615,-2.749138571957507,-1.5206220885423796,-4.869117119532077,6.698683870794638,0.6009244964336314,3.9681961281812588,-3.2539533002133005,3.291656778157566,-0.6017217143453013,-5.25985020781422,2.899279176364691,-0.8335250674218038,-0.41233240605939847,0.8089855230503034,3.6445697181724777,2.471197360679593,-0.8510439519521845,2.304682973991586,0.6538863761422442,2.3988346785223684
60.8771292434012,-10.468493060644184,-17.04067942144401,-19.619168823008856,9.409967883644333,4.161269763263065,-14.854600463340184,-17.6923132697104,-8.198370798220958,-8.255908678424817,-10.140831234245104,3.081765202164668,2.017195259661865,-2.8838939861945154,4.867932538983726,0.17670451154462186,1.2647708934391841,1.631724908433648,0.8187206253955478,-4.756856848980605,-1.4261039106850149,0.5226484561965639,5.294135121836048,-11.474723371926526,10.725031932123093,6.536741587742375,5.8333933107333635,17.713321164629143,5.769226026127422,5.320645621847605,5.367378546876818,-0.7107234137596781,-0.6492274460563293,3.6959227919179622,6.252841576483223,-6.75329987265646,5.144602472920021,11.604657215045489,-0.576322246404263,-1.6326221574234343,5.355499841912367,0.976588014068433,-3.2422794386093337,3.162473480410056,-0.6467486363945796,0.8267693332560451,7.215853622736621,-2.085556310683609,-9.19493299738071,-7.180132650622381
61.448967534874065,-9.874572025390801,-21.69063563552083,-12.33160376260901,-9.319963818364998,10.3492354587102,5.6686703935713,9.121503819591599,-12.464365011428582,5.104246541136778,-4.288304490539691,-5.685443854954945,-2.8491293204899026,0.8773694236976615,3.922494224737804,-0.3219783964147272,-0.5782550601443184,0.9495515005922069,1.3818451760481185,-4.045689188419633,-0.25545850947727805,3.8047177929199774,7.799264209267655,-1.1761273781502395,-1.3022722004428497,1.6843586294337096,-0.30286108379299237,2.2797612993276046,-4.398717706358776,-2.4590433749909746,8.201041429669647,3.1269502728292062,-1.1976976683999587,-2.3633693077258973,9.70691718919931,-0.4734240414962304,3.8164347935877445,6.883696188716156,-1.9420997746851327,1.6606862133737186,4.306545930143426,-4.166497117822663,-4.471895922844148,1.16602295422634,-3.7091777888822786,2.5649607179025566,-0.46264817851005363,-0.07678960190478709,0.9418709265833074,1.1786521452176066
-0.615909728321362,49.000706394604165,-38.15255528342839,22.646195756193155,-25.234656595661875,-2.9524327967092447,-17.08153784017754,-21.702147146632303,14.100903554505969,1.2744321545961006,5.3678185333458845,3.5189358431334923,-9.895222018141965,-8.41951520671124,2.395172360235497,-5.324498163886856,-5.944394599079971,-6.943438841272214,2.9179465117798173,-7.319375649934126,-3.632920482560015,-0.4436160321002977,3.0750301452086384,-4.802070217717029,0.08814909419869615,1.5716164666348917,-0.05457616027809306,-4.79814501879162,-6.524196789135675,-1.5019892224204925,-6.2360697711544715,0.8707935085698256,1.198789568239241,-2.5245029574590636,5.0117132748298605,2.7639320933473566,3.8673931650063755,-1.3290757449769088,1.9784795848474757,-2.341862319762178,1.5056559794996363,-1.5846023335402826,-1.504748247438346,-0.9278362980386925,-3.8988174951608294,-2.2751950685753104,3.3709089565750063,0.038417827675723194,0.23837967359405662,-1.9767429480583063
-2.360231104073512,19.95509779013591,25.066186054158663,3.48578330563272,-34.7743910219455,20.444244725223403,11.306333196074014,-3.9846289738138614,5.547813674175317,9.474650696578003,-8.054626961047168,1.719855873878561,4.022297589610388,9.129971694278474,-10.21466465827106,6.305256736606522,5.156660348796159,3.6093076376428854,12.361699493443398,7.961801528396961,-1.485280850816943,0.05159106281305765,-1.037161494201094,4.192809394001412,-1.7047064229393583,0.46258848376753636,-6.865687625057811,-0.6409686837966221,-11.209094694951617,0.6976897165326217,4.830834428907949,2.8804318261408532,0.8740208298198328,0.15846107417775634,-5.686333786453452,3.9693058457621127,-2.60140212068654,-1.532721059183951,4.18860688146468,-2.753704811804308,1.435493451596131,2.5258113586870072,1.4510952978680358,-0.4317056113807876,0.7427345368009188,2.1247613538547285,-2.6217757989542845,-6.117496715184923,-1.0528928952099454,-0.18813436717318818
-20.76374658408657,10.244087374405707,15.759122941687876,-35.93181111929786,9.247103412943686,-5.048877165388456,12.267985006361846,-15.962908239079042,2.898638448686197,-3.670180122049138,-12.248044361302206,15.469636687155608,14.15360770888794,0.43685389547619513,-8.314244794725319,-1.3388617008626895,5.8172116832783,-8.643798437230732,4.561013273825356,-2.6384116195895966,3.8193881694832528,5.274676691212643,8.871878756206756,0.35711094739254046,11.605803893763524,-9.360057989234043,2.755570940708985,-3.723999379440847,-3.9829892913104694,2.341244516985974,1.239335792665917,1.6060189796987987,2.378733212943562,2.3555809301987845,-4.495887397350335,4.725863405903283,8.442750883614936,-5.59388200639098,4.214443535859352,2.033884304569891,-12.310569600784268,-2.302410045729441,0.8059605849195774,-3.0085680275548703,9.829780364594372,7.305258443074537,-4.009129995964554,-11.2551476619245,-1.6699732237675495,6.821146013222684
-54.49677588160949,-62.59546416010005,-38.92477649391118,4.839709441192859,1.3051544917594917,26.12248491659758,3.073039688850606,-11.800104418938039,5.575801776764493,7.190709728332529,4.321504750799137,6.895328995023342,-6.711948059280785,-8.149206787264463,6.952256059541888,-4.132850677756197,2.467108121013649,11.569691868621275,9.453158598969445,-5.263172834817378,-8.423648377159916,8.479547292013297,-0.23148693772412893,-1.1342128023830595,8.544481983728646,6.430943140766218,-3.0202039065809507,-0.13973947106862872,-2.3115749393637066,3.6241257827482727,4.731089915990507,-2.0019589932365407,6.282621266537443,4.6928652476287676,-3.349176066896316,1.8759713003153353,5.0191032972970655,2.4012218620288333,-0.8746281202920922,1.7427367039386317,-1.879989152131042,2.9883387309560434,3.0600214244556128,-2.0985070859332615,-3.5895716104258937,-4.755088088247345,0.8926881232076657,0.5322700296782872,-10.904895052242134,-0.4394409031023753
-74.24962719524764,-72.95678075510924,-39.264271329142886,3.412922683312257,-3.1526614097010444,20.9854508567598,7.839330953363131,1.7061702764042561,8.084123451091937,-0.0970335947551763,-0.5007800644994577,-2.9995652313308026,-1.712014494349542,1.2014415362108035,1.673444356139064,-2.5785849205249693,-2.457932403752499,7.913155775270009,3.9993083489202905,-2.7551056088815136,-4.3085839203730165,0.8750739988743214,-7.373210423488612,-6.207002476569772,0.38839130274077377,-5.229699601985427,8.787098562389584,3.5906919826425323,8.138387781933638,7.8865864991405665,-4.461488650913131,6.916526456733107,-1.8092378432394363,3.9361632456155005,-2.4879720363182263,-2.3033997316650954,6.734093789530611,1.2417750646701022,2.2980293836324255,3.9210204501812136,-3.8643355782093245,-0.12029819477884042,1.3992541338867932,-5.428239381047273,1.44039946686758,-3.01909426938508,4.571357078261103,2.1407857203207343,-4.213768763054562,0.77139742201151
63.215424834960956,-23.694975771614942,-35.54119220585266,-33.544319259699265,0.9107743013000623,-9.45077161556359,9.9101247214,6.290458543976097,3.9758533556944458,5.125742887712857,2.992500090712275,2.1104225192842567,4.4604410695905745,10.30805940469502,-0.04449807938098245,-6.161142251910197,-2.5330235654583615,-2.255211966875709,-2.9735975969461155,1.7692593378153334,-7.22719999328942,-5.054424571000752,0.09350186973150208,6.295239074147274,-1.1159229328840812,-1.388607372861975,4.058722625330697,-5.148947055205004,4.508490551061112,-3.9097699215092705,-5.027840013122828,-0.3735612297906864,-2.124892626090188,4.725734352897895,-7.2284669851553724,0.3728469216477465,-0.8338192820423348,-1.8397330075619482,2.474879628725012,-7.151570241069354,-3.337953412881142,1.1313385016148367,4.366763035580044,-2.8698529279701415,0.4377726946697222,-1.1131394091233044,-1.141605367968579,2.8794408059484247,-1.7836576013453103,-4.135235263551777
-19.572669602575264,-30.102207124082103,-11.802836879622207,16.70187815455951,11.95762113930894,31.045237899104652,1.0366167204083212,-3.1958023476137156,5.36556252105584,-3.6916752137152193,-7.742883595259034,-1.6323713008403522,7.305633110264876,5.512542217712058,-0.7002506628436174,4.475390723455194,3.3972355219107904,-5.79551141404164,-9.774097618943312,4.627272934909277,6.752607352941625,-3.949030446455999,15.630015647435846,3.837421173937388,-1.9477166976766256,-7.214301154886252,9.558963579348086,2.9465681182285803,-3.5561319009270695,-0.6746266109827438,2.9898539430293245,-2.927456984245409,-6.391388801223167,3.856004453935181,3.971816680913811,-4.09130600435983,4.99624125572689,-7.97723169947304,2.2973161577859758,-1.1843335094976628,-2.34903409120997,2.448379394198778,2.271258849489533,3.3621220297417764,-3.2653277536383616,4.070936645452608,4.8816568393643065,0.9686608654751675,0.8037021394692098,-0.3072541146364965
-9.248894717588788,55.112206546283815,-44.944683552687025,9.123528865122347,20.96903883667281,2.530167518916535,3.175787724512617,12.242176307761744,-5.327260986084714,1.854738091044919,-0.2552889540704907,-4.815492211067651,-0.5718369384653251,-2.626281669356032,-1.6672962316081796,1.9534076690756461,-3.735044622853315,-0.26178898899277264,2.576896668198506,-3.3777971776425817,1.4427170165858854,1.5271556389778578,-2.0088792038019934,1.5140170352053577,-1.325912129499195,-3.785844636960086,3.866023606875653,1.1417186395262617,3.5848311490609968,-0.0661226152708581,3.9334740196208786,-3.0711056860865065,-1.7339332112143966,1.8904257024800544,-2.213700656752477,5.072397062124431,-3.2417826159626517,-2.8118002529262176,-3.2800972884936908,2.231508070344182,1.7343324875889194,-2.0018094037705136,2.498978502935029,0.10973611781995325,-0.045103763463605076,-4.130751098660969,1.164509708515798,0.5229713955422525,1.0082094295195987,-3.058747607572819
68.50986689025274,-18.051781644958805,-21.557411710876686,-22.036692653480685,1.3056039654413676,6.127649349502217,-1.8740318541697534,-3.455249978593927,-8.823553260161296,-0.3694564852911993,-19.86598210682581,0.8578513272539019,5.577332908920971,16.198476130058694,6.243226106230917,-8.211570361250251,2.049088485314345,-6.27599340312172,0.5352121228827416,-1.5290906873869252,0.22413038093906243,0.02080117514390414,-2.924596033476988,-2.6014165968913745,6.455268539216204,-2.520689077061074,-3.576318605563804,-0.6750656114653096,-2.2386818844076646,-1.631132591484656,3.1280636522593137,-5.667166774854207,-1.901031540648093,-1.0816848416632596,1.551107781959678,-3.389314888793686,0.7929471677209239,4.708041604309625,-3.663398035990532,0.7015261327633541,-1.7898034691516274,-2.576014591734239,1.7633405144292091,5.836974533611176,-2.826164389492292,0.46939426262063993,1.4695064823904593,5.984157020839823,-3.4383572133493407,0.5613315092850684
-41.771715601140095,-62.98976778078224,-11.543687246437232,3.8200541560373282,13.15118938187643,10.831059772950082,-8.944569850354643,-18.514812503192942,24.332043825084664,-10.390885377890362,0.5610589127982983,-17.399745942033068,-2.414344932518651,8.758613281237462,-8.015278007849245,0.292353810046496,3.62656959313047,-19.979728661140527,-9.589018884307917,10.736636034759682,6.056800905510948,-6.01440577485129,13.005520801987487,7.10332904610665,-0.8193408388195378,-1.987446643105156,11.882731950316666,11.557077635258475,2.03072635910235,2.8237514602487255,-11.997643881154646,-11.198407763356967,-8.45576207203296,-8.596389718676537,1.4880319899918821,10.100283491326682,-4.766651419537747,7.759836673510357,-1.7077243784181249,-3.228014197313166,5.619315783115761,-3.3904490711424065,-6.5410711791983465,-6.1924456410538875,-5.568147110285703,6.060474446543249,5.4602806845756415,-7.519984375229944,-4.4667313445580605,-1.0434680980549649
63.83306651042508,-18.32137758399235,-24.162516707994353,-12.767666462999786,-35.09088091205523,-0.6188218890279471,7.451877210229438,16.354418577915578,3.5644688498296246,1.9156531928883695,-2.6198410188031405,-4.560631699108218,-6.66844366036898,0.7032100823398323,10.138090090557494,-7.982877206877072,2.8768172383891106,-0.09607127827260177,0.7020714583950269,-4.892077467538212,-3.9699037712516287,1.108065429761843,3.628064960051259,2.5315094133786453,-3.613834697635384,-3.85528557534288,4.716665852336471,-1.3068767929195593,-1.4491355227203648,-2.41501862603431,-1.337116448553998,0.9321308756309022,0.8126832369306913,5.1138443943998535,2.8572040655534288,2.2593008211276118,2.5068591413388064,0.8247193880434457,2.763142345770081,-3.3317769262325334,1.277743916266598,3.592807155349344,-2.7251898936448136,-1.3818319185887589,-2.335278934305022,2.815280000414161,-7.632703466017359,-1.210608265622221,1.0080294471352012,2.573587326988051
70.02133144080234,-1.6858611720782213,-16.92448543531626,4.1574794214405415,-37.12392286094209,18.421346058973864,10.992089440825623,37.615114533995396,-18.443044591772786,-5.8070153193772365,2.140098381015425,-1.8370573169928914,-3.902770172868008,-4.604005829461847,-3.5323428726522557,3.1679194928883416,-2.707524030315294,0.25542191297796957,-0.5423907491047457,-5.389624892546568,2.894466323513382,-2.581733419925402,7.568032694056466,4.8623049403227405,12.725102692712582,4.465847243196591,-3.1179302047592925,4.341356848492703,9.00868864692276,3.006669887298066,-7.785190960634339,-0.9104221068795018,7.6510244159119205,3.0027390235715385,-2.8273299760802058,-0.4741571455758655,-6.747242816341387,-3.9777951576429396,7.291211356440243,6.4709130254570075,-0.03975202733751258,5.511196003531824,-4.856643410091002,8.289372536275415,2.42106261521952,0.8681859050106486,1.8727570079050038,-3.133934554427524,2.4379449294682605,-4.97484852532453
28.600298350258566,-6.1946876771580905,11.266311586587102,31.61422119508958,18.044836877741954,-12.492644211201924,10.661721144832127,-26.129504808961496,3.64370784522857,15.180922422308475,-9.378213289029286,3.9846169125300848,3.1724516676636365,-5.1100084661881064,-4.627245397833993,-2.6264501774428894,-7.852008752105001,5.843343154658017,0.722791970863078,-2.6124159316059807,14.50575921281235,-6.445901209962333,11.476477087923291,-9.005678038798587,5.577986447316767,2.1973905744005795,-9.445548944936546,-2.8545292461485916,-10.04875961417352,-7.875134075767163,-0.2993621686745258,-3.416365453403804,1.3426397061713482,-1.013689646906863,3.0183738287946515,5.308889545146646,-1.487621100298244,2.841071260147983,-6.527004004982877,-7.034032064339764,-6.309963860090851,8.022761729781129,-8.51505474545054,-4.982630069390537,2.261201696107683,5.231095650979097,-3.4546121440265374,-2.262716077468292,1.3192761656389922,-2.2126933145418786
5.531723644079247,24.412208374224413,18.225245658463123,1.8045166753760185,-10.180263348119041,20.318972906969456,-7.707362947091547,15.28018042737777,-12.600837095711938,-3.957533840326526,-5.846984552662541,-1.3456985753127102,15.540219731106095,-0.6453270994553145,-0.23417759226446308,2.9024198752879395,3.7381224603053775,-10.126230978300258,7.141458587500688,1.7803352980562408,-2.7605529283679697,-19.73392610667072,-14.186987128623155,4.183413039364936,-3.275488425970019,-1.5246830632203305,0.7912331345489033,5.81280170373122,0.8026834782392159,-1.1794751132735126,-3.9004328840544518,-5.180829011342228,5.3942316698724,1.5097078904088443,5.713404065239906,1.8032959642306021,-1.8267928570434024,1.3161304169994144,-10.423090606627888,5.973672907373094,-3.4513998452433023,4.769145244843848,0.6704273926029833,16.471348365714785,-9.649795879514546,-1.9484298843947352,4.664424793772748,-8.639708310125911,-12.117087597938076,4.499291324046149
18.13384651725414,-11.868453204225581,-19.454245691078075,2.2331488523698964,-1.8992301044460294,-4.152234705346256,-2.655445729861849,-0.9917772143492839,-13.241984292411665,-19.46784876265688,17.507357551289136,57.4056141397967,-24.671403378477734,-8.114413033616492,-37.47078929410457,-1.0293402669793832,-13.954560846745808,19.653891864940807,19.01567933187226,25.6450653187406,10.075066788373194,-3.180736578061117,27.514014864337064,-4.94324751637473,18.412516451419624,9.616685808193843,-25.5801500387423,9.968509021259957,-1.4324115151980403,4.450365432934177,-28.988189850014365,-23.20234992521483,-9.06790445351041,32.78361186916691,-5.448460153906904,-9.687540312760092,-14.058622537227553,-4.699558113240347,-23.75921152566922,6.919143923652555,-6.254916234908202,-27.806218984099186,-7.940782349205691,-15.594353329971558,-18.23626685141497,1.9631516994086118,7.259984874419759,1.8163576398942924,5.365342980975375,1.370655174523622
18.416090809524633,-11.804992329679088,30.415728689754147,34.619437301447846,14.738715537731634,-12.349755250791384,-12.252681985145685,-24.061218095210336,14.231350641620912,-8.2643622779068,-2.9991488503892407,0.7857573515519347,3.100021141491566,-3.215492094727375,16.67770929697445,-9.957505344173876,3.4216261134333426,4.760442073449338,0.5440375120264233,4.750394312568915,-1.624007835216612,1.998004544646482,-4.766283832530051,-5.854652690870398,7.373762396059826,-4.194556941130335,1.8514206552555577,11.691446800718325,3.1931526864973847,-1.3524420414091771,1.832104257460874,-0.8813180299162231,-0.8169688289096528,-2.8983615652651187,-1.6240333032287793,-2.9411143733106435,0.5513603384819357,0.6981042366217886,4.727362790006294,2.414499658689491,-3.604442553140934,-3.1823396297601625,-0.21519479696539673,-0.6291644035983273,-5.041022598900665,6.059806777834181,-2.201338721640253,-5.775465796979776,-0.3348674735922056,-3.3354335145697913
-49.3456470349127,-45.994775935414474,-33.73207263165116,8.890700491141422,4.2969104020094875,36.35598309580428,1.172177313470129,-11.4919277157913,-11.456179148708015,4.227290257723905,7.001315055277899,7.9362596626918895,3.224806947733167,-2.2111140400303726,6.01466279251046,2.2788672834807353,-2.854297408108558,4.393677212220141,-3.6445243378416974,-4.106885310728745,-3.3792125795279637,-1.7727387264662007,4.5582312463065,-1.067333718205144,0.5982594182118587,-0.08281300992096063,0.969037681730803,-3.970301735957417,-1.366090509254022,-3.6409535265097057,4.918205430739814,-5.871135549616253,3.62961503178739,2.4280614155180595,-4.270536934672203,-8.393663302903963,-2.700406368698064,-3.999737061784642,-0.017928468685422548,-1.6451112796300056,-1.6399920578734506,0.4822977610745152,7.478364639906173,6.239402511416809,2.9037863087744213,3.3708846183297885,-6.983991485173486,4.225101702070507,5.248070794105092,0.17976861315708723
-34.69229871058587,-29.375715297101724,-13.09464305832852,22.703299916863926,-17.191209675190212,-34.4369412150293,22.685871982597043,16.85053315202035,-29.0043513813886,-18.21107458009086,-6.466117054737085,41.016220395088084,-22.318638905556135,4.302491340857706,-8.727468089505699,5.138958592409129,1.4681165476159561,-11.259254051210354,4.440918373849305,6.424178210408524,-20.938950785798582,-0.8319406356706349,0.6051223742558921,22.803297799089943,3.582509347848093,-2.756364730806822,14.255348509961266,-0.5417373210895506,-12.083592574715004,11.660835548859238,3.2245471979729183,4.2982939288562205,-7.365298150851089,-14.210083185024496,0.7255489719565067,2.1546069811794233,27.80765674918426,-27.485411094824485,-16.3229925341436,9.835006196764924,15.369396978919198,14.555727920598768,-13.815196336568638,-3.3366480660867905,-13.216171302630373,-26.847740456399816,-9.06851292275205,30.445469152749997,6.6929759082486475,-6.63179147729907
-23.149261387854068,-31.712388416020577,26.424620815205486,-8.730074946161798,21.681522338640864,-27.95387302820623,-41.96042720567944,24.66424525463207,17.630318696839396,19.7429013103411,0.10539906115343778,-5.4400896740216975,-6.079199678322756,-0.37111949634998104,-3.456722464828311,-4.276324384596934,-5.281288673709228,-2.426798003299673,2.080055182841483,-6.2573973844345305,-5.262792825927784,6.81660262080508,8.640998094759322,-7.23667360424136,9.810524590660362,1.1667036649356897,5.348193500827557,-2.5562026719787894,-4.62856722809326,6.5383660103628145,3.5766290165448957,7.021746601095422,-2.332063004477979,-1.9866234431727794,-0.5687557197067422,-0.370580064360197,-0.23103488189180257,-4.138517385554985,-3.798962279344939,-10.8709246380216,-2.2271979194189,-6.117485043931965,-6.885217736326716,-4.373705539839515,-4.944348436872694,5.696159531697675,-2.5013981388466644,2.8570467741157137,-1.843357166118753,6.105014079271326
-0.028168690781491507,16.516268202360944,25.406808718426078,3.6682224034248967,-33.430394803037764,13.687308834909095,8.947879083023231,16.495993552691104,4.6506959077257815,-0.21486188357174632,-2.9471794031104483,14.366684480012678,-9.122434920784192,-11.621715362803647,-3.8366580368778433,-6.758241110923591,12.667256697313173,-2.7995612902473686,1.3377183726726185,-13.056476014781506,-1.3533449321846396,4.284107139519934,8.100501892612407,-0.7850246873608651,-10.6181766438932,6.522410730083252,9.287148003215085,-0.29182304154181976,-2.0939242661681647,12.678689017489159,2.34433781930458,4.939614603570977,2.635217598628537,1.01522694889453,-6.375517107992556,0.9195352294270689,1.0485402558540597,8.070344718141593,-1.7360388611952755,-1.4915618271290534,-4.731029000414491,-5.228813641608083,-0.45816773922031884,4.666149682669321,-0.7615959927723351,2.3092134532868216,-1.2256455026970832,-0.16078934299409822,-0.6788814322524573,-3.5470874730346678
38.58552468610575,-38.80965591446054,-16.94199527979269,-20.238602241544452,-0.3985748355784665,-16.08340736270231,-10.64460044457398,-13.79361361091569,-0.30630115450568496,-16.516114751810246,29.275737192415505,5.820534490612243,6.384789235798183,-7.497063916847745,-23.831572992202496,26.145265467384405,12.62037454613371,9.537461600538668,-0.6314354044474692,-7.761977098184273,4.70182295429105,-0.5710187422482261,-11.501085531670762,-0.6921463045459161,-1.1833227280171126,0.008066098806366039,-5.6869343913983155,0.6219700610823103,-4.83361936285904,-1.3720389186002957,-3.4643961033823185,4.464013322752453,7.993007390592771,-11.433762227516421,-11.816935942438395,0.3588388601568047,-1.3599477897405794,-13.31284414667441,-3.4411707474532767,-2.1600248746765054,1.2684895209927993,1.0253535092809283,0.6084407777412223,-11.493469106278624,1.1487604883340166,-6.780140810593747,4.612029076656426,-8.352651652655078,-6.0772969665033525,-1.4878009831174897
12.140926147331731,50.688305183362694,-21.32776351081493,27.05801513169744,5.7520054387385136,16.915381186813146,-5.074982433438038,6.0244294426734974,2.9154188440666067,-4.7592824601693895,-6.544040317739246,-4.446289705854246,3.337098946112136,-6.303995370164772,-7.679044925516243,-2.958330753773017,-11.731796448430051,4.049451025955427,-2.5996412527923254,4.6185789633193295,9.011962315434866,8.481110254250863,-12.365812711780803,16.96021170605245,7.685752892939498,4.63422976026961,6.136059518964915,-1.7140733562719956,0.0908585590845514,5.469971084319574,10.06920558735019,1.5522407112941037,3.0660979186304345,7.5387970031425215,-5.406538159077968,4.686742277461449,-3.7367382180993745,2.617785049660095,-4.134587238024214,-5.654290496762064,6.132084458849523,1.701986129327778,-3.7234998266692507,1.4125520623120411,2.5469004252642837,2.493497677840035,-3.9422247226015243,-2.383300806371364,-2.570204146822874,2.3295545034735565
5.615496999711971,-15.13351234807947,19.411027718963222,34.11975751289974,10.52164009495303,-16.138564538895142,0.5247949238395786,-12.811611872225301,-9.04478818995304,-6.7675356290376465,1.1328958738889223,9.48666240088369,-16.24086062973435,3.020406044208816,-7.57688135719821,4.5815824748873855,7.1774791786034084,-7.898554839261312,3.4211268032414415,-0.5702690252894,-5.716042897491619,10.185755936011182,-5.8100598100081,-0.9037288530626738,-8.430137234895563,-12.881389703482546,7.761947387528507,-3.281338695676814,11.294918626740772,5.82078407066973,7.602135515407052,-8.901403428547995,9.471846419654232,1.9138665884881767,14.917728732803036,-2.473198308640078,3.064533958701785,-12.30604996797927,-1.9778631673650848,5.300886649628363,-9.07591019042347,-4.552850447482551,-1.3510948383454169,0.9505313987417401,-16.527615940076807,11.99160133321072,-5.396113389480395,1.2947137284318357,-3.8574540517516285,3.603922975664143
61.17880733314523,-13.242815637336484,-23.82336693421094,-21.26116049733231,-6.884592198288047,1.1799529652156047,6.716247549559323,5.065620131032326,-3.4010536274225562,4.799987721244824,-7.5282868090143396,-4.228445146226369,-5.011728119163294,6.028508408178813,2.2149584347853564,-9.442596178545719,1.4885011250562385,-4.041697725581821,2.316368700009122,-4.324527568646882,0.3371304707639374,-1.3355294708095187,7.071948717173384,3.187175968200235,-1.1776203875464775,5.620323986709593,0.4338782774767775,3.639032240169552,5.518872844392281,-4.905588924580746,-0.6982079314095092,-0.8134143995462614,2.0727516203006098,3.3821902974673588,-3.3521452518793455,-4.10263586945415,0.9197624287799293,-4.743395986818645,3.5887525937340015,0.9836781159077054,0.4887322799612296,4.698600608097682,-9.839341053128496,0.7359574708889338,-2.7542603730041293,5.170395951073391,-2.2180524480907216,-6.236763982677465,-0.43391500751421397,-0.6765673966374536
59.387700854823635,-5.051155976474465,-11.009557661812748,-0.9360260346526901,6.342421212600885,13.799208177220606,3.41881832033842,19.17030188832817,-4.597501922206935,-3.683194402488477,4.215785500320827,-3.4978376101749413,7.031323409547164,-6.129575457583023,-5.176935227348116,11.336720244256423,-6.498912424429417,7.265419821785168,-6.713388724968721,-0.15455695590804885,3.560124555223058,8.17054333699045,7.486531976784868,-3.502305557162843,-5.1946370181158,0.08158511114346377,-0.057651076216270615,2.1823114683691793,-3.1469722101421485,3.2330630239515217,-2.258930796607871,3.665929512826775,2.4835065050729006,6.433422281782017,3.618177552858103,6.213553268489272,3.684366802998921,6.652841825796922,2.858448067650767,1.3568169902203786,6.59585198191979,-4.844737053844938,-1.6291351846873041,3.924493571130452,4.597988100233634,-7.187211902618868,0.4205764341845344,-0.004950454867149109,1.4324364209874771,-0.5835591562344926
49.257885950247115,-22.330031745106,-18.45232049648261,-13.146509424430048,-27.257810772310453,-5.381681525537456,-0.689821490588435,4.797186894177072,1.9503486400087733,-5.083020490448858,13.931798127178476,-8.87666675889735,1.1817490814077365,-3.5698769434217708,-8.412217975929352,12.621207691970326,3.4039018824565037,2.6652367413019533,-0.4750269400020251,-12.160728154070952,-4.18018957633165,-2.9852263129300103,-5.419649435715615,4.756355074540256,0.5401451293599899,-2.976930878340762,0.4639159625601966,0.8435501095567817,6.950211829827878,-2.950053695477438,-4.1292246648372135,5.421142750386017,-11.156577329719438,-4.223845512193038,-3.3481811069061735,-0.41899645996283436,-0.004175812642821465,-7.109371743881429,3.103271396455743,-10.556505057006394,-6.787359707522248,5.466768738956398,-1.6558850601018107,-5.368677260286534,-1.8577556202995187,3.3760248075487325,1.6116860996925138,0.44357837791798493,-0.8051225492910976,-1.3398542118842907
13.446648342586936,-15.253600667608783,30.024706456070625,41.367395521360514,6.85954553022736,-10.998710482794854,4.033166129185435,-18.72957007760891,3.9747724464318934,-6.145582724301916,3.0633173057282086,-3.6172668153468637,7.658540642775071,0.8790933756549983,13.47476326850849,-1.8979439742712074,6.374933508365384,-3.7792469403712987,-9.8589164935201,4.832563448933099,-1.6151564818633874,0.5353162050930504,-1.5225931378693904,-1.1636216127055554,-1.694484323301711,-3.8714428610348004,-0.4879355418587889,2.21695823348273,-1.5493632726881275,5.636384023841317,-2.0714288264041234,1.2329255166915387,3.8694869283445676,1.511291146115689,-5.6520281781416655,-4.0527149633696515,3.5534089396802697,-5.626875998864373,-1.8748183023334528,-0.7152829583486855,-3.4326454119526155,-7.122927833851506,-0.4330388570339798,8.239322007254444,-0.1280702834149902,1.3052903040876536,2.2907467447010155,-0.05458493687975061,2.0260150659978895,-0.7793951289236587
-31.38668376731494,7.486849414356942,22.293372806052012,-42.758229151123146,7.757253337670213,-7.491237234825947,1.8617462232981117,-15.646099259672914,-8.01937187004107,-7.015134964961931,0.2905947501852803,-3.533707332534347,-7.233417679850641,4.750030887115327,5.8954434854244075,1.4190827232066368,-6.039484534292327,-0.5711776755087347,-4.214348070696886,-12.632633994771277,0.9202877627771837,8.358636605327256,2.5635898066152802,0.20170026453776874,-11.739054779293513,-2.8169903281633624,5.340931805329328,10.06846480942272,-1.627249839197295,-0.03889900097641307,-1.202280152003083,-9.023776625235282,1.3155465110017028,-0.6702718500719629,-11.553025234184615,-11.055689829147877,-11.27684399203053,0.27439030256852653,-1.356937419522246,2.3883555313418214,7.987163069567587,-4.588784936051916,-1.1057265122658275,-6.228098000095381,0.42720548704419314,-0.19766006372064504,-3.5681690636600143,6.049944065054679,1.0176132838026137,0.2730184961109087
6.24567617418164,-15.411956578590168,24.016632687644545,23.719086078539686,27.990520519658464,-17.694779772823416,2.689362194050518,-21.71972071545979,-9.062705297797633,-6.4771957277978975,-9.522811825217074,-8.791262428466899,4.069013669883739,-1.0349691184552927,2.2122625364411554,-11.026018065607962,2.918322559797809,6.755742447338478,3.623732046502251,-1.9276490942791433,5.225995220159819,-7.49038487330845,5.799169675936405,3.8533983952450566,0.2877322240972368,-7.716027937891326,-0.29905929849937146,6.198514593491825,3.5605444987729085,2.9628233199721072,-4.818521528861127,5.1379612613079715,-4.322568671902279,-1.756496206324262,0.31545066946173445,1.68239552826799,5.143817402388597,-5.053354717198433,3.849434871524342,1.0856813385070951,-4.911707335275701,-0.16108270380269027,-1.1946094851006042,4.7649844257514555,-2.30306487385133,0.782397348260055,3.61393026478206,8.316450148476555,3.801560325027526,10.582417009622816
58.91226796803088,-21.15958205855759,-33.19596897321109,-31.028408679701748,16.847896826293994,-6.367486122153457,-1.1287023720685616,-15.67445233167157,-3.0909941739887525,6.390262048419956,7.356530580174695,15.398022210109373,5.943064442068339,12.323519199728306,-0.31293007049615146,6.023982405002825,-2.7982689643400933,5.012081971550323,1.9039288546989643,-0.0787385145206692,0.5727032787450181,0.2836247803205886,-5.822838261483411,-1.4963895001192873,0.7039097877631315,-1.2610667779217117,0.27023639323255416,5.309611392929698,2.701591133614667,1.300491143526463,-5.5187897028963935,1.1765755418120492,-1.9480059347433114,2.0419237746803773,2.2872806589297716,-0.9850304249777055,-4.174485241027572,2.618130899185799,-4.548338942225135,1.755142025145065,-0.8239065546436165,-5.562623345037844,5.176183478525461,-1.9747337538271568,-1.348874028058924,-2.370438334482136,4.99632476943979,2.6901672670063266,-0.3159803000028719,-0.8202334703644865
-6.8858496661783635,15.279083342712207,24.125839480485787,-18.227663958081113,10.107179414611256,20.370668289109467,1.3345932235389788,2.0215289089377393,-14.968227730777457,-3.767342949500002,-13.945493427668248,-0.731821928918945,4.935746066676364,-2.815133542025124,-3.656643326358247,-1.4081173430402492,11.386840609820196,-0.7839089870790539,4.35544864110693,-2.619529161363579,0.8550631913526955,0.7568252440898929,2.0713154546292403,-0.9472054981535699,-5.313933718467107,-0.797708754543248,-0.7791802220712972,-1.0170618623126835,-11.350898811209879,0.5818816732391069,-1.3063450295109036,3.942306831192194,5.177695473620699,2.075083834250892,-0.9553536506234118,5.798538759819168,0.028845759181027678,7.681055744080453,4.240537792271369,0.696820034428008,-5.099222149626577,-2.866566408781321,-7.463466023705578,0.1412795708009097,-0.8060034667105216,0.5609895575537495,-3.497718699263626,-4.219244299694914,-1.5030635784412545,-1.7885127992964034
57.56312965282284,-22.652218576281534,-9.08823936798941,-8.028151382162772,3.453825980643995,-2.549953901259376,-17.246912243431638,-23.71888539682426,3.440243919870618,-9.137130469142194,9.968739843312449,0.6496308032847843,6.122299784215868,-3.04358133123984,-3.4239230416285023,12.569511319086287,6.823777220472383,5.530442896542293,3.591246054225914,-4.737422030433508,-2.123861276174278,3.3034379180868125,-2.3244226526417306,-1.2123223369711178,2.063039770588343,-1.4427340713420258,2.1385985987653946,8.70997670047042,-1.612476163986012,-4.319813075317653,4.335615750375208,0.2989674912097919,-2.507482826474117,-5.13514301538777,2.3834926688967677,0.3272777645160993,5.0945238140641065,-0.8158807344709673,3.38742038300449,1.2806985398263255,0.9846065570569154,1.275482269426345,1.8211175060061404,-6.441986845708085,-4.309809458545985,2.218012829110424,-4.6043769357898565,3.1221406086255383,-0.37110182529507063,1.2731778496029869
1.7578001813577209,51.767096845106344,-28.378958263096596,21.75144016817229,0.01573775806903309,5.048704269268555,2.4998324945184702,8.139558509570712,-2.1027979418446785,0.7418212951475999,7.998600845176401,-0.8614986061318817,2.27223057664238,-0.8199348116161017,3.3035652124283876,-7.906612309442275,2.6000718076301874,-1.729731177375866,-3.6163074814211056,1.576617694392285,-2.7400703246782445,9.182149717810745,-8.507106298232957,2.1880757934953374,1.8562836518491526,-2.599838313768306,0.8723070070522733,1.7195443709250615,-10.00328207212937,-3.8972882979345234,-5.466191251325371,-3.678753530294179,-0.6106312456978497,1.7546103737512062,2.4018148035550246,4.922278628409845,0.33237076578649155,-1.2817599904603283,3.3317753421041476,-1.138038274734777,0.9654569668296332,-1.2882851152565784,-2.7743634870420495,3.2191036119969776,3.9934367177393204,-2.6243118352635295,2.5627761494869508,-5.990247562922337,0.5699897246271584,-0.4210913679696382
-32.47560547680182,9.613457885648245,14.161764481604214,-44.37068412221339,-4.342160818257691,-12.561192244940436,22.59389675296226,6.61650824533893,10.445299691980267,-1.4208471369427094,-24.183441188724757,10.085284473871132,17.739364695847147,-4.616250972043964,-13.64087610170026,-9.514710720147281,5.47318109821476,3.1594784927498845,8.068713555654716,-6.445183846402481,0.06694506840881326,5.393801042231042,2.4793608465584422,1.20258411113382,0.510383795240219,-5.704008251168209,-0.015626169353392408,3.436222389019847,4.538789221144559,-4.544556181521602,1.039546555021746,7.764117505321047,-1.18866939899924,2.0598344464585145,3.4985958749975383,6.232781579767872,-7.733906560145679,-7.388105266867592,9.674576856616243,1.3846760534611668,4.343874742326299,0.6593330661866528,-1.407049964735018,-13.204081022406456,7.668477103798794,-4.029653531962699,2.636252458411808,0.7301590195364486,-9.443192439949977,-9.811222996538651
-0.7968664357151191,-15.19400957956206,17.41270054262333,38.287476047641455,-5.39451374201005,-12.67158892865467,5.450569902532217,3.921602013026469,-13.00015681213466,1.537635218482585,8.16653502959972,5.202832947852235,4.531663559657691,10.05723284707474,10.277965243598295,-4.213842174799982,4.139223602279947,10.561529397512613,3.388837143241198,-8.915136978690917,2.516957101917392,-1.3523902802735284,4.268247775686907,12.53756763016796,-3.3014463476889313,-9.4434063993707,-8.901478240927782,3.7910250850278255,-7.159448133052107,7.253673628180539,1.1335079201147602,-1.6719740420901759,-5.1947170962804545,0.4235355893164883,-0.8162662481880317,-4.144176993658423,-11.335643407678003,1.3548232263576145,-7.174353156269635,-1.8653845846808765,-4.618229858319274,4.474242181481909,-2.5698830526632404,0.6168933795782658,-1.6026783907350108,0.7814994776621528,-3.1767995175251036,0.33666273128514307,6.092737362921737,-1.7750916529019691
0.8720531512405584,-30.67888318530661,26.843566136165688,27.386723170744578,0.3993344713518095,-25.052466994665565,-16.171534498427707,-15.796046170269637,11.289416118349223,-15.195013263781663,0.5378507823574717,-12.884663210579188,4.188904219096377,-12.79569432445602,3.4245021361208416,-22.426465673036155,4.914771009106605,4.778462967839002,24.752772891652988,-3.414343660903613,-14.641630574378237,-11.55662196985151,-1.0976049401682526,13.915792313340658,2.605440618743267,1.0048758864652947,9.544473873959237,6.6811959388227535,3.557353308131761,6.767939554897774,-3.071669360854212,-0.4068559682647464,3.9257666229404053,-4.080675162014108,5.930114494544221,3.5268369710414507,6.366751744914195,-6.598476002856066,0.5510191632715877,9.413093941731704,8.675822858428418,-0.6556206934236762,-3.4832572349210142,-1.7321796574381154,-2.2251314970004956,-11.35491692537241,-5.40823920968711,-6.051502281492147,-9.928958328579336,-6.408571066699816
46.5854005418876,-26.604700409393555,-28.798315142936513,-27.50719298889607,-6.019362777716095,-8.720954632517461,-12.802282018063723,-21.277041118907636,-9.76038438558329,-7.960179230266225,4.673408393766326,-4.290308503051402,-2.9823668712099494,-10.698736958174276,-6.570515164489889,15.697927320164027,9.021270659167142,4.838467234892024,0.2302689330041203,-14.77530944017406,-2.687981963485745,-0.825380004219327,-4.9103806576151685,-0.08649739995716256,1.5326016887361746,-9.968711359477261,5.439930916361443,10.63519578667019,6.700241619300682,-6.870816568255856,-8.8057534349882,-1.6063379762823444,-3.068484500927442,-2.1116918470347192,-4.570056677699578,-4.674780415032871,3.6681787867734954,-5.383881185620232,0.2951703089484148,-7.371751905056091,-2.046794213319244,1.8217759167478758,-7.695350552520983,-9.41717050629492,-5.237011421123615,4.275617662911153,0.5014247861813618,3.965646756946887,-9.341323646801728,7.036740114467182
70.88692122663944,-14.256506670709301,-18.14755793813644,-19.13129322273675,7.8749073692983895,2.735624030387403,9.4374583078062,15.615402730129462,1.4592038903291447,5.584845784725081,-3.972748729786273,-6.454593157100053,-0.5255798771030235,1.0008650434579545,2.968770045771803,-5.307162016221446,-5.386083324651531,-5.793963411703798,-1.713056559593802,1.5695758412007705,4.111039394501287,-3.1407020506068077,-2.0042644688975333,0.3826616610192746,-0.4654878580084308,-2.576713762841597,2.938739297633683,0.8623985588130468,5.592938942106059,-0.5479029883198008,0.6216462873045793,0.23768917609427906,-0.5657869818092306,-3.3061531262336836,-3.2773951012148763,-3.692156946323284,2.7177164944619627,-3.9150671137545414,1.9816601046300941,1.3951114411446974,-0.423160168760432,-0.07535293286346974,-0.6863046581389555,0.5085825983382688,1.9156706020186525,-0.35084851496690644,-3.231153333821728,2.499751703206397,2.1962858921611157,4.416524116061647
22.066985795183577,-3.907858295751197,23.852344820965154,47.6139604323456,-5.459989225792215,4.927634581703628,13.226110697208997,12.827554019453947,-17.773704282915634,-7.19744698495722,13.400899589987697,-1.0307886525737373,-2.199596679443511,3.8036222154639536,2.1054987869340933,-2.163877350978255,-6.737276799599904,10.024146949114789,2.6602297665461503,2.3287108213297723,-0.06148629069084994,-3.1929543692939206,8.154023951336976,1.2588213775266035,3.9865466876306566,1.4932474308318517,0.12901473348079415,5.3802912437731925,-0.6818352395532655,2.656009050791705,10.700363328499689,1.1155839875929943,-3.948928813218522,-4.768970661897039,-9.57697499000602,-0.9117637014059394,2.5723362553716593,-3.927330472144433,-4.4271863836937,0.9177836868299002,-0.7035247514585885,-0.7671649355241769,1.6522885370235147,7.519896667207294,2.617015164536214,1.7974190748711427,-7.308981240946544,6.285852782025686,-2.1758220587654824,-5.132191408970659
-34.64040693811819,-41.11578065204353,-14.614471445128626,18.12360428240852,-1.752375267244928,25.10833709879176,-1.7583158351152108,-0.8728865570193984,-15.92383107845267,-7.793495974016597,4.663194120265562,-2.4687005749283744,9.048882218157777,3.1751580671145696,1.7948499658810682,11.28813658835567,-7.621724874611591,-11.706831788819946,4.501579610151189,4.435921460089715,-6.625013538212562,2.21521584981934,6.694031027435166,2.91061603401717,-0.860288240019446,-1.2852282371675186,-6.59813541241852,-6.23570012699259,-14.066021653299043,3.2941774265972343,18.204205535533514,-9.462116718091902,3.2366428797265883,-11.467253786659242,0.2884020609108891,-18.41286722523622,-3.5028889572303274,-4.400511896628003,9.974181534988215,-9.729019024634818,-0.3381681909978155,1.7394954849077124,-2.0022020592540515,7.82288282735952,-6.564028271821033,2.343422691794152,3.531925230845471,-7.322666665065267,3.6611618445433383,3.701851573219398
-19.17085411884519,23.889720389004466,-23.530897972022395,-12.693096119946903,37.47712486010101,-6.277843530629292,-13.198455056066035,-0.8450419088698214,-10.212413940640523,-8.354432973369413,-15.438568775793323,-10.358070228585754,-7.380155189438873,-6.186976054353134,13.108152117669867,8.697729518988316,5.475120590425549,11.716352740294704,-1.3157295668467477,3.9586092025848236,1.0434179191006714,6.643620567461572,7.386961002108282,2.3123248033323853,-7.210519373457327,-0.30724520481353695,3.033485894055692,1.427823009638587,8.650726180038012,-5.316983249404955,5.656406553688865,1.9367185651079148,-4.708601211467198,6.036227679601501,-2.4200379390653604,-0.27585087878943665,-3.8592885598111035,-2.025483599727656,-1.8993316767846504,3.993417145555455,4.880655871515352,2.1741021543592156,-1.7977771153568307,-3.0684202627796235,5.715891999655971,5.006950946038896,-1.460207363605649,-2.749031148014052,6.428378076385801,0.6295017306884463
63.56622926553059,-15.646518920389335,-26.734841155277454,-22.5094140691913,-0.3438293557620709,3.2467087673254733,13.567762202400736,21.18914937621869,-9.339252451305917,3.709604125744326,-8.220436391682806,-10.215470201046738,4.788484119788604,6.98620369741715,2.198554889100405,-6.7821590552799105,-4.155829445701677,-0.7753609870088646,2.197243378892408,3.4645435876894215,2.630898276788812,-1.8443574156336273,4.65615699728959,6.863599703865739,-3.6202297888220407,2.1170560323876098,0.786572874108244,0.7069024173206391,0.44419050707946456,-6.850217246447663,0.48053542505735086,1.5947110498751684,-1.380926002569879,3.5145272588425804,0.4545484847595091,0.9965378950681626,0.35272296124279323,-6.418151803261672,8.508032205824682,0.8436570989378422,1.8557625799613444,2.4929256881187074,-2.2952242268295486,2.3441482489345242,-2.162573188481898,1.9928313532304731,-0.8586203217015156,-5.756219401404115,-0.2393145599601436,2.3105692362047914
-12.669252218993073,17.84925885166429,20.87040180964069,-9.395674815553056,-36.871503275278044,10.298121112313924,9.259649834851366,6.878821980417748,-5.004299790305149,-7.267163941157878,-8.461020699621404,10.67784594738155,4.825528036206168,7.872618137516573,-2.231812825981379,-7.011562648303285,12.585660988465364,5.05377929467646,2.5242728092106703,-16.061136075729948,-2.8353404719292334,7.335534308432215,0.4574238199952416,0.4806694055359031,-8.31052534863973,0.04318637566615683,-0.21985033549256777,2.054347997760752,-9.618853833496491,7.876806131068812,3.1805170220723826,-5.58010519222418,2.1949737556425326,-2.8170691629206503,-4.236101991260124,7.80433350014071,-0.1164317113956753,-3.122409312903097,-7.755862677954662,-3.6618616470363765,-1.7918797923268133,-3.8063559773073306,-10.709297344187187,-1.8669181786627185,-0.6097940064578482,8.534279284092268,-5.681240812447464,-3.2989111456774145,1.818048974255117,5.263854156562106
61.915312339947846,-6.743474469386324,-8.305128638593118,3.9272215262570165,-14.993769245064495,16.846144835854,5.765671149077388,27.89058577293144,-11.56335168643097,-14.432648285375548,-1.050856790756311,-8.149071847899796,2.849514246473342,-6.850491678453221,-8.350922269234811,5.2590646832056995,4.454938413187332,-2.177347518228842,-0.12627260483026656,-6.345286690817327,0.6822294537130874,-1.9911254539633683,1.8057983930766535,1.4557518333783812,14.038103724862218,2.8362726296136644,-2.780921680380296,1.4876310540462754,4.249571110045049,-4.542314815726331,0.645984719113696,-6.238208646764285,-2.4542256696146376,1.8873840357379175,-5.152100826057555,-6.2218416377812735,-4.5524204298868005,-6.674827931044668,7.149971317444142,3.484162970515765,-2.050913068633019,2.586497140866811,-6.492333630751375,4.794285969276972,-2.6742523596255485,1.8977565673351855,6.730273867285922,5.288339445489352,-4.010218238724385,-5.217382257024521
61.99364094058799,-24.400560884738617,-30.00011883426369,-32.89849628899749,12.935262937176708,-9.27619727976101,5.698526387158889,-2.714960189354822,6.4151507614540435,5.082843973164644,-0.9213472048058626,1.7205859624842794,7.309874377702664,14.175402309787717,-0.07679343291366532,-8.279869058862644,-5.077170260333454,-2.2061583959863533,-0.17324096746265918,6.10570417611326,-4.584552933672987,-4.691989246660189,-1.2746481991096672,5.043632448397365,-2.537546984771803,4.826286868419897,0.9661370680919793,-6.641008533828102,2.929907445301468,0.8816972747287124,-0.7471894367194961,2.471987136082669,-0.2940566512097579,0.9954954445189825,-5.353662481883869,-0.7061837132445599,0.18947126683283486,-0.28367346057643816,0.04033501385713387,-0.2249276800110137,-3.3260453803728756,0.025321511218576037,5.721926947172733,-0.761455931791634,1.1551039081334737,-4.083862855893449,2.1403355395793815,-2.7268132240386387,1.3477935073197356,-4.569192448962732
-15.554375831357527,0.015240343529276446,37.02727538107118,-22.272459277553804,4.5680610293274695,-4.957986440864432,-0.36354597055347493,5.342536863760737,11.622908323357946,-25.577131381952896,0.9828310310458664,-4.050046687698524,15.557489085889928,4.929573409190828,0.4956977796658488,-0.13437529028374154,-15.265683061242344,-2.7386365154445382,-4.210450491200229,-9.868014537061411,-0.2262917729897617,3.2074945957151755,-2.1721338556570813,-5.057625441155606,0.2896532147927675,8.441774467878478,2.1338480248573215,-4.280892864043403,-1.7803040957147072,-3.4620042025818485,2.866982110773737,-2.501209748745299,-4.501125262093404,-1.2643543346119626,-2.9869852609253895,4.46476467640723,0.6390898492064317,0.06693018565240706,-2.5152124080233627,-0.27460390695848436,-3.971995474173178,-2.097116122811792,-3.079205455245603,8.311925791818224,-1.8022998899790335,-3.6768894019781415,-5.818295749212485,3.609955725481406,6.2113762145129225,-5.630437790855973
-2.530478657103747,24.490980900193396,25.184307525848798,-8.959217386675586,2.8838550341533877,21.054155321144947,4.444536625971023,5.760834871111933,-10.40834435966205,5.9353982474213405,1.328243636756878,9.937605347964753,11.650686565074936,-0.3672479307834783,-7.686732332842544,2.0078514668549685,7.537193509493118,-7.072810043239332,0.16656373664278892,-5.575331376599429,-5.375332401891025,-2.007870300671099,-1.646071783958607,5.03216741935469,-8.162906107456585,14.353569579425312,0.9168800500434936,-1.871875962284532,0.5381949007276046,-2.4531111037379807,-0.6898889828612599,0.3621047432514918,-0.9609680048141757,-1.6418063506485214,-6.21790500309472,-1.0341103831337566,4.999680382871952,1.7174175488325494,-4.158602062658321,2.8947276254038745,-4.837724254929839,-2.3364777094951634,-2.5435246200837294,5.535238180461794,-0.6460513200255024,2.5467318185150116,-1.8200277486319283,-4.33609638476303,0.6025011662334333,2.5695120429029483
-17.48646292221933,15.63022646080428,26.05196866350941,-32.68341764515429,31.146518670173815,0.806091938578161,3.84524500089665,18.93791747935427,0.1898892240723073,4.0465653207648025,-0.3807830555757249,13.289095580925583,-15.24306275415373,-18.85592704271456,11.54080893579678,-0.09084794748897226,6.710144995008956,-0.2539450099132229,-13.852136906347345,-8.073118436141256,3.442281725585127,-6.552264909748662,1.711559211465618,-2.6092807804140485,-11.40925834278696,10.299827280893046,-6.981493998303109,4.222114695225871,-2.935712563427323,-1.5833378695311788,-3.86216058378479,-1.8610586431275906,1.0441463519906107,-1.6256321037497798,6.365633943075262,0.37382696607830723,1.97605890622949,-1.5993483987782982,-0.14145800237154924,-2.438405113072076,6.751606038621913,5.216866581931982,-5.654044281105455,2.6761852564335835,-1.0992019004296385,-0.7820059047536899,3.58623428254578,-1.926253179208836,-3.3777854224214208,7.628794574675331
-37.04540513439868,6.528533919380718,19.920127191168095,-44.64237181010993,-6.53774421619361,-12.331782137682017,22.48866321862482,-0.8753679315744309,-10.920306865189586,1.0185508252801707,9.164840920440666,-17.19760391184924,2.5347839627061344,-2.6471473392819322,1.8273792967561953,11.408019758371243,-5.171109653619613,-7.504990359377503,3.006034630268308,8.647060414445747,-3.542810498811224,9.07175303696645,-3.13324598279008,2.2243471854638095,10.638081360287462,2.533314448505241,-6.2589512221077275,-5.708280473635568,5.874424608375507,-6.700163349996507,0.981234229516156,-0.03199677404558607,-0.9431770315879526,8.933604050737726,1.3067920077628679,-0.654581142625272,10.082078422196657,-1.070647418220957,-2.5803706308047962,1.975287240561681,3.277783982713703,-1.756248402404497,10.179915744759695,2.837800651542129,-8.18530632311223,3.7583408760504975,-2.1257641515958587,-1.2186695230080853,4.486565724775419,3.97817174608763
1.0460205427814113,52.92185149837533,-30.246065769370208,21.84509003366806,0.09569543946852437,13.908298685472326,-2.7639942708496585,11.163448650279827,-4.685329024818208,2.7465697866712966,6.5746919699904165,-3.7795359839399905,3.772538528841031,-0.6026046194830276,-3.7017169229432407,-4.551911932903323,-8.501920227821017,-3.9011579643943928,4.170278411651567,-7.966811496492676,1.9040113884439087,-1.1429725141198062,0.6807896867162623,1.7678238615126591,-5.235148560348792,-1.7268439485101856,1.0910526655561472,8.593841972281657,-3.9770851156311307,-7.461041829051003,-1.089905739420206,-2.7762021727930817,1.8558531097111914,3.78820262168197,3.482417351148267,-1.971158004257755,3.0598272879566037,1.8819639995968522,-0.10929434253938207,-4.290281659998892,8.877780483504354,2.0896679825350057,6.75753657303088,-5.90856704396193,0.24146069199792897,-2.636540422979768,-3.4666385931577857,1.317570436069986,0.4050317809871644,0.8416646636903308
-24.189592963951707,4.885007904132816,12.58057425075624,-49.376108048063955,7.301034369857609,-20.774335897249298,29.441303396004248,8.724257929929326,19.993305328237287,-3.736051786723042,-7.7988600661801675,10.360358047769548,7.888707931393304,-24.00775908999497,4.238129507847452,-8.432448179799932,-4.535757398334615,-14.149733309757705,-3.6539622285555837,10.64546741286072,2.310004192387459,3.3225280171194274,0.5600645283402915,-14.992285158969384,2.1573861804295023,-13.906559227883463,-4.860392124814464,-4.331846059802094,-7.284182391054527,5.809632750452178,2.585966516873822,-0.8662099139538016,-4.8441452551724815,-0.980631914917504,-5.0537880714701755,-7.909955182255533,2.1553493495866487,2.0935338888024795,1.910858500759202,-4.496146113284003,-1.2952752820163287,4.402216087997655,-0.7103439149812931,-7.849160696407344,10.769153281120504,-7.883934967164991,-0.619887950002264,12.565513809326374,-2.223585113014486,12.065296352137922
-4.375056642810589,20.457836706571115,29.60106836749555,-12.078918610940109,8.05731679799953,20.910312069436532,-0.36525275997267126,2.7153205999742664,-15.856534655007103,11.453369655744043,7.5928614682798,0.8834055179482818,-1.09432240243116,-2.2274887091408346,-6.4516340319456775,0.42540254722996745,5.837933826249399,-5.694234438616774,5.842677374795644,-1.3469476418944522,-7.32130671797672,-2.474250765771908,1.4099932932237218,7.474412467619477,-1.517915991514562,7.868226708823412,-2.8232543944994752,0.6116241565791607,-1.5751868225584662,1.6717730974239697,2.3438149501573546,1.1742036941737766,0.7165317999053609,0.9605387312330951,-1.298600743513192,0.10082332154358392,0.43573035861498666,2.7012423977005144,-1.8328575611864588,1.152301815253262,-6.210713453104169,-0.922617028266726,-0.6532719341216576,-0.8850719442608123,5.745860855816878,0.9173264720551252,1.9626818858763466,-1.6926604286491689,5.023256634647216,1.533532486006582
71.57248016065446,-7.990022611839281,-15.5552952984197,2.081315009754878,-26.742869027297367,10.286225728179122,10.998370002093045,32.28839403662212,-0.6502218218098919,-0.28600873068434673,-3.3281394042208077,-1.2014486202090704,-19.87906729640917,-3.7270566433952856,-2.289658983505957,-12.032035557912108,-3.9452425164530416,-4.688269385997079,-2.995645313844734,2.194688718253081,5.781187274295953,-1.0799837073710001,14.85124256857801,1.92711079483694,9.735977225749398,7.378545587032677,-2.0087418460742317,2.918113156563613,14.172869753782233,9.203791991621696,-12.621222558597546,-2.8674342599854135,12.734061929276175,4.7877800661891845,-11.393985657904125,-6.229460748388721,-6.575217034714028,-9.635339689617853,8.371833324257503,8.055501771810828,-0.9559314317169115,5.282129294763506,-1.3823104263940267,4.14273320784921,0.1770645361915105,1.4140387373250316,-7.573154180157667,-1.7015230216743495,3.8858323203857337,-0.1460300383292948
-34.3070576141096,-47.74625014532974,-23.594526281288875,12.402567525680045,12.716021015725305,37.02060926715024,4.663004898542558,-4.191954632182731,0.32639868883630685,-1.7384824459433177,0.32198931967171707,-3.8414580089518906,2.6721179758201017,-2.534289325149106,1.7563343617470242,0.7488252341635592,-6.4540786289558545,5.744838714918545,0.7246304579282151,-1.754071660005484,-0.6638537005144628,6.456286308877613,5.4483212315496425,-0.08828926402266118,-2.6244742099756255,1.0731609460405251,-5.165143420740021,-5.177005079503846,-3.131278268699549,2.6445119852469814,-0.21691952709243761,-1.8844999659156505,-0.27105199688591763,4.062856641693893,-3.635725619975582,-1.778675332213219,9.65865884577152,-5.0903132102310185,2.2280299752550246,4.589564497745614,-2.7443580069978113,1.854782012825386,5.158693504211162,-3.6394852598767597,-5.435290182168779,0.3363112097985777,0.09520843715321135,-1.1552916694143023,-4.11082915116901,1.7682446674767833
10.529458520448161,22.04565856181814,31.465829549712833,1.946466026397544,-18.37234212993067,22.098511784019898,3.200171722034306,-15.892079727257826,15.561781348725928,4.598435102333519,-7.726059807946679,-0.5892049752687214,1.0973574727392645,3.509730234003095,-1.0582972515616667,5.645233677412465,2.726768634593271,3.588692726567437,6.120992521152974,6.470309771865785,-4.010840309540534,-7.526629097096788,-6.490201420490548,1.5674184767826171,-3.52181047175968,-2.868764926329359,-0.628009982783268,-4.004874604575528,2.0214175351919668,2.4345170315814695,-1.8703324728466502,-3.98802692911403,-0.1751239349497938,-4.34311123514222,1.0513773484640316,0.9210373468091215,-4.344720807767095,-0.7910941461713223,0.8903663028537313,-0.4813091561173448,-1.9085654736254118,3.329276666069537,0.4938493030779158,-0.9141530082008111,-3.5036097150482712,-0.5886257723152741,2.785539867628697,2.9954176420805636,2.006719489608591,-4.21875894490213
-3.5915619088230986,-2.575804770671024,27.02706320652773,10.935578662549135,-7.492706426540715,5.959420772362261,-43.00637043402783,3.1866339654543645,-8.428157809032182,7.130248461192206,-13.310196230885646,-4.528043086481832,8.264311554022436,4.080630525839296,0.7140582361756859,0.8192662857184758,2.7415114569100165,-0.7935551204362185,2.3482165100245735,6.046866166925795,-4.858309944035235,4.279617492007191,5.0494685243252055,-3.2251687006341183,-3.24943829430041,4.433230578972374,6.152676617882574,-1.957392882843873,-4.7148984126094255,3.0967285162712352,0.05754040769278657,1.4303889163994905,-0.8633934667261521,3.969808952511166,-3.7491951789789075,0.02047256905141818,1.7898861666423076,4.588553767619951,4.195653279862631,-2.3480620049441487,-6.12184442173949,0.3557191688909712,0.9949805208480913,-2.923984739198211,1.91410147754801,-8.201292216299667,1.2182460745859545,3.9598594792709765,3.286179876726035,2.6040651825601855
65.00827228061762,-8.794929382080404,-7.982650102147282,-9.994991710141415,15.656075706584838,11.625782353768301,-2.0480587152852023,-1.7073433689832302,0.36144524982664655,-0.4982645740993644,-1.8707812296633237,0.6702452061734746,-0.9307551456934892,-1.42525380676433,0.6097870082846294,4.320201677001907,-3.4611084999274997,-1.811295661540386,-5.771359106567276,-2.7825756732740965,5.745612120978135,1.079000762155176,4.998195745948213,-1.4059697642629305,-6.32069173574858,-4.582079403340755,-1.8282655817074216,1.6340325563936204,3.5478710379634437,-4.052536038897026,2.325696851909182,5.670417952810909,1.623631086566863,-3.2061967678091436,5.307708573035481,-5.898211596715957,4.740282431503439,1.89794792751136,-2.632121359510108,6.962438363403555,4.301506940405628,-7.93143729962624,0.24992754916557972,-0.1660040187274676,-1.8305549794561216,2.084353096928541,6.058246399481378,3.709147495196711,4.496940422025026,3.350056418503222
-20.236476605067175,-9.902429297721309,27.944643465003892,-2.9768413580128152,-10.650670693433193,-6.043763998532296,-25.621226261744777,-6.742131738361249,-8.575498946870706,-3.0687868900533686,0.07507898456253309,-14.566928617225457,-22.54900866635022,19.13866751466797,4.411314251404343,1.168971114752753,4.4385452456534535,6.220167585719036,-0.9775213902624816,-5.177296410658653,-1.3463723942206212,-0.5839322472465269,-2.579937135496772,-5.230884934563417,11.553460506307474,9.819231563076976,4.500749841712857,0.7916728112954812,-9.302424764242328,7.464583445798214,1.4455697431882628,6.009930807910433,-2.101513533836535,12.368969288371622,4.389665544432415,4.617729150633549,4.730038136197303,-3.5844381777209864,1.355394967197983,5.221327474538509,-0.45733815852263154,0.9350508925552253,4.482930342658468,5.424591181685651,4.2688757284576235,3.6251609386331594,-2.481936929086425,-0.9142058651568932,7.368817508045878,-1.1706552782508293
-28.03371658197872,-53.597241822836295,-9.775988796881219,20.374662087304714,11.135694219342543,29.720161785514392,-4.000827360343465,2.107276491911294,15.274198686701089,-11.164017609519178,-1.2842567521837813,-4.175328831693944,4.358843344495134,-4.489807137930023,5.327003361228779,-1.1200437741310523,-4.600237433095339,-0.7031125488691413,5.247234087444339,0.09281849939118629,-5.821689337427173,1.2547689855455606,1.1641080109592865,-0.5518746086164505,-2.082580497217393,5.652556873332886,-10.44983410997989,-4.305873693114288,-6.168870509841731,4.660352032732925,3.7957384795252165,-7.076205627794087,1.5856816232526565,-4.116001906061377,-2.9147232584580283,2.582810539015681,0.013307036743857746,-1.3809576306736084,8.955099789409637,0.16754796509588119,-0.9150570140860111,1.9474916701865204,-2.087702761788381,0.14633238635862372,-0.9083834024919909,-0.0691480344075623,2.596409893195461,-0.4559479048463672,-0.38974419405326455,1.396244062339422
-1.178163565250729,-15.392230658182244,12.222820488688555,43.73255318926308,-3.620128367360004,-18.652016863871566,12.78704306825937,4.583753101753295,-20.18578747504743,-4.701473606236418,-12.470850169572554,13.924447587694047,-4.551376826078305,6.840136505604672,2.2517850920429545,11.714630557249833,-12.07072682463978,-3.885272349122786,6.06412362003459,1.9637771621071756,-7.539467993387962,4.446956927562416,-1.1741829008108084,4.993383130735027,-0.48550657416993825,2.142695562490028,-8.57677533727977,5.692441965922683,-8.69241758607184,-5.821909156512218,3.8300644977852456,2.339314779047398,-0.8740161976026496,-8.29740242742822,-4.278574025248862,5.723861576460985,-1.3386514891099972,4.3567174177945835,0.4671461699961853,-3.5796016939055546,-3.202847791654595,0.40588342866710436,-2.1199021319397993,-2.3916789518260857,0.043854573892297605,-4.346935054516307,-3.367455920585195,-1.471546442689651,3.919501303018014,2.127598744846481
65.65924143573207,-25.007734763005388,-17.46843168145873,-13.181403069008669,-1.4307808965941908,-4.936989699331687,-3.5749349354572404,-12.082867612460868,15.474218841212625,0.9338049259504779,14.110491095666536,5.648801058732132,3.7307581842201207,6.453739863635964,2.019351397270029,5.268898189753614,-2.7664818686541475,4.897607803607198,-0.544886657622159,2.0696363800896056,-1.3557427060132656,5.281336421122563,-0.9644237351401341,-0.697305707836281,-4.302972906896333,-5.085279223125058,3.9708333500840545,-2.185944139214371,-3.4712285099342175,4.4322616288002346,0.4942043034863175,3.8010926164759815,4.710636694412144,-0.540366736538363,1.648559445078978,6.042081706234139,0.6933975074180299,5.176101596201181,-3.5092985822044276,-1.558411325105427,1.1815086056791408,-2.810609316883361,2.2157323469052552,-1.6960792164057543,2.277883235192039,-0.38646536396619124,-3.6701881315143474,1.2929168369856003,4.067869561646555,-3.1649326104004474
66.3206872547489,-13.66325918829152,-22.215003244101254,-9.770077440485597,-13.114192685125529,7.290071916265866,7.184678296132699,13.568360650727813,-2.84403890612927,0.21073282487983838,-3.3758651774458235,-2.998603141971172,0.8975135633407314,2.1788243372131393,2.0816495116538456,-4.449013024172478,-1.3634832705016813,3.114068625794357,0.23157485868195368,-1.0641125215582692,-2.610527057794976,1.1903183342184815,6.988867198082938,3.0190293943920308,1.1462080942974293,6.247985361105333,1.242169112301147,2.009635468168356,-4.2786369373599245,-3.280828579785565,6.896561135607074,-4.390103117737197,-0.130104613940633,2.9282909254671146,1.2557636081310262,5.397111926831971,4.439248667978331,1.644350674497517,4.8617801605947255,-3.5700245874642276,-1.9244703722358405,-2.266583829325259,2.3478451058646828,-0.47036596544040515,-2.770148003765309,-0.6364199956993974,-2.0777895948169034,4.2391814334312015,-4.176154863168494,0.12632494148107473
-6.823883765682462,19.698830131155987,30.92993038867793,-12.469610023401536,-26.465507517916276,13.020731234224764,14.733742611991664,-0.5781884581260512,-3.179621681779711,3.119571115586156,5.556006169775892,3.055933939356909,0.26877609658649054,-4.38590466644778,2.5761267699447528,-2.4771020479139065,6.99445683164276,-2.5303557863156265,3.321254750292396,-0.6291775548176191,-6.34879401865482,4.862359201516393,-0.6331266637586366,9.33158883159766,-0.7126363084986478,3.3480239884862826,-2.6370823099456686,-3.6725217412974462,1.6319172198138896,4.599298760809616,0.28168161024531513,-1.7442797728601327,-5.165484825871301,1.8565804126733605,5.414134263595668,2.194178988956185,-0.37888105611316303,-2.2943693225940365,-4.197441035602094,2.8878020136442393,-0.09734835664761424,1.5446756927731353,5.441647563727964,5.20320730477407,1.0150292179314806,-0.07879292366987561,4.1945918085323495,-2.633234330935272,7.334218231432987,2.812056042925237
59.083090081941116,-33.605759741417025,-27.56875243228727,-34.77045068297253,4.118605304318499,-18.37259270257,-6.907223015835918,-21.470530833075085,21.50311777364818,4.562767386593173,-3.8521222129548316,8.820305711800474,1.1913815157602805,6.7280228283191335,14.991711284601275,-9.807066970241305,2.052064102807268,-0.9911642623564001,-0.21348199057118294,0.8385846754466962,-4.494562915400209,-2.8316951794784875,-2.4195916779655944,-0.8961893893620551,0.5140043179843148,-2.4863044402332246,6.1863129932650045,-0.15486546010127136,7.059398630546645,5.044067755291287,-3.519970142889678,-0.3444565683447841,2.1172464053994258,-3.4597109634030114,-1.1906933022453796,-2.432983334862551,-0.1849997185915465,1.039628745357919,-3.7786318585982666,-3.231398127142733,3.7983588020409305,0.18696241521652018,6.77108311941786,0.3292083490628363,3.4620462649111694,-2.9064450858213413,-2.296168548861288,-6.166276180259074,2.0901601443219584,0.36832827058378503
-42.99969838394291,-18.40974479710984,-43.53066887695497,-1.2116286493021688,6.36047461180035,36.353041132954104,-6.2561944525583835,-9.92344070017771,-33.2950859842391,5.6711475540125305,-4.434866075592032,11.309922590618653,5.343097113868827,-19.757699196232018,7.888043952270401,-9.14121964819663,-8.40649007054413,7.031257015980352,-4.792833680325293,-10.8091008282465,-1.6064022344282927,5.7273884087836935,2.312753047539726,6.937430663327573,-4.984223251189533,-5.226872856308086,-6.145917419615686,-6.56471338548995,3.598941848119691,7.566821153373091,-8.215106003061356,0.02215975563760166,-9.171987680555082,0.8108206981602265,7.21664776166822,-1.4334918959654823,12.308180587287426,-11.78970339618597,3.0866694444449623,-8.778991066887166,1.0440655570772233,-5.03285180787418,19.10536305122715,-4.2114334452834195,-1.7862100099320861,8.051122801752104,-2.0977442962485306,-2.515238751901955,-0.3233866868936172,-4.550107666700021
2.863991076966232,16.53692830757754,37.237729981353446,-10.19618666468981,8.053866046046128,15.935065622008867,6.516888116221338,0.44888251080724556,7.741671630119777,-0.14387937845451418,4.395191217144025,-6.078481352779581,-2.6323652897466916,-5.454880999314388,6.607794991312707,-2.7867854965201118,1.2465886952588892,-3.348617135350434,-0.5972649234254581,10.288588043839514,-9.034420265550782,2.1098649785870007,-2.61321202893563,0.09683607533636135,-3.4077941774233804,0.8642031694257919,1.959636200481525,7.64881356589707,4.902730452652066,1.3262405704573774,-5.954801108229797,5.876681077236367,-3.0242661152394033,2.473656343413385,-2.8696662103956765,0.5751642227700956,-5.951458164802388,0.8949487571911737,0.3683993524867726,0.970194868282645,-3.7825097517417174,3.242266657080354,-1.9590339020424843,-2.441165607973084,2.289021716566765,0.37185179371053323,4.280785107974019,2.622567763153645,-2.595076653284535,-2.757770668382322
-34.16515230108982,43.346714184842696,-51.68018029666299,-16.77715750095974,10.079724801095558,-11.522060730723734,-0.479738536385235,14.646888259355366,-25.127051338256134,-16.65795465920424,-27.669889886878767,-6.015510985992747,12.097728071270748,-7.591111223488033,9.001314430204697,9.939875789927298,8.38921335463885,6.643470953696054,1.7187269902991507,10.768531950256012,4.468519305027335,-6.778563527387796,5.497111724405049,-0.7807653018515958,-0.4535186216972023,-0.9439431515417578,-1.8781814273455832,-4.995802680509006,15.275500016907932,10.901732225604391,12.279210380456231,-2.2784956070020543,-0.45631227761007226,-2.466211015232047,-2.3039509115025845,8.590697570232003,-1.0796044949852366,0.9283510072126219,-11.475681748801223,3.913850602670614,-2.501111746281564,2.6609030353473115,-4.236702401497946,-4.750474428773311,-0.6900497548604242,-2.6093388130472195,-9.836319946949855,-3.2687723421175114,-4.592616368748734,3.1765506591440342
-11.080612810402496,-4.846167430602443,12.608891943008244,29.06457307014634,-43.70762774282522,7.8904853652901,-36.414150880121035,0.7132715258526614,-24.83827558282271,-14.077632983350929,11.93723851738036,29.12844513438771,-22.13735446681583,10.336811001432485,-16.356173634016976,-18.397235032990995,3.9803782847705964,-7.008992413388061,2.873670664317657,13.341244386184341,14.509489100592234,-4.062677121225098,-9.491216675700779,-11.95735577939656,-20.837641103984488,-8.638388129182415,-5.454351261795462,-12.725314314310525,20.14411078610826,-19.262197189287566,5.695087733931622,9.545509322222943,-1.4509927244589362,-4.934816490720904,-5.067369074332917,-1.5688854539137336,-7.470400075048096,31.072924347080093,10.380466835601815,-16.723392278223464,-6.2344157012446315,24.024853189307983,26.746514648669287,-5.40180701567472,1.063273779135755,-8.026658947301478,-9.062924134449114,-5.871648941677856,-3.8522808286412613,-4.450559088297024
-33.143243049768266,7.2032091236528295,1.9562587817834183,-6.379946160979345,6.1138047916563165,4.894266531310637,-36.83056365837379,44.29822589930612,-42.20173719740368,-6.646279025373612,0.1490089227905128,32.59687973622972,28.903246656182784,-0.018685792264571684,30.12576896014601,3.864659572197235,-3.5222474505964545,-7.322879986358291,-19.192524234994366,2.3697140363365303,1.408737915992447,-30.78259206125189,-1.7374370842393583,0.3905131190638943,16.52448518937848,2.85983998920751,-3.0843387626958356,15.232824746346456,-0.49318992253255367,-0.8589072842505608,-4.821757666346189,19.092338334795812,29.27032775019692,-6.301566053232021,13.758277498739888,7.7533255501721365,-5.6378550261301035,3.742788767192298,4.740304080627931,2.193459032368293,-2.1010184665398914,5.98239821863638,4.308976107038835,-11.688394669853317,-6.593028710186893,8.26940429684714,-4.211124937189109,2.8153128937299527,-3.8206686930458686,-11.040287962318056
14.687792132224509,21.399987928090866,29.516398959936833,15.350431391550673,-5.147765736532767,21.815685325356263,5.627211053853459,7.835911088621685,12.995669073110086,11.90497470903838,-1.6889348569828875,0.9981997323797577,3.26687634077737,5.473531666326967,-6.349901049159775,3.49899501178621,5.994241325408184,-0.9826474448403257,7.048310281672608,5.892180382009929,-3.972800528415777,-4.890440216078489,-3.3671171952636483,3.711759197222925,-2.329149168503652,15.749511376190933,-4.260320523053179,2.4012286560650935,0.08890329161463445,-0.8152796367733196,7.081565891673138,0.7519722802190876,0.6189656174847996,-4.993158489820568,0.27544230885152965,-0.49276198648522607,1.6067866611757688,1.6417366430118798,0.7275786171207389,5.268344261559275,0.6483436424047483,1.1945140129934304,-3.879138849426925,0.4972353651146156,1.297492787305741,2.228102419722924,2.225878136011196,-1.6697871643381692,-1.620373506622353,1.2583906242305665
-6.201891758909124,26.02647511980872,24.89660705398757,-8.721034553732462,-7.545648516626061,14.589024446935897,6.735430641567573,-7.743412829835851,10.153948014584953,12.20291220477013,-1.2377823332408688,12.709126051308441,1.5694778091767858,2.915579864216623,5.832517384871356,7.163061352552654,10.351868302444881,6.021535143342236,-3.8179574971410526,-1.3742930724302578,-4.5216236159311665,-5.0486984175903915,-9.627008965446686,5.280022245241843,-4.279104336894765,-2.722538367162977,0.9815128604240652,9.840746450394363,8.787422021976774,-4.425673707460012,-5.997256189140391,-2.2805467647712137,1.5951031409958891,-0.6014409688208677,-4.136946519159371,1.5137221043543423,2.0125856096422403,-6.4733232305117365,0.298649755464093,-0.05026051586348596,2.111910568909534,-5.41464087706009,-2.3608692047082207,2.567541613368894,-1.3238001209885149,4.596152783224261,1.477802930451177,-5.70032639026799,-1.3174028053498852,-0.3352114934384693
10.458827086136832,18.71895743584825,34.922968272118645,0.8489440526516918,-0.7322916490649204,15.908705749928188,-0.9208969073226823,-6.089250535895855,13.233528231695447,3.560215108817473,2.857122524882323,2.2267386606108834,0.07729289345963129,3.836129712827421,5.561761381786104,4.198494787409185,0.9129758323071051,4.783856422370515,-0.9101883480600754,3.1819179000539513,-4.541342549869483,2.0104377099039614,-7.34041072439062,-0.9780407632113737,-1.3752794042551169,4.8266604233603365,0.3129195757391882,4.4102953309320325,3.656223344358121,-5.647557730600907,-3.8895090002619024,-7.684935781526724,-3.269347118209759,-0.9389499683972192,-1.8348465152125966,-8.405593754001368,1.0175275760264741,-2.7937165887139064,-0.4473700527092147,0.6565884543505829,1.7786705636049558,-0.28433169591713914,-1.372789544432667,-1.054493085058443,-4.203039268674549,-4.8094441094167,1.5104552541240719,4.70170926166882,4.7245391770688485,-4.323841684462158
0.8034234286195179,33.32118291914329,13.341891202781131,-11.763182154062594,-9.793181611742762,20.365801137743112,2.7468349956773648,-16.32238663294136,-2.429451627491961,26.219787915221094,-4.213449692863128,3.906360421839381,-11.591839218131899,-5.052375038058911,-5.19892389319474,4.006368611941251,3.6664684308472437,5.735404912790865,7.679980201951656,3.3616979775459384,-5.417966881549093,-9.109197355027606,-0.6437115758853478,0.07845170080331083,7.0465448042680645,-1.1285515222067803,5.807263130078162,3.1748004917991444,7.394856897718103,7.446545696738258,0.6452329378982867,5.909356655942802,-1.24177893283438,-6.129997261527994,2.5504365844047725,-6.145425471946577,0.5116856273163034,5.324762320910373,4.973453271049868,-6.56109695657959,5.650576742488826,-1.2517544436247736,2.0336043816920415,-4.712159318297683,6.446723506122103,0.005450119833015245,0.8402854064236458,0.5487684699267946,-2.739918327319335,-7.197561428469446
1.1771984446724697,3.4321143828490035,1.5402767907365262,30.36177978602627,3.8301281133946006,-20.353945112475515,31.669256300919017,-1.3538183273733833,-18.183856362515275,22.115058019846217,-5.178118070018119,-8.594262725350003,7.9986946958968,-6.105363166551667,3.1590302129531964,3.1295640730847905,-14.984833156702177,14.221298359493849,-2.257664513682766,0.4042277737841235,12.020868682643123,-10.5759661735432,8.860206969862427,-10.761493772675633,-3.282984077014754,-2.0191083471647175,-0.658783820558509,6.143147881364326,4.638417263418409,-3.548032563463654,0.3237180212612994,-1.530682828126913,-4.415856270804217,-7.260806287927551,-5.475885733086075,8.614366098485247,1.5190526827852018,0.05600747076168508,3.694524314286061,-9.715209525674979,2.339962746582361,3.3564204215112943,1.1317593251261742,6.770850265554358,-0.3793333143777469,3.2737210032676627,0.12138515777726044,1.5555024841734986,-7.562964349972127,4.524013446600444
66.28171333984672,-25.56943925206205,-25.42118275536892,-22.398928173023105,-12.534488470568384,-10.14930344684268,0.4411314528278588,1.9622593446776113,10.9350569228027,3.612435031742626,-0.3197258629724643,-0.8214464566311193,-2.3285023817538693,4.200965629840471,9.5968175212079,-11.721958841637601,3.1524546510359768,-1.1525233052858168,6.383424496149347,2.3071056299555894,-6.918165943521964,-2.7501865113715116,3.1648678570132107,2.12234953013147,2.8934627863679,4.164712545306075,2.2102654169718003,-3.2543938055917367,-8.497226349794381,-4.651473946058508,6.3535666433556335,-8.957218521610795,0.2118813894999616,3.203698031903385,-1.3899760846393967,2.6935001028596033,0.489393508580012,2.7555987153163595,3.819373930344084,-6.956662066509564,-0.19410438633434304,2.6215726558104304,-0.5068110839090321,-4.324019165732238,-5.985433058015153,-0.6987398505409999,-8.536771219617677,-0.07463461762908323,-5.9551110096144875,2.160258927995903
68.57072615905325,-21.931545543397693,-24.23087554395371,-29.59754695533626,22.03339965552184,-7.937217336939015,-1.603597989451889,-13.70817326086327,5.876879273309128,7.379128141007679,0.8069266735681603,7.751602576129742,4.182421432033659,9.31355109861456,4.1912067227523195,-0.750982223712392,-2.095891713721596,-2.3913173103359506,-1.5378779328780499,5.971926729883,-0.010337491177355206,3.475239497852145,-3.179573585382799,-0.5161313413380836,-3.4741530411338712,-0.0067086547881459405,0.29382547507020634,-3.566472293994954,-2.199438637817599,1.832247347104453,2.158408905435884,3.962873351654006,6.41032421183271,-1.255322252584592,-1.2226009750531623,-0.0398160498396657,2.4520310937525274,5.438520903904383,-4.313847883420983,5.029718105621237,1.7945946248831552,-3.164917836812674,1.9857252125876335,3.794383603280015,-0.3928762962387375,-1.5317210986350134,3.338859751955711,-0.8873421325370339,5.204128561530804,0.6650284914777563
7.005491899750417,-32.0010333935418,11.0503184877776,33.81010293467577,8.784512647400971,26.479824852257018,2.4728441265015944,14.130283220978566,31.001157461474662,-14.842106869468846,-5.991027698106122,-5.97040897891413,6.542717587163282,6.192777076820205,-7.304339949796878,0.5384286328810111,-5.2409967742564785,-9.469443037297694,-4.298632107459797,9.562228203514794,6.089473474780696,2.4315001527867133,9.749844410653102,0.5997045497828059,-1.8621717265602002,-6.513790407872809,1.0478724414641096,-0.42266704297419233,1.4945447250653456,-1.0196130949610827,2.4804711553328573,-5.262064054938652,-2.694338362012225,-5.082791407367454,5.194223667608261,8.762625619697104,2.603599810036732,-4.134333596328901,4.211217827645442,0.0904274414819944,-3.4440414908832144,-2.362639918230963,3.4855043092160725,-1.6804374574581984,-5.287399034748605,2.897170069898294,-1.3622396675397834,2.0794393435605754,-4.037210290254905,-0.24917265654229498
-3.487647117898939,14.90695459308575,29.952961121459467,-15.624369292065913,7.385626368957989,11.37505223523945,3.671977081380575,-5.302979530279939,7.094302983676861,-8.428715706546834,-7.6753634365375465,-2.916626659212395,1.9339844661154117,-5.339766692110458,-2.1583347384291676,2.9611630797502504,-2.7417874110532345,5.92707485779114,-9.649944149673955,6.727728739453777,10.715367382646548,-2.925277182828087,-10.437774289068876,13.232886391735812,3.109039464914424,9.411999540618417,9.806941701388203,-4.136174705899733,1.9600197023716113,-0.7452844405799308,2.8250316031985645,-1.6967710873261272,6.699515362283138,7.791088354474863,-1.5021297355237995,2.794732441215279,-4.500223647326179,5.300038036044098,3.3542874728735472,-2.6879594944043035,4.036705430733448,4.118156375856212,1.5530552826173618,-2.78138014892445,-7.414164131844391,-0.09062290780424931,1.2271782398169506,4.6832232679667625,1.517540083809055,-3.07895033565518
28.19759590455629,2.860915889816457,10.81300764548367,37.20178413387876,9.575302536613064,-6.363680624817768,26.324303516401823,-1.5131612766086269,-9.01010302134722,10.129051312811825,-18.479864747153336,-3.035537740125487,3.240506345239872,-3.66367067767924,-6.784063653101242,6.7199032913099055,-8.917621374588332,1.2380938577920257,-1.5714729572317905,-6.0955777474770425,5.442742586875895,3.562332229642496,-3.418357395394342,-9.623486244792895,1.4288832428074134,2.137063703260011,-0.8442796945827115,-2.9213837957034925,0.0770486994542137,-11.67665176674563,-2.5702003392086525,-12.217168728565694,6.925651939764898,1.4131916015832808,6.933142840205293,5.095161380639871,-2.838788927278718,1.280814854555073,-3.0527941791449256,1.2461341690962788,-2.2382322292813734,1.754936100495422,-6.295591646510155,-0.2158627201778332,-1.2092673306918975,-2.2067213983128355,1.720128606893018,0.11413033319520736,-2.200042181827734,-4.598247265324372
-8.309879800736482,52.815727499631706,-44.42917392783575,14.20926992289337,-2.0913242423493097,7.630552207491255,-4.183168401595264,-0.039036300938070013,-16.279596888462894,-7.444499693354733,-3.1837313464992483,4.007676861336373,-5.599267921503544,-2.0781886733535027,3.780850591879395,5.255615752473108,7.0008842941059894,0.4314266962046601,4.520292558245152,-0.05377507581448255,1.8571365692154973,1.5671523818950417,7.425103856543871,-4.53524436538642,3.424221331730139,1.2624491136484677,-2.655391376804161,-3.1255841692462707,5.696730913526675,11.637688650449714,6.756132620201747,-3.0603170438320473,-2.4451488471286766,4.590529713233903,-4.1564450888388444,5.54950246939286,-3.367042674834483,-1.796581440650241,-10.061983983882627,-0.35529195269612757,7.505976969516949,-2.245157100723275,1.040230904654733,-4.5550340189132505,-3.697529755838562,-8.679623693380154,-1.775396592588416,-3.6558788344650286,3.4586380638102616,-5.813843520207227
69.99784004707465,-16.025487347312474,-18.346864241166983,-14.906616895063932,-8.351690076072698,5.102438106113565,8.091458917564475,8.141950346264014,-3.8955992954544696,1.814925823449608,-10.736125518153855,-5.752460784266056,2.7663877756912414,10.85126686035036,3.970186588861324,-3.9728713386496457,-1.8646287247199755,-5.071795568826263,5.452083391837228,1.0211533781107682,-1.4837664946025664,0.5621403316743463,-2.5110941362650774,-4.063679223253436,1.8372277139510282,-1.1245624660453213,-1.9623723877175336,-0.4716305075187307,-2.057329028279978,-0.6322456777612862,6.3727736745430015,-5.087083495989672,-1.0609666033836462,-1.4238910455141502,1.2600528714772,-1.7103379571086064,1.5106308779815436,4.551419196052051,-4.868368152154571,2.744118874597562,3.374198266170596,-2.165931375519269,-1.93795940869432,4.111643837326231,-0.9378059701160771,1.6610086900729515,1.9556068925676635,2.0154571814202775,-1.9393575258526614,1.7807659034256047
-0.2556689204461531,21.849084844446203,26.0304470636136,-12.029903574895688,2.432614076944174,16.704087219602084,10.11643732220294,2.30954530779041,3.091315738869652,3.972190842216757,-3.2818750166199653,2.040854434044332,-6.877875673388909,-3.6012146620022536,0.5023771867952096,-1.859607439545802,7.026747311835575,1.020872864507167,1.5945318704561973,-3.495485542362225,-4.731553361939238,2.0206858597441855,2.024593109949061,3.7535108593358895,3.7288659514699956,1.6792541468147577,5.644699387450439,-4.09075388061021,1.3697149362215426,-3.983142309077793,-0.8315378303653338,1.1644292182766134,-5.4713511208654255,1.669241898459722,2.9343084506669195,-3.5088475476571928,-2.9012639831402387,1.607649812632816,-4.106274146821092,-4.227260820797165,0.7751505523929147,-4.39998656235106,-0.8293088415327693,-0.13288211792264593,2.4325262033414443,0.4421757328491644,-1.3043514685200321,-0.40919394499072326,1.1050864656475943,-1.2046602899272194
-14.212075718811603,-3.6428293620258465,7.039409489128401,20.320261622467207,-10.628542698602569,-26.122925265738786,11.524716036594523,-1.7767704320947972,-13.613594660017712,14.48857309607145,7.113747561536097,-11.394576798202014,11.83758317768359,0.5474803196506368,-0.16800566456518087,-6.457428949874113,4.015961297376215,13.512792597691227,-3.9502804702116423,-0.22775745826043084,1.4784853406647749,6.281391022238894,-4.070327675125043,-7.443508971371373,2.3493370950522126,6.1118095842966,6.1682094672002865,11.838881172690947,3.0630991767155025,0.7349368371115435,-7.67940184263454,-3.7217300473740806,-2.250405230238449,1.4145510410408302,-3.425553942749134,1.4953263033429238,0.4574129706511564,11.1767008942021,6.900349984648032,0.6266573356929512,-3.5834723144461944,-0.6427730065314342,3.867170484083726,-12.776358836248948,0.7078432422344512,0.5779009465696765,6.458705705365639,2.7512358185012125,0.5576982138352405,7.123858690236774
3.934051931560333,-4.784867786997566,3.503102091434623,34.94418617129307,10.013254634013549,-13.271406537552274,22.006961319326383,-0.7323367682623999,-14.625625570533233,13.735308692924965,2.7953525999675524,-1.6744259725728055,9.522175040196915,-7.560187116155087,-2.842788037402482,-7.300094781578271,6.977187184517953,0.48444207012499846,-4.87112615126182,-5.345977945432247,4.024607498318896,-4.161807846515487,8.206909702695175,1.1669045257854203,6.219860683027498,6.8570201499867585,-1.8995429953181657,-2.283790067002534,0.0038349833373736166,-9.365332352359534,0.5744434701122111,-6.504768673077825,-2.503033772340877,7.378769364258094,5.485632485249613,7.280495815135263,-1.7573880281463663,5.470111617182083,0.5260163588467147,-9.218693200276494,-3.25260939177407,4.241045836778529,-5.353110389518264,-3.7328205530989407,0.23376257006886916,-3.576279577759521,3.6957033044090313,11.420280614502994,-3.081391164381128,0.036795659705022715
-26.764020288032246,-22.127712819316326,22.03452316443881,-6.932241864311355,1.341060532320961,-29.118132342773553,-46.53626177766968,18.77125466089992,9.370200422377222,17.14964780989728,18.41195799290378,2.0501538081052484,10.793374584779608,3.5358475486757666,-7.857268177252223,-3.8184045899050805,2.4910089919790495,-2.686594400048062,-0.7436568256346141,-3.3071344331318215,-4.222813120468295,1.065589364239193,-1.2452600338600408,0.13348060873386522,0.43954162275588393,-3.082015598207734,2.628392143722249,-8.138096960448125,4.846824058890442,3.4987850480644616,-4.411002859359164,-12.942780299482093,-8.105521606876524,-2.2836199864809203,-9.135370113813975,-15.757597953389661,-3.789208281509191,5.297607486996204,-8.370904981414135,-5.761890729893174,1.0146208324038912,2.4457088026219687,-6.419692448238442,2.9581706914589803,-0.8749366138443628,1.2354735038591051,-8.14342766772279,-0.06792899334210419,4.145720870438408,19.866596141376448
-9.301211599185482,-6.338764216494742,23.489349956367654,9.069210818823096,10.346322689785671,0.8414900208425791,-42.09416992969009,16.684883216203804,-1.94570327144502,8.734930283291247,1.2099931857437882,12.122023312578403,13.180910510940082,0.9681833400326155,10.12746211205231,1.1706283888159412,7.927392673595046,-2.5961073193056756,-2.2917470100418726,11.686702627006637,1.5259871731144627,-2.6467331557462836,2.9895094300670513,0.47775566707899275,7.123705483408575,-0.12312076359299727,2.3634097007543495,10.041680438980588,-2.329002352943423,-2.9348520431092204,0.2802027812247977,10.699078510897197,13.129017473591402,6.52922679222126,5.340696620069329,1.82692805100335,-4.044481543360981,-1.120940967564748,6.718964633909668,-7.262435172371702,-0.03618899104776642,5.6493548185894635,1.8636490575219278,-3.7289634261597615,-7.526367070530095,1.7923650711821104,-4.335797719740548,0.4269215431381162,5.212183350148681,-7.808947838370222
-7.324856122792996,8.07093287371865,34.13046467084439,-14.122423556518768,-4.018616765714058,2.5294106746811136,0.6784429127627288,3.705624557931689,6.771174168215821,-11.239035293470494,3.485238778860455,-10.144073300310728,-7.413273355151972,0.577740363678708,2.6897685389251578,-5.964495150063772,-4.084343150915489,1.5514388190840465,-1.0612094154774658,-4.4879407150678725,1.0349838960326962,-1.6660871654616125,-0.5016108998256601,-7.324021891939121,-8.697758752883372,0.2973101270129138,9.067145071798643,-3.396100664235846,0.06504365941952153,0.975524600351355,1.2545413087881276,1.7159636243369387,-0.24608575899220075,0.10450676532069525,-0.14716112305112883,-1.497178042741965,-1.1912749129198825,-0.5405571117705212,0.1713192408267789,-6.4332298908375245,-1.4093262934822768,1.6921245308690098,-5.880891285873382,-0.1165810759543472,-6.431463564647406,4.0147189208817,-2.3340144137640806,5.3810209378882465,1.0312630263189608,-4.234595945028687
-3.081808360766529,-11.453767255241903,-6.681416335772043,10.8007970590177,22.058780820657283,-32.30296006024075,18.840970269824094,-20.912840197330052,-27.939439931530657,15.198372091998683,-24.25474479425878,12.039905330389347,0.9054544173729625,0.8931999236615048,-11.313592066191742,5.9185063940220495,-4.383979058990739,1.4928038571000775,6.319033144276138,-13.598500845324196,-2.3080550013449845,7.24397711264373,-3.026970927651582,-4.182272046596466,-0.7116458234960841,-0.8317633388083872,-3.833822247299944,-10.103037490990182,2.3333326425314627,-13.187174938371165,-5.701112311041852,-11.252372647046899,3.778976716754024,6.767433279431423,10.282407567339956,1.9971991152956416,-10.00378373466558,7.286802527082567,0.24389179496414076,4.358007072309966,0.6325054276198343,7.676393943648177,-8.962181483121906,-5.247619112683185,-0.1965068919693588,-7.882765261399597,-0.4087391992074702,-1.935147653963498,5.171086642465392,-3.5185459094517935
62.89449241504976,-17.013323048473502,-8.044933576346263,-2.5067151669002254,-1.549653867366631,8.274272148558357,-8.812768110716027,-1.1334174969161273,5.756267146959329,-8.743527020036614,4.888461030802653,3.332024071887155,4.355508348234434,-4.115691866161372,2.1896058939161205,8.186748486211393,4.022502313824193,5.121721704547555,-0.7009213266487607,-8.530228165692865,-2.283341833255802,3.803949867388568,2.8729360494454097,2.4307491837155264,1.398599436390685,-5.2588661555098675,-3.0467452031344093,3.878778214359709,-2.909794346078499,-0.9319870046703388,1.8608311017640444,-0.26011829141054843,2.608401211679362,1.0774636731471758,4.06769898915817,2.197817119703172,1.0521715514244343,8.310784700370675,-4.365016742881917,-2.559626230040477,1.727422123766177,1.6948161719658517,-1.4439331438202512,-2.3793734419587786,-1.7732916676060009,0.584924821023961,1.8995209300198794,3.8283093472430587,-3.8837040774039076,3.299544537673222
16.201960942421426,5.9097256047534445,34.902303493957355,24.26815336684911,-11.312003757862334,16.05712490639904,-10.798563739384814,-2.4932974157614374,17.250045360856017,-1.600748012540112,-1.7600238539732855,-6.019721645658721,-2.664006851193479,11.162843100405006,-1.7912555366457323,0.8010946787148062,3.9123553487241476,3.9302033643115917,1.1209798391621957,2.4758245873917546,0.8610880862883569,-5.151698573956045,-4.560009050187182,-8.241302678828035,0.31474288522308075,8.77097918319197,2.551013857180357,0.9364067430637574,-3.5747130304441823,4.771109489558125,8.098264021892296,-0.4186017317965219,0.7419952782981535,0.8776698515365394,1.7254521789927655,-1.7285874194859907,-1.1138925809182472,0.33240154758995105,-3.584168435328176,2.164671139701499,0.7674162657767992,0.41324884338005863,3.5892361731954687,1.677130775020941,2.512514142835433,0.045982774214037646,-4.700452832171624,-1.8764650715084206,0.9421305201997622,-1.408905964336535
-33.44007580435909,8.843719650789398,18.304965908895056,-46.41967620675633,2.0898183414817755,-7.015108576074644,10.021559343047977,-21.696002308515133,-2.2268122267713735,-4.705410822116307,-3.065142885929138,0.057102690833626124,1.5607839987659091,2.611519099282194,2.9269446080619264,9.025286727248014,-2.781777383702696,-3.4363444424224765,-0.2738765106989262,0.577069656587508,2.593366060507979,6.344852304889297,3.3491151045593486,0.3069453708522631,16.16461468262821,-15.752393138267006,-8.01817493552451,-5.439381468956683,0.6420610298085948,1.7354471857337241,-9.436078433918958,-0.3893481368685515,6.282053437504971,1.7591345101642715,4.165989974679416,-3.711928493589208,5.773901073438249,2.300408114348795,0.18984666013113422,-4.952595847699047,2.323577313903816,-2.3894118680308223,-0.1712068059235681,1.6279843846088193,1.8364028535938075,-6.613738198151597,-10.81618871988823,1.9712704287908966,-6.222561794358098,6.359445369560623
-51.12349363205576,-15.5538143460897,21.184350143437396,-34.86264857372187,-7.115551276229076,-25.925065134986326,2.3135919843094537,2.7946000326481406,18.620599847188593,10.941510050508436,10.348982071891552,-9.725853468530525,-11.840489110282501,15.906684071015928,6.480965820433665,17.795250696633257,-18.081148297532096,-7.8663212194781,-26.06559653325804,-21.13440720586485,13.554374489191213,-9.484105179282116,-10.130884026152614,26.029674612687398,-10.546902254564358,13.66318006566298,-48.38641803455321,16.798597077058822,23.97896872612951,-0.8767555611860426,27.420593312703723,-15.107530751952051,-20.993842697105222,14.986552939162635,16.191006145351597,-10.670500547877444,27.202153512728824,-1.0461018149874823,15.984164531839415,-8.662317868365122,-15.596174257338346,-22.876442181256234,-9.73051278332014,-14.137964081320636,25.722195239833766,-32.753813657946715,-13.709268307615146,-15.61101038659332,-23.078635470007157,-8.959551938637421
24.78140653995979,16.700354873226054,37.24623223825494,-2.1557526296587843,8.898388060536362,25.43437808522787,-6.418594361583901,-14.564592957259798,7.91002237894305,-2.182538142178726,-8.915607283921279,-5.491035516983803,-11.100311803647433,-10.252302169035577,5.605212849175799,-0.8220924426799773,0.5197134016115237,-0.831831436150758,1.6771694392251137,7.703551114679998,-0.6544643901403558,-3.8751856792413473,-0.6756724918897171,-2.777106545674977,2.1236926993807725,-5.40180388734399,1.5843901679512429,-4.7365412010475465,2.4728690160154225,-0.16790704140093562,-1.6824795698164763,0.6483590477951416,1.4936039585045784,-3.2251091466027177,1.68406783264869,0.28875291175735657,-7.002431168725985,1.8708898506977638,-2.8113429180926475,2.2344861499655413,-4.046744084335836,0.4612849898654587,1.5374910940150146,-2.4835241369182612,2.813409036015819,-4.169235119889374,-1.4321402543556572,4.089849739138264,2.5769738051072055,-4.209382632313418
-45.36911562924962,-61.07892259511464,-22.07382389709877,9.368315735514901,14.924711566831657,33.51126017790741,0.0502234312888095,-1.0846746425388314,0.5804582402198081,-6.388254954043007,-0.3066725716661377,-8.995984204680553,2.8209301244305602,-0.4317210687529788,1.2449327604308247,-0.16449929309187772,-4.351988518922144,0.3040149265895227,3.4422824412194317,-3.296823689479496,-5.6662866400473915,6.077296692030283,-2.327883940040741,-2.541251749527522,-4.62447246093931,2.4973366453477435,-3.9038376141455364,-3.164312880096492,-0.5278402824745905,3.4693332047733736,-1.0070996409629147,-4.847224558282805,8.374268378394074,1.3407568495744966,-3.9981453115547616,2.73812778065704,3.615335619125323,1.187600522827963,8.434664813884936,1.7275533837081518,0.1417880620288856,1.4967216404951627,0.3064099915641716,-2.13591781811372,1.5058743062516586,-2.1334418579300736,4.668348743206861,-1.1847561602433407,-5.606760414989188,4.042862619140378
-10.55311836420604,9.614831442352045,35.800098448387175,-18.026095116250744,11.678555908205192,5.123038103431155,6.510539260545667,5.567653701645323,0.05151703276574252,-22.35682679656114,12.500477835949589,-1.5920151552646709,16.042030277415467,3.6163439485565347,3.96671391605981,0.3694060622731774,-9.648011378810914,-7.870063981517046,-3.80452918097148,-3.0045827361793465,0.3717361078016088,-8.93513349660774,0.8378775799264387,-7.323101931621953,1.3310007304336648,4.067399189389053,5.569398632733841,-12.846495233813862,0.5369821586465148,2.8093858055912198,-3.422401879519064,3.19123812806382,3.436750360529872,-0.5733297206493768,-5.122522984801908,-4.358192435197195,0.5237912838358355,2.42074136128035,-4.295438293255716,2.914004734647407,0.18841683323977648,0.8614720314150435,1.4293844655498373,2.7409025559062754,-0.18286158621503026,-6.196745207325092,-3.290226580773868,7.847390668490557,1.4803789258720248,-3.2227517118648437
-0.4540186151184206,55.41778379152312,-37.637271083701926,25.13892211178416,-1.003146835267765,8.7026887086359,0.12048117923377547,4.201331296414216,-3.182281152264275,7.979945625465091,11.426235490957984,-1.081624933213476,-0.22088409196138176,-1.2560985831026277,-5.886863463776618,-4.628229065274525,-9.587142456095501,-11.138301229479282,5.916226300476121,-6.2679167706434615,-2.25712185360982,3.397803124180291,-7.159726351464909,-0.2942022948199325,1.9039271140464777,0.7631198270128793,-1.1473839894590572,2.4592808472408576,-7.36035317779484,0.033038878831530415,-2.297556208784407,0.6515529085000706,0.08857179746398511,1.8989039456482792,1.5044800415965376,5.027963650651518,2.8914544739507453,-0.3610192655260819,5.059466579773248,-0.1469236122655121,3.944809626111088,-2.114748823131966,0.834212118735037,-0.013769045074900722,-1.049659795462787,-0.46552594090490446,2.779983846262818,-0.5189417522106613,-0.6389875738775622,-0.018615337802710994
7.300914146178986,-12.643439286603705,20.267784703115005,36.47500342393097,-2.046187771635193,-28.525018600878486,2.591263286450136,-24.563885427298914,16.921470820898946,6.980794722858046,6.991935361396419,2.325678651346296,-6.481422295532927,-21.81163137513095,23.272576836899898,-21.10281471658354,11.882935533931,4.886699696657428,1.0452229958388168,5.3460407924774564,-10.04308772757836,-0.852770295001862,3.4233124985085563,-4.861428838072043,12.093268185109528,6.795346860376745,10.300348773500355,10.095780971446704,-2.964078785847402,0.27786916859531147,4.277191373779955,-4.4610910771966115,-3.741638981892061,3.1885068080239036,-5.949499971161076,0.994394129190755,0.1429857604206318,5.515904850900991,4.9307557675679705,-3.893357909817423,0.9108413989027357,1.1839649071484226,-0.04804191113799227,-8.40164423366858,-4.2680086083163244,-1.0610047888725855,-3.236411620508362,-5.461202997928151,-13.245166268140084,-4.702571190022159
-42.84325300844349,34.721465442425036,-37.360746764483,-6.114152998102082,12.519172524521666,-23.082713996129684,0.7401471888213611,7.3219790809374015,2.45030832502606,-9.610943958666468,6.061317699188514,-4.462323969539129,-13.145216568151362,11.0871068647973,0.8196828502304354,7.756266869639917,10.345557615691371,7.499391429976384,4.1514941655713,0.8526029581482314,-2.9402181412452477,0.39209696851261333,9.20274158963097,-0.9432539297904852,-6.060850129792165,-1.63665209875585,-8.388284713979159,3.081900603818072,-4.9666338584796135,4.09905446569398,-0.6516762721336806,-0.04741127638269499,-1.100493911427748,1.0974040330946278,-9.573770266996124,-9.240330060555753,0.428691447342157,2.5655220789690465,-8.370247178145855,-1.1303567146388913,-4.529788929940289,3.1499104238302342,-5.761310891828867,-1.8888626842891503,1.6054057206422057,4.7375695595992005,1.945739131171202,1.7587852438117777,-2.6142167026315435,2.183228725574531
-29.704540324182236,-20.708562721064293,3.4667518011305005,10.242675120347952,-6.27911090605538,-46.81653810653848,19.83732212815416,-19.49938158168872,-20.056049727783964,13.542422574282137,-10.454091223104133,-15.290354487954925,7.316841050575375,7.46011662354255,3.216322266306667,-11.58035880820422,8.018631268314069,13.188320134893685,0.5862299475784201,3.634160953271261,4.050941577189013,7.54451617649164,1.6684189024383518,-4.622973957350679,9.592668167949403,-0.26335074026298905,-8.790245137655939,8.30693043185837,-5.744291620997452,5.846561265723812,-7.069530652116414,12.976909358290147,-17.31549318586056,-3.800824675492723,-5.673847035786057,8.909948257817874,7.601701192765303,-2.6615911805498573,10.780853182693539,2.379741478192262,-5.473804978655175,5.709348965454443,7.8142693004682995,-3.039317191180087,-1.3488374422406295,0.778924618414552,-0.05463419898360503,-1.9672330370813982,7.7449784626106135,11.538073820583778
-3.2729729968250547,-14.428319085860206,16.01012922385253,38.075311699426564,-2.9654146792674068,-11.45742507533179,9.088776608959968,1.5057526700678516,-8.973133585879557,-6.27142281522254,-14.321898180202327,2.5590731101555693,-8.718275638751393,8.329925261312596,1.0492846030057903,18.453233718865498,-13.427327598698453,-16.784285481239273,-2.5988885642140094,-0.13360994742834303,-13.77202730196843,-2.9357907434757005,-3.9508516308831676,2.183359731473274,-1.3019238084578024,2.0317163160750913,5.220789128130612,3.14128070841027,-2.768058472184146,2.4358359845894713,5.98598727177609,8.803381257972676,2.285896180116381,1.6150477468214108,-3.2746921078543476,-8.140604322034717,2.3099569075881043,-1.7254196241179118,1.7369113113446155,-2.845674426552726,-0.7405522268435851,0.3039536276695681,13.400443454815397,2.8705796343257237,0.9528364444452111,7.439098459972769,-7.4634932371890015,4.69425126837996,3.66865376273763,12.090518929357309
-51.05074279180202,-49.16466909456277,-23.15442436023266,9.24542313396501,-1.7342352627991011,31.413810816107926,1.3510996162283628,12.215322700900874,-9.839494462350912,-9.402441399665992,3.636806377689887,-6.523124292755784,7.774530065071932,0.46824362388885976,7.070536285685376,-1.6529770621207724,-5.680767426513042,3.0235124072049357,6.184110957866752,0.24470441847227747,-5.08497941557001,-1.1545386846903372,-1.1695723119640284,-2.709176089459523,-2.5661356096293053,1.8809507130641012,-2.7179267677784082,-4.065023420543896,-0.23680768398350285,6.679273400326859,0.8977550285236122,-5.875809556832913,1.560170026201961,-3.793617986839231,3.906272177726944,-4.547992200705197,-2.233859344950431,-1.5524682081915735,5.15079457242102,-8.667842219023981,2.590843835326441,-2.1507722458958276,-4.979566651555997,-1.1263693618446302,-2.168744137581457,4.499040870852716,4.5981483546151365,0.33635236927854817,0.9831458842447663,-3.7684726696155817
12.356548292177386,-15.14225470240366,12.981783895542804,30.87657748381148,12.087796438049299,-21.755793769484587,10.487192446521965,-20.47568862599858,2.4883972233758334,15.839141154534008,-4.1189678951313935,0.18233997605216232,6.9076096869576356,-7.660892601877174,-4.473933864792152,0.6115446817151377,-3.910922944387783,10.393975033780208,8.686258562462054,-6.899872031689959,12.307451904950716,-15.153149610347377,7.17839556971007,-1.9517850493032924,9.510151921054945,3.050856230330418,-4.367176873762084,-3.1246108726249604,3.2994043976417697,-8.103452823883408,-2.5056447617013604,-0.1482236540402827,2.2282850940159133,1.3546356102247346,2.9481469325017415,5.179587048495891,1.7526465963290543,3.175877359133385,-8.726119404079977,-4.87183220141915,-5.5862479080170315,6.70854275058342,-3.208150495674835,0.43406463405869083,6.833080086244708,4.7696153643204795,5.110319704551674,1.1529683659619905,-3.2237388963421996,1.5890253051660554
-47.13979167908766,-64.28003982452958,-11.700324852547345,6.587158150911049,23.649681319653027,16.53547919598018,-5.501181454280531,-18.03995968029442,10.38385783100968,-8.534587224386799,4.081320038833702,-11.690160762114994,0.24340874649736283,14.986096867715439,-8.743080637536103,2.315698938932825,11.259179533968787,-21.019908830935982,-11.191260312952817,10.858616753511555,5.322768021429326,-0.05754099631293602,12.928572360356831,4.899860577155981,3.9622338092201885,9.497896808429966,0.6041370300705919,7.308995210148863,3.783249944468626,2.102196746892019,-4.887649641072893,-5.832239529496883,-8.342711312738755,-15.812282234962675,-0.8256479051885587,18.703068494886438,-10.686552710803388,1.222284444465055,4.529291606752924,2.0377309721225245,9.411998228988523,-1.2889766179709805,-4.740801842002016,4.540480381346075,2.2730546903828728,-0.08986489193596077,1.9574714121034362,5.284660294906614,-0.17454689026357784,4.7504217270718385
49.404072548076044,-23.851959368362554,-5.288429050327254,-12.569186310990741,-5.432154501346008,0.8133615404935537,-23.03488164544776,-19.99539636048195,-5.268540940970883,-11.665445821044534,11.976211401557117,2.0063230617188057,-2.1132160565490175,-8.820972259981664,-4.83147730897785,19.107204755118897,3.467596121752606,12.568709272554369,-2.3613797172810136,-0.6719106157764588,3.6832047417935643,11.558965765475632,-0.5944705494710719,-1.1643606794321248,-7.83564052776331,-4.517984864531019,-4.048108604149541,2.8546361425811053,-6.099719142228819,-2.1728439688444365,-4.181568598658731,5.6065747503552625,4.734448128457483,-2.0068235094966167,-6.696728136738083,7.843971165037196,3.359804042398437,1.9502052279969366,0.12478269523035275,-2.3817935342340215,0.40768433193532616,-1.1217239906452598,3.318983881949404,-2.179408764995256,2.688199884341753,-4.20118991819381,-0.8228761393003725,-2.4079756699678443,6.773399516378794,1.0855707286923322
54.5011457353377,-42.62423267127039,-33.33706359824933,-64.06948569543442,49.23793759969535,-29.875299381397856,-3.838888919913316,4.716037873926642,9.292221898612883,17.81687639142987,1.6325888680737786,12.362478366617097,-35.01218400176862,-23.101829322339043,17.874733885252645,-21.78384952706097,7.688926993508681,-4.669977044284509,-8.313790042400367,-1.902939378045744,1.0457205837281447,-7.472915778859648,5.139306790337461,6.688948812147765,-9.945424449259116,2.0881475586360625,-3.457680133226926,-10.994840794327956,-5.117712371819001,-4.209015742290872,3.076790008856736,9.606491329919987,1.241505653835425,-8.749454183500236,6.6081798329614045,-2.81536634919556,-10.488810373481929,-2.319355461161757,-11.886458524474946,-3.5590177842115276,3.652668118992327,-0.15258728775532296,3.4282386820019632,-3.11983058825392,8.985051367719969,-4.142528867248723,13.79880533862524,-9.882937486772352,-1.6749730517640662,7.1744211399420905
3.8936634956666056,-14.80876680208433,23.533256231681907,37.60509309771907,3.891556554839425,-11.703524449306524,3.4333810333849177,34.39000387260277,0.6749300363245868,-7.7822907715678395,1.9640028763866613,15.599781951907305,-11.235998724251822,-2.0909547694424657,6.229592256419825,-3.622457004214555,-13.509057278364473,-8.54480954195082,1.5085091606500345,3.9470728085920532,-1.6688261038496923,-7.010190797097812,-0.6247592773389261,9.301777515704277,-3.7371427115442173,-11.169234684346405,-9.900289669659571,12.713121691175957,-7.610379261127954,3.458367258703519,8.073510566511334,11.013361048825661,0.2096911054378686,-0.993951178537107,4.591198707710085,-5.328839811313609,-11.594310880053603,7.65217650804224,-1.5608935923979401,-7.277402249404045,-1.8684683592803653,1.7644669222939642,1.6630746977085638,-5.541269709696063,-5.330781083439379,6.301808303071934,-2.787052587573491,-4.274646463945255,-8.919560819136526,1.7471800887812934
59.87366913300598,-23.266238721394,2.4585051304397485,-8.795564527528335,18.42164173040758,-2.0666509928371593,-20.091310375862403,-17.291341744867093,14.31526337378918,-12.569321320141299,-5.388634141095035,-5.072523595475381,4.383811661691518,-5.765409689136136,2.277601875717163,2.6659500494758444,1.442317478393179,-5.338820590699515,-1.360117429337705,-0.2365844615112923,3.0316776094762368,2.959106842444142,-6.247475473894114,-8.743984495028148,3.3628238745819607,-6.487414526161136,-0.29881205266901617,0.9066955054185807,-1.8807100642833574,-2.588451196281271,8.912402900707917,3.3879250813456823,2.698653378749498,-7.361957025289907,5.81301673136011,-3.5108770783896293,5.855543872501785,0.8927504793008674,-5.427388908672436,6.577695280263442,-1.6476163969708881,-3.484564946514776,-2.823960738220694,2.1172338010875165,2.1801860075152937,2.422858929095996,-0.34160545547338567,1.137313065130816,-0.9870508926545892,1.1529472622035595
-75.49523585160915,-61.58870721529523,-55.500083083463146,-1.0928145166996581,3.4023981590080097,13.712822883629652,27.703712616140923,4.5162758048561695,11.141038411429475,20.006679231162828,-4.885266263883851,11.790824310108821,-9.614405181083207,-2.266069762726607,-7.769027379872726,5.430852682390865,8.672220622633297,-11.788857873748553,-8.207130026998632,-0.7208400229739634,8.22019764301434,-10.173981968036578,-1.3705118789924424,8.727220840776559,10.477295987697484,-26.783858897621272,28.64793838613723,17.117317964802943,-13.053770161382756,-9.658823168442106,19.081449945179546,-1.2306736158465719,-7.057240250924624,12.990615898830239,1.1543114104477745,-15.96596222685218,2.476203468717162,3.8673546293722882,-6.9275327083710065,5.664027793878448,-17.831089870453532,4.091557513131014,1.986967235277311,3.3836502829987043,-7.711306544669849,-13.023546317488233,-0.377329741559587,-8.790642443154164,10.736893324551861,-5.973878164031243
-17.252861270038782,-22.887758321784904,3.5869037366323924,25.312692582045226,-15.12725240401733,-36.061788775900006,14.904643186949617,10.266971601715579,-2.616222947136285,-12.068539819484197,-25.0559357403302,3.384200749220873,-15.307782297181664,2.8466570104402944,2.0807031754450995,21.78605140398949,-9.52797685350087,-19.212156690304074,5.5222593080563405,9.84075187497282,-22.108616813351315,1.5359104955299314,-11.689930596626871,-4.345781239639986,6.512021078828222,15.322800511045594,13.362839297235718,1.728799627428436,-7.346742380852041,12.220859360829216,-3.934785075593389,7.179802683105405,-1.7837207284021424,7.259888138655463,1.2505249558938878,-0.775880751255089,-1.3782510607874237,5.336341507538056,-4.5416221080532955,-7.557512124872003,5.286467662605988,1.3172056508337298,15.899185149494835,-2.426675631903111,-2.759293453929253,3.5493468402592736,9.858799224973033,-12.023990108102435,-9.06167778857293,7.494434008908996
4.941729247320097,-14.328424677342976,12.824178539371426,39.67583545372955,-7.0832701658570185,-23.88314878692458,27.398895441187285,4.263551857129858,8.542848153138147,13.181655916704635,-5.181036927218836,-16.051305771857134,11.863159475891008,-3.239699666811964,-4.837060023518296,3.0337236285776465,-6.043001708981814,10.4491113449049,-2.1993956988425927,-7.3796504726478185,15.813811408636004,-15.789775027125943,2.2242752779749013,3.368926184289836,-8.218078512283709,-7.194088452236298,-4.017437402223905,-0.7568352285005182,-1.5563191009209332,-1.0129004108297044,-6.171193459677131,1.258435911481912,0.47723225269914626,-5.778488429309083,-7.544549522336316,-3.4664450222014915,0.08183728807116379,4.6247839460611075,-3.8558880613651545,-5.60839661207828,2.7491817393427964,1.5299008485294465,-0.9134861392103987,-1.0944715476097113,-2.113379511244992,-0.693448045499438,-0.21922845153916215,-1.2621235080377482,1.604562411998867,2.5670177493575816
-61.76824162005474,32.07905630644222,-63.40931240909087,-10.859168134178319,-43.54171200538833,-41.24194928269199,-13.364985280777093,-19.769445449564827,17.07153285229485,0.372823141328582,-11.850750279022002,-0.9386465038143915,-9.911230492447796,-4.047383914452495,7.401729426164852,3.3330828983208978,10.517193164168566,-0.21124846427827537,3.3859457750333815,3.7406787234133096,1.6056224815282287,-7.414158751915686,9.92378036126446,-0.4401010424119844,-8.40302615180233,0.5214081828629881,-7.288368176216842,0.6761539872854061,-1.9923792660357345,-6.7878333996685445,1.23348757663481,6.7971349153155245,15.572807944361497,-4.58969726545015,7.682704345135422,6.517790434675357,0.9013815276725115,-1.4060602401089235,8.299349222280929,4.611550748455078,-16.056192437959385,-5.466352575886135,-0.576900514988255,-1.9683549185978988,1.827522571569934,-0.8437787340440697,-1.3911782133456425,5.688493131156415,-5.40220187881634,6.049164958358177
58.386854021462845,-18.662676724724605,-7.288919977246417,-9.542037506578032,-6.411538835078532,3.3571238727954116,-10.081010547484572,-2.117905414280283,-2.1610326862633773,-12.776851608766211,-0.6763649482014857,-10.239249134541717,-2.700737899746171,0.0645163945843424,-9.089378887443901,10.86585277089775,4.1797252662319755,-0.13266174703565023,1.311337881411504,-5.956225805796036,-1.7304119540960794,1.1257997508102031,-2.6062277091718005,-4.156413287421358,2.7736472430247523,-2.0222956516664152,-3.554308298720756,1.472706295577192,-1.1157191813231842,-1.4207565383415992,0.22461213128131627,0.9790408730896664,-5.121609516756434,-2.9920468000971954,-3.7033251857079583,-0.01704556817158285,0.9256497277247073,-2.4216380052216797,-2.01039495761506,-3.837243773706425,-3.608824500605267,2.7544590426483215,-2.0380015323797327,-3.431775939733018,-0.41014301199563874,-1.3381730804088958,1.1135318832288266,-3.0894381800391306,-1.2206452447522218,-2.811253251139245
15.10891839989323,22.70988702487294,33.3618763648156,-5.779038696864951,17.498036075341833,27.418409372233,4.009234236615791,3.7516566606995374,-0.004587726104201844,10.383047971430152,-3.832128282381995,4.919849991617623,-9.74346626738789,-7.59703733130713,-2.479277465546049,-0.5724989920527307,8.345229879541304,-1.0220262976249086,3.3530537374653546,3.6078224394316263,-1.3460361044503626,-0.9668581371191026,3.407512376435379,3.161421772558195,3.292598238653603,-3.416197281337664,-2.7295878309766004,-3.775302354042761,-2.1515521173663994,2.1371666937164644,-1.1980265288351768,2.571198031677272,-2.6088828124727126,-4.226897933585001,1.5339923400099063,0.28752976611210224,-2.782313226671668,3.6476627518017577,0.44508412974809686,-0.0031293841252259575,-3.064206796482363,1.5998791298773476,0.5211606556758742,0.9567765559343995,1.8693524014214957,-1.7578558557060664,-1.364209005405807,-2.256605160233187,-0.5663735929877982,-0.3750185440513954
13.892601628753434,-10.775884055923537,24.349900125071173,31.08443440654436,21.164866686531038,-11.406773758430717,3.9743592842737945,-8.824037532765036,-12.753767991943906,0.23231227826061443,-3.5040022553354273,-14.430964176824968,-1.0300918402064332,-9.686083994093718,2.3724166669176685,-3.6290401645496955,0.5308696996725507,1.1858375441541738,3.258249623456895,-10.375427863358667,1.4577421127258854,-5.475957255130185,2.3160450475397316,6.172862416917367,2.5359524211426616,-0.1306697226452895,4.440198036204366,-3.345707901391739,5.559733725836039,-2.3659022696004417,-2.502605969499415,5.890609808271569,-0.5938773817665737,-4.583116157891923,1.9887455853805167,-2.458207447716697,-0.3411245132757393,1.281755730298412,1.5243682053258747,4.044744161647032,-1.7070824849405577,-6.1655730221241205,5.620081523791166,1.797930757846018,-3.01215750800147,-1.8488682591408385,8.190163001970731,1.6402111680690856,2.61120841616988,3.200312706364713
0.47385581727330595,40.20779503211121,-20.738983526003683,30.76322761312621,3.9827048171833543,-0.5944919047270167,6.479339357716983,17.949592482800316,21.384887078549262,-5.504137909085112,7.98463401725648,-3.6205040613908177,0.49863310955114426,4.358379446951023,13.079513319074497,4.440108075305175,8.73054461682607,-0.9527689339687682,-4.836355861738381,5.950479220109592,-3.242698627230664,3.0580091677980588,-3.4865191877504924,-7.1628063586650255,2.6529771899950543,-5.599086863924451,2.9600055180118665,1.3157943947667143,5.640654921364203,3.513933761446952,4.630361147861156,0.7903675524898964,-3.2518679284156327,7.25467153808962,-8.34520123146732,1.088333021052362,-1.3990494537138702,-3.407498772395544,-4.925718193184402,-0.4514964849902802,0.9998473939522833,-1.87504336025051,-0.8794027327781059,2.7304766422926283,-2.0554702714349733,-1.9383442030520148,6.215537668039509,-0.12118426312604322,-2.4777648489563866,-3.850325359355361
-4.00531093726153,13.889013744772553,29.74431190946115,-12.718489504774317,-13.974969575401778,2.200921817108195,7.197129087105923,-17.13309400578329,5.243392104010087,-0.3306761574277599,5.64804342775309,-5.218865396349377,-5.595060163964779,1.2829818986979078,6.42420027814792,2.0175077382715134,2.407184218782256,3.2533470587705255,-4.816855130240919,11.03890274577988,-2.711816229274904,7.198137087450427,-4.207511153281743,-0.21136050269725887,6.455469785961234,9.030616513424777,5.13976796172864,-2.313351745118272,2.575838089620244,-4.524714907566954,-1.0803621840586426,0.5218853604350491,-6.595947529696289,1.373224898941632,0.28501513922762584,-5.463618602994658,3.7207477269774194,-6.225329817863389,-0.9731402272807036,-0.1741199615517979,4.792876150544894,2.380882815908004,9.011555289081286,-2.256525506010253,-10.056567279337282,-1.1815830677420351,7.244422096203076,1.2673397925596976,4.439269018766521,-4.576432368008855
3.54938412744594,39.58688234519905,-13.270857572548167,23.345994253948092,-3.191441132724503,5.9514357421096395,-4.6138592858025005,9.781320301646979,9.622858679248118,-6.508002349227198,5.8127066500714575,-5.468142948370321,-4.095056291330601,0.6710755228094232,0.40374021121430376,-3.4925613409338685,5.333068910800689,5.122529490112293,0.9818846946884475,4.6513924329773815,-6.019130106071471,5.584406292868822,9.147030342334707,2.813536125520721,-0.19313307772397698,6.787901203898984,-3.9156879692373185,-1.2901957629126832,-8.037028043689798,-2.8387349282611263,-4.704922070362874,0.6806371905915375,-2.281158190409088,0.5960433324245259,6.618782428153583,-7.854900033251393,4.0155758776929185,6.619527797922856,0.23302411183997176,-3.546286907665036,-1.7422722163948052,8.069885432840007,1.3775549389046111,-2.8115164642195416,5.7248140833948185,3.186767393836683,-5.170829077758107,3.5008398511107073,-0.4417436503503517,2.4524794142471484
-39.58874341940014,-5.243138211506339,22.683913528416465,-38.8099481285403,-10.903884489469549,-17.206454804390678,-0.03948135299077228,4.004883327284726,4.706638839625736,-4.2817614042436904,2.2317554432702047,-1.7941482449423174,7.124271261982206,-2.707104797318678,4.179154283371406,-0.20719715772836503,-1.8664197664545605,-12.528937124764052,-3.438712837491759,-4.363452772176756,0.2761149354190544,2.303335901281033,-4.548895757291783,9.16436674667658,0.8233127725317213,8.399237334106164,-8.320215450821058,9.637695038726532,4.820915811903348,-4.4183540703708,-3.5446972824054916,-0.5689989083961592,-6.93795547491024,4.602820824471396,2.6110624928577337,1.0717076992516077,4.316717588344643,4.024969273560684,3.5513349491846182,-5.315809063218764,4.540439642146021,2.3025524725529745,-6.034720135023804,-0.7916777443644069,-14.169520580036435,9.309832619225771,-0.2936898394132804,-1.103495614629482,7.42668809584514,-6.370671604898577
-3.1285657758907077,1.8119866229599115,25.116977117599426,15.142681441573407,-5.501906650765543,15.932539067799109,-32.10087271494414,21.62922618758761,-21.572783222415765,11.948019191629458,-2.8554577193427173,-5.319276826099221,12.087658956337942,8.772286871471689,0.30107757019441483,2.5869989678673044,0.3775931722040438,-2.8955450981666293,-0.774224958071854,2.111364621207175,2.285661750041345,5.358819721006264,-1.113399508038931,4.986285784631057,-11.40086302797603,-1.9016839334749422,-6.066763992563123,5.727508550034787,-1.698272241151648,1.1627238854472668,-1.5296746050890213,1.4107827021424324,2.2899615401605353,1.8456464987138723,2.78569445548618,-5.42003009721546,-7.881168892994543,-0.19676600343956585,-4.101288288660928,-1.468486072867461,-3.609870718778318,2.9143496747754707,-1.4601294633752606,-4.420191342343023,0.9815366601980088,-1.9093936425587212,-2.692091147607146,2.9941185297062813,2.1601304655314215,4.915110369807
-4.916757092505639,47.68227888331287,-27.5718377584992,13.788625362208975,28.418719541664405,0.5996320091794086,-5.017743964208729,-1.8388426181764048,6.7099425346287696,1.3458059899926773,11.364655543786116,0.5317112634056214,3.4254531336189187,5.58373542628604,-7.110505422169237,-3.670630962498972,-4.327314040935749,-5.798688187779966,3.591121934215717,-5.981089754301164,-3.117508351231898,5.803649854318792,-1.820885990567277,3.4215451199983034,6.058789182183763,3.688663224016691,-3.0938240213465833,-1.8344138616719705,-7.963324467579005,-6.128440798816219,-1.2211916832832819,2.642836423666145,-1.5356677112154304,0.8328587243821783,2.1212037985054786,1.240019871711254,1.1505929074095809,-0.4327544340154394,4.471550774928756,0.4350906245990862,-2.507449849870716,2.31800460109725,-2.8869293175756425,6.20573902714177,7.109581022448005,6.645476743234569,3.0898652475206605,-0.20677657813154904,2.0492988958946827,0.5442940090679356
-29.050298197689386,8.647068673801707,27.946967045055985,-44.41970624368329,1.1544574410115598,-4.386302047533683,16.24028324211829,-9.772087679286006,-4.940966438807955,-1.7215802504187174,6.401584485098645,-8.038269026129147,6.464491733254502,-1.7430175351248507,-1.3086056567137427,3.2413887949003204,-11.708961822491084,-7.031114738013193,1.8124075899490162,4.805647289186689,-4.058497506502331,8.40329362087331,4.855702246322427,0.7267881678890733,17.325628605440155,-9.518921581912933,-11.485052236097074,-7.713542975439726,-0.08578061037317287,-2.8953905103475734,-0.045849576626949315,7.138103500774581,1.2810822768410328,2.266506524186496,1.9499107243331504,5.484845133219515,-0.3184117307972682,3.239299609964249,0.6227949950336785,-0.01967710303688632,-0.700047026745849,0.7806631706176915,4.160948726728064,-1.2192169452088049,0.5621897860397866,0.2205559772092057,-7.570839033850635,3.7081686991731546,-0.2581882594575797,-3.2350293570362174
65.53958699692872,-20.174393900830534,-6.790913429405587,-7.813003457629614,7.721099968077333,-0.5800308861944489,-1.9567431802950908,0.6488573298636111,3.4056896265424283,-3.910605785226049,17.07717006912513,-3.5887231570507185,-3.5805724231689022,-12.239283952290714,-4.5469664526983715,10.008778965236846,3.4644366864730576,3.5302921390567095,1.3599603274946646,-2.567712325166744,-2.49261284308182,4.706195776148836,-0.5689201864899451,0.20554172044770214,0.5502790093484317,3.3757382434046073,1.622029132110992,-1.3348969030217865,-2.644434865969557,-2.5482552514726304,8.338560785995753,1.233111971239551,2.2044715127972223,-4.969306906102205,-3.2868275353028618,-4.512414976403283,3.5556482983337605,1.5717499344154848,5.641727615328043,0.21174896531749068,-2.5826548432182355,4.286639276073924,-4.701078688317179,-4.180833600410624,-3.6636749855383988,-0.2988063354335496,-0.38624260909630054,5.089611641389418,-0.13436373278998706,2.3001386214263317
-4.202646575180403,-0.1798510009420718,29.373065837296416,-13.474348739866208,13.558805912253936,-2.997030393722794,-16.26239288817436,8.690990609540487,-9.252538907222927,-10.875276479739554,1.5253379859592768,-16.815621753543354,-9.679893629577336,6.870609984966069,0.6871988168686386,-7.354114454931146,-5.773832379551914,7.104827179961091,-2.1717656647129293,-1.8428478699941095,1.2621263615947733,-0.03897172697935625,-4.300717298313465,-5.0748862510759345,0.36477240907681124,2.706301572794512,2.48561661576356,-8.25041753116038,-5.945858740490603,3.6405512511119777,-0.2267351019650113,-7.844362783700036,-5.409213896625045,5.89923339968969,6.866943481285159,1.8878621817099153,-1.6775649808481776,5.264583331879008,1.8594113868929771,6.564243549364071,-1.6559854478085432,4.018792472012686,1.3696549813493408,-5.672166218109927,-3.548362044981038,-2.258734918077921,5.044422362598397,2.4299831727416983,7.761442899777906,0.4219895555992088
2.201059295646631,5.54938597449421,32.414013322569815,-3.1344192721576265,-8.609301765946272,8.928964575386997,6.7488663021356325,-10.746390200490683,33.12073242819958,-0.13048010958666428,-8.08710639274378,0.3994823226450866,0.6307283616447279,6.259568681474493,-0.26838074939607615,5.37581642024897,2.201133545636209,-3.894120896603997,3.3265379013920295,2.047643755533867,-4.491353433133634,-4.81052872186044,-0.7338756354126604,0.25451503879457615,4.656878185058501,-14.27156113866759,-5.868001398127708,-2.970374510797195,1.9623647532090838,12.327043783818945,-1.1554513768048145,4.185226787744953,-0.24333495772187103,0.8808127758643823,-1.1848617942069366,1.039592934114811,-1.8534864276452738,-0.6763337769128069,-1.9729548387425706,-3.543798735073342,-0.33460481112867146,1.442544505994881,0.8583025071748741,-1.9484132240825858,2.216377669669904,4.295872554462666,-2.2577707138552157,2.597389045259197,-2.8440565202256196,0.6342623529606897
-5.6638246331116715,-16.17469987509547,7.987389910010567,20.452781610937887,7.72987731852617,-4.102121401126934,-8.526169814072675,4.364977035277861,-7.2522146594001065,-41.449716077088375,-5.525405641908371,31.795880278262576,6.849523463560373,-0.08723404428108061,10.45143266880314,5.258337212411789,-11.39219508883369,-9.39746540784772,10.611492439295915,9.953185353463775,-7.9450293702091095,-17.314712335086142,4.563753859361071,-0.055927463183923,8.117833931545764,-0.37714198656393877,8.339700025287538,-18.619223799399823,-1.0220672779842803,-10.208895018801105,3.150505300337764,1.7373990224410325,-11.445140154414185,2.767086898244047,-1.7088481642944804,-8.385014053642292,12.760769250869267,3.0327718573525155,7.301831455874457,8.207111112743108,12.437162736707965,-10.594629711901089,-16.965771324293993,-14.73513307701913,10.259786578973099,-3.5581478530460027,10.539257920282393,-13.300789767936392,14.165863989261284,3.8107240045987414
-9.850865074275692,-27.399699105804462,22.219201496097572,-4.315516071831585,19.98758807341426,-26.46954795663008,-37.3191538754829,23.517725019244008,36.35764277341178,14.208864723901279,-9.791462348994079,6.28697710624158,1.7843622416503273,-16.5701892384596,7.313325775181358,-0.03254546043443495,-4.9009406764791414,-2.7029464913945804,0.39867299219343244,4.481731851395757,-1.6956320212267406,3.2976836205008104,-4.204880861809863,-4.71468202727474,3.2991763644854317,-11.719762103489252,-0.7591494117637867,6.781662330121166,-0.8664021152878085,-0.1399309347540211,-4.25176362154404,-8.261351434322817,5.245945577340886,-7.432739833224872,5.721092832697276,0.6236575330846255,-3.012432513076528,-3.606440692372355,7.208727003925276,-1.8093242965617293,1.456688941090162,-0.13130089265737566,0.21050531378170345,-1.668587158327656,-4.378659044144554,7.960207681439325,-9.806319435273949,-3.606972075567658,7.487602079447244,-1.368063279441886
-9.85401652253131,46.37855408830936,-28.445163483304157,14.080424308381941,-2.5652417212901315,2.6676434464283467,-11.249820924619808,-2.350441476781181,-0.5975135328752603,-5.645788814320553,-4.289131760638003,-6.65107731652777,2.8235815330684177,-3.480817017083378,5.001402640594037,2.2449817775115335,1.9903796276367605,6.068505681675189,3.648390655305047,0.318413599404682,-3.3880643256332106,5.676117907936504,8.852251791889696,-0.5903373686342519,-1.278107929714028,4.476207395829325,3.211504548472473,9.839563762431041,2.5047461310445613,-0.128868223865047,7.831732479607135,-1.9795218365974745,-2.014509146219277,9.423776404534681,-3.7207795032400197,1.3466436867186724,1.1238652898920587,4.005558384385034,-0.0902834268269177,-1.8005390187852266,7.730152664344393,2.1583021163473757,4.597434859912712,-0.445595102063681,2.2663910877176336,1.0401180736590891,-2.321939992743724,-5.718098434115244,-1.0264935631320016,-3.7222813628872062
-53.68177461978498,-15.300900767892047,-5.443898757976805,-19.65699566083351,-46.15193086857042,-30.066094295986193,-51.97923375453618,-5.741324900597114,-19.604239319679145,29.189646427531184,-1.3810999861355215,6.46826941189907,8.321647793503281,0.4382013075078355,-0.6240628823914816,6.744783566998936,14.0932888898408,3.3371085266795872,-3.833045435740213,13.797265746518153,0.9104008530341121,-2.479122062990507,6.051050404755164,2.3292217751741937,-6.116712334951596,-1.6802385755604348,0.8961667493591019,-7.0843210852701795,-1.1819657567766133,-12.789347619188039,-4.0402022158528865,-1.0192397874042325,4.19159234573553,12.621683514896898,-6.238014020460058,-9.71717262867926,10.319793455975358,9.524169022684143,-4.010613926803484,8.929882644410988,20.100743782754982,7.642252936289208,-4.172157329974277,2.188793289492564,-2.598617888035477,-15.31359246729135,-10.243690337063171,2.7901462742972702,-6.428528730178417,21.121500228309323
-29.116006136237445,50.51730689215912,-51.20882664014366,-4.8616716710187395,31.133289941944646,-13.904857762668401,-3.6731759254714857,1.976295824330329,-0.5549485929812917,6.544004853632987,6.356699541952463,3.229202218113457,-2.2118054641182616,-1.1998384891769078,3.2302118786816796,4.053124178818944,2.93297373855667,-5.326980862850951,5.88070455955817,-7.081767525570548,0.6245163777985682,-5.807203033525144,0.3614769512205059,-3.219282237641658,-2.2037542554127754,-4.771842939893233,0.06854072513308983,-1.0254692284726767,7.829436432360547,-1.639783865299046,4.46317599913227,1.581274757752193,-2.4070620255191173,-0.2574640529749209,-3.175209170419409,6.833600459532321,-5.760598326327796,-5.4238249531089355,-1.4424159525886504,2.7120280270848385,0.6251876572941055,-4.908606511609216,2.2741942994001265,3.2755583269615065,0.8137339062257134,-2.019118297085548,1.1057016604961452,0.08815613303467601,2.6164619300901077,-3.1557204401352625
7.426511038936875,22.3971144567042,20.594008896970074,-11.675202392313679,8.510916824573497,12.836140417051748,8.549235804614506,1.456173437751268,12.33714697642329,6.398320601986474,-12.198102102928859,6.46488966221631,3.6570977439734764,-2.126518017826269,-4.004277357605776,0.7574620449516083,3.272456265372446,-1.7090125056777372,0.14967949166132227,-7.35256002649402,0.6137162084570094,-6.773411949305209,1.7716706303013239,-6.244844867823266,-0.14796878453163442,-5.680800111421667,9.805122859684154,-4.3612725672004595,2.0031577647399637,7.230203159111497,-2.3633208592878256,-2.75239162870754,1.7536881738091126,-2.8200085871348994,-2.4593016043883185,-6.596197035168983,-0.20140132134746191,4.163117222103128,3.588042502372051,0.7737634584294942,-4.5886140374006095,-4.262722888575279,-2.194644924433151,-3.4222112928089614,2.1580958397810015,-0.010030638862875191,1.1202175158081111,3.5580252904359813,-0.2437076080496436,1.1090881423911723
-11.369067789011106,19.08115495370494,31.455541642459877,-18.657968130301747,6.427307588011301,9.110415864934833,9.965178188252175,-6.639082710404608,2.703324337761069,-5.8578055319062,10.264946634547147,5.930169722980409,13.612806693170976,1.260196270608935,8.345116065168646,5.029097810228296,-2.758688611979819,-1.762275279119983,-6.606631967878722,5.224987066296756,-1.396548317912749,-0.17481966417343728,0.2584774064636573,-2.486055203675269,4.876965525214388,-7.376564645048979,-7.838632918113316,-1.1642031401428643,4.7947287348752665,4.193203919415068,-7.38153515452126,0.9704668180401349,0.3917510013207415,-1.0268490703189244,-0.3865877354080329,-2.1408020776941057,-5.033557524950731,-2.1907831808469775,-0.9830628949816713,-3.9758940614441967,-1.5511849667463606,5.95361364784437,0.5318815116271518,1.5220748371118737,2.4950343974831184,-6.218271165765643,0.05561055369681755,3.655096666107013,-3.449667028568574,-1.7333516091494823
-65.2224707280522,-59.848632442340815,-39.671968053018404,-1.2944263369978792,1.6052420615833165,22.29905037758941,14.296880676020026,4.249826540032334,-10.651588027734164,7.717712800438956,0.2130334425999457,-8.122048128886467,13.30950136356635,-1.2555603340290984,3.149332578273176,3.8778005551511745,-8.052747826944351,7.091922248095744,5.448220349384124,-7.909492545494637,-0.9754138593761903,4.874457787098577,-12.290901757414844,-1.547484555044085,-2.8377579295629003,-4.178092277758563,-3.280836742687128,-7.386931085041197,5.6214909472222585,0.6099695428218709,0.8869313462850752,2.1132708789362797,2.5623146161204406,-0.1934480196839176,-6.428987319530617,-10.313005260492673,0.6328820558326658,5.540466032135723,5.412853816512437,5.35736357114185,3.9353740735050673,-8.80689392972575,0.8216928110636489,1.644097289898515,-2.57932939744553,4.281478441778048,-3.6362078423801187,-1.7773519918454108,6.547350114163207,-2.3765283778267667
0.18310191535081138,4.69842908037884,37.79729273548758,-23.062942893131833,17.98005401642025,3.7081503893598367,7.13318292011064,-10.141822764306259,12.354312362535051,-11.869736190453139,4.515991763350427,-17.077684353985557,3.0791914968476277,-0.6034509261443881,3.765358154274255,0.32271779815068835,-12.037317841449774,-8.20346779433584,7.9579145002428335,8.119793304339673,-2.9705458119261916,3.363445559681298,3.625126013397647,-4.628115934439632,10.969598035721283,-11.266635876874286,2.7042980459389034,-1.1282416830612,2.6687212800213347,-2.531330165565376,-0.6127704367270365,0.2343005096368219,0.7331520816527298,5.521399616375873,2.098063105614307,-0.052590028198668384,-3.5013968807768188,3.5371255585628845,0.556830085536616,-2.6891019357481323,-3.3666329082856734,5.792875740894858,-0.8335867521255876,-1.9329093261279437,2.271134535238173,-0.9932463206125582,-3.5445794142027345,-0.6053857365745948,1.1190402459678457,-2.7601928676206184
-25.519859327677466,43.320132940837524,-42.66657768840011,-13.05347374877969,34.43168319048827,-12.218192300550216,-4.723398322227124,-0.7068487524586774,-3.979876846594807,-9.680138968477397,-10.449618193518397,-3.4086367889836913,4.550978925303586,3.725692307963548,9.016825187748713,11.390169522350924,9.43514668390938,5.445472877093408,3.8476474050498384,3.6457869689772218,4.219269162149542,-1.6187254308428807,7.521739457732755,-6.63366215959734,0.33460332934143255,-3.3284115936785983,-1.6539732737731765,-4.042352176047451,14.744876761572282,2.6200891262712056,11.135529516446855,-0.6139696975101605,-3.369218087832005,-1.7239471043409242,-7.881589660987685,4.6783112881901685,-7.208238717350895,-1.6992003065764674,-4.59367367209396,6.586646641547742,-1.0843977455705995,-0.02314030197085641,-0.8557967340745127,-4.191786615559094,0.2506212163126551,-3.3882604344990717,-3.2745839649829467,0.903306459245184,3.341994430159363,1.4759580399743504
14.417900149171526,-0.32078914319563423,16.29465030721102,45.78908425298601,-14.58529347171513,1.183960348394416,15.001171793120474,-0.4296922038147569,-11.059897769833357,-4.7264986956395765,-13.391742456949794,0.6199045760497525,-1.068827822303163,-1.7930858774127616,7.324690041497841,15.619135312402678,-6.420225939518979,-2.585512503636754,-5.7151236857449055,1.252475995611767,-5.4268565534992455,5.384551241845161,-3.0237878282447883,1.229092298734051,-6.300351580633385,5.022153902502671,3.5172028477833175,-4.363011634938342,-5.736152943105634,-4.825020667904692,-2.7620701220159734,-0.8077247800890935,-0.15546088699369248,4.844986450537663,-1.0669746969168108,-6.792161642149513,0.44553116185054076,0.9531437840085093,-3.418789591806878,1.938786008776749,1.1417786908755956,-6.58929446747939,0.760463486327232,0.3867304496489291,1.8886526229640261,-3.473802560008081,2.588698534963635,-2.852834243794013,4.598824988827767,0.8470617919568981
-49.72919916570619,-18.063835355709344,-7.489242215771666,-16.74056724762677,-72.85998120231366,-48.6079852568922,-50.65765552389458,18.489056514996193,-4.460744247712391,49.89796616461229,1.1124479044413431,2.0489064578570026,7.541727389743891,-11.417010242343892,1.5169422981401666,13.766241319725994,-18.18377005948086,-8.409136728841196,-16.932520744817477,5.449224182331277,-3.722233672254434,-4.286666520722313,5.936663522639745,11.841486808909927,-15.47896189781107,-19.662803291817298,-2.781069398419151,-16.706260559068312,-6.274318613773187,9.593961787922206,-0.030227905250656686,-33.005942545818925,-13.069516841436004,-2.498845385647398,-18.783564811858174,6.619449616012737,18.46484694193444,15.331272199677434,-8.069517793990158,50.81638416386977,9.780963387300611,34.41770988038256,6.988374093858059,-5.394067277474022,20.163305298097775,37.42348284530496,7.451894983314615,-2.269887304412257,-8.947954693607771,-26.445630283690296
-13.597578792188353,14.875624723935232,17.399680870616116,-21.16451139794353,-4.43238360880527,-7.637336679134963,-0.20436291130666534,-22.114751608627532,18.92194136439278,0.9530063317459063,4.216515316493416,22.54335752651863,17.108907831312468,-2.161687310248185,7.575876823838725,2.2456221817349653,6.076036595737956,-12.518981553163956,2.474392958169404,-1.2908176605081914,-6.371664935023149,-11.401861137417832,7.349567527676285,-8.488295047318644,22.043498711793266,-6.313283356182929,-0.032833018050929405,-12.840514812083022,8.10906568074415,8.837418305764162,-6.533949686284865,4.691347900765578,-1.5741449764372333,-5.560801823916796,3.8836808891945105,-1.9622985456018869,11.21260365434497,-0.1546003788068669,0.7417551709299685,-1.0425868899503576,-5.150541444118145,-0.3402316820238297,-3.664965099256118,-3.964210866530378,5.401120592553718,1.5413487712362701,-12.907783877522535,0.9925185620506474,1.6307639753532184,4.169528433284277
-9.73940520988436,-28.15945562472166,-6.547577204140861,30.629858071482868,1.1260100264431243,-8.677899010137075,22.75973436264356,-24.962835341588768,-3.2690970029011757,21.51979343742844,16.34038378644496,3.9663042232983994,-7.80161926018939,2.309962223025128,-6.69795121023894,-3.828020366516221,12.590091174598564,-8.069666314299688,-23.08257210679671,5.220644378420816,9.873548322577712,5.829243287160381,13.084020899321294,-7.066728549779123,-1.3261311233669484,-9.489970790838045,4.878002397629404,-1.9362812664708975,-5.786598627167628,7.4454773265183825,-3.27183075515463,-6.043642342734885,-0.43574710090425056,-2.1129273136187283,-1.4138462599537711,-1.2027748893666663,3.0220854274274935,-7.1004879777680205,-6.510814175369984,-6.328570580714351,-3.9292494862143683,-0.8908268562911767,-6.9238699090249,-5.3016716704116424,0.43032411588034164,1.9832436590787832,-1.1354749020644133,-1.9684115602590657,2.3011665964350105,-6.981365089866214
-36.14334212664235,-42.99006464158093,-20.45415879989161,9.923179066052139,0.44042844242591994,34.77679599687447,-7.902180995614148,-7.120767980325777,-11.946420821478574,-8.344948763858188,-1.766957511680125,-3.2623404657024517,0.538832737999778,-5.40427187161669,11.387269693510941,-3.782160270661243,-7.069534460205717,2.8299292911126424,2.5108968142895733,-2.848703430359999,-3.9038090197414768,4.617434415550456,3.5406173338450153,-5.55491761606488,-10.807484240588707,-3.0433435800728192,-1.324613119079997,-9.452801489474789,2.3587139552777994,5.575548092389073,-3.190558732427047,3.418965548842541,-0.5101045808159816,0.8233458362796631,2.4969155085510177,-0.4907409305449932,4.218108586406675,-3.868949704199083,5.014275992610417,-3.144083904494173,-2.8444791923442305,-2.70677901080926,2.071776425307944,-1.121541352780382,2.3837181352916947,4.282352737052576,-1.1177556920695049,-0.37958959809063114,1.0347398741966976,-1.6194577591792418
-11.062389241045905,-17.952524131977768,16.858148569997145,20.46831526373056,11.364275926976825,-30.10464097030311,-10.119731926074586,-44.18920110633213,-18.9918823403273,0.8104567245919223,6.885430600675043,4.665144612941872,9.646199276312263,-0.7972451634213357,14.987909370793567,-11.10766579368117,-1.0382453854553826,24.162388368606962,10.259805619230155,-1.4476450221107404,-0.40455246933120914,-1.3666278689824163,8.949352855758734,8.4361292328984,3.7455032532044683,1.249483855570354,-1.6935117463601441,16.696339863519338,-4.188650093468814,-4.156775056232097,2.178138676803407,-4.599820936533244,-1.3855458500550104,-16.06384270020084,-10.343428245721059,1.282488979737204,-6.541026371601816,0.23645391822814515,3.9937054448804474,7.216086938188325,-1.6842074294611955,4.459384215470514,8.445256591986492,5.945396538077303,-6.161927790942137,-3.9259202391929677,-8.249439572878021,-4.411951055142472,-2.289396490483448,-6.8766971288843415
61.54655529631913,-29.202784957200997,-34.80410238343933,-39.36635291026291,12.716382950863991,-11.499046920570112,3.718552131460902,-8.969868614342932,-0.22734524996969466,8.24388289553302,-0.9135325915693291,4.549915013101151,-0.7435463273962616,18.42587308466186,2.1408894766682027,-7.838619089957954,-2.335272786736901,-0.8406899723651273,0.7852673123588629,5.626907589710476,-4.592030358225553,-1.209504158848269,-4.149401901922525,2.971987695290049,-4.202562326556264,2.2431402665907547,-1.8372570549044387,-7.006009688285619,0.4894661028050623,5.967557866866977,-1.6598645090916795,1.7590842041744816,1.8698668334978854,-1.7538313921667266,-1.2059449928164265,-0.8735668870692657,-4.247731064718409,1.1019637455711218,-3.606082280375901,0.33190114179321833,-0.470340013606441,-2.5337187670747507,4.846305924500949,1.4693275272601551,2.808372729583674,-6.746802230284685,4.6997858692341214,-3.788963699685309,3.7567502018422916,-5.145990416366205
-6.759168505052833,14.882352419196033,33.23082031056137,-28.578508968611835,-0.18068288233632382,4.013567904619331,20.33891598016731,-3.7855428137648643,4.972371196543215,-6.002615933081101,1.7832933759504428,-3.9485698291578517,4.3710260677224095,-4.166684809282601,-1.976478331144241,-2.3149299365557137,-0.9580754360909427,-5.565336324888968,6.2847513850072945,4.550516558999637,-0.6193617853920174,8.265058800153954,1.5813422117421123,-0.3141492781223011,6.717379479407775,-1.1785046504978314,-2.4008104016871927,-6.353160836279157,0.5216589960242537,-1.453743061764918,1.4084536038528106,2.924524743068562,-5.0619521760272566,2.9515746656617563,1.862122780525798,0.7561692122701724,-1.9233048476679462,3.4498496130944605,-0.3595986690186209,-1.4888521127348846,-0.6026570758334547,6.379429470836693,0.6445992173302376,-1.8297675616900106,-3.4988671032287266,1.4145255101896947,-2.2364230646352796,4.444113199605731,4.7177144740395835,-9.05308957097486
-3.283749879261267,11.284760218109852,23.40910359895867,-12.44811871297379,-34.22830352265229,-4.56756943949966,10.013944699570295,22.583510473900777,15.543161277040308,-3.7291429106233096,2.066480085359025,15.287529799436202,-9.23662096369276,-29.38681061342174,2.5901679949092515,-10.239624328371022,1.8195808546822059,2.8334039471939865,4.154838277031751,-12.776899823326877,-3.0063871107910325,15.173742211333822,9.112407027408207,-6.6501791029563755,-5.320667199052434,8.040843478507346,4.097228760566443,2.274346052650369,2.0366229413078885,4.2134599781407855,1.275574508702148,-11.364144027459586,-2.0079498573273207,-10.663349775701583,9.123931684403782,-4.442663636625723,-1.8193676403840588,2.913901018065909,-8.501846626969517,-1.1031668042438383,3.080927634671753,3.0416568336558343,7.313267873337961,7.865794834663265,0.15642261577075753,-6.403270576461367,-1.2527171451502075,-11.231827458190805,6.675389410219006,8.724731759702111
59.21198788187684,-13.122982216404768,-4.989572932109332,-0.18516864491154883,-1.2731042019637036,8.694113454450093,-8.410582040993122,3.309387820413872,-2.025418271470447,-14.16065350046551,8.849577816694794,0.1711056441456284,3.021890062389017,-12.835867908568018,-11.120002238864933,12.266761856903656,11.36234139744709,1.6268849445865712,-4.160211573053274,-12.896396319248215,-2.462464904075288,0.38531624408095333,-2.782865345612446,2.3343409703666556,8.270932299066553,-0.7828517204005988,0.29769038123067054,7.307711336959528,7.48873617382217,-2.908035447497829,0.050109871678070954,2.9435599690439402,-7.428083994483991,0.5417629494526421,-2.4188062557858996,0.2481098011938343,-0.7934280042736164,-5.3088268032383255,5.416419050282196,-3.190487163676992,-2.5980211070185715,4.919246484080147,4.198113086190129,-1.7979469027028083,-1.045287688858842,-1.028142556205768,1.6795166304256919,5.514363384387809,-4.6151931791326195,-3.4667375178038027
-1.9557624017623023,42.21115149572084,-27.726340512344578,19.613730446545613,12.258240818628137,9.028188712282512,-17.456413690018135,-27.787268352418643,2.1110901036045213,3.446073467765297,4.110919870077908,5.119789774141182,3.0091795419634466,4.44242023782938,-5.904179610418022,-8.024470592910674,-3.646308463647776,-11.96157601095909,0.23845072458839453,-10.09916157029307,1.5505701138014898,3.980082699776173,-7.706279136339817,4.001931062894594,4.999252804419128,0.6442789988631539,0.3597742087103983,1.4650472797425544,-2.9971098842434536,3.93580098574416,-4.48495573551602,0.4974273676192208,-1.996140784223144,1.1242162578431165,0.4121789838225416,-1.242177768138284,-0.7956210072558857,-1.2157395288742536,0.4767259487518799,0.9786322683575809,2.3755335611862987,3.2683264187372942,-0.1503240800943056,1.0424061365479147,1.8347424974722961,3.423164398773612,0.1447784654307662,-0.9738784793349874,1.4092663826749632,3.358469825534201
69.14942011267372,-9.01614604037427,-9.50288837461467,-2.6569877209104664,-6.0157963448051355,15.274866585111187,-6.190795751626797,4.936804647243914,-5.01995977721224,-9.148972999058548,-3.4712051042981744,-0.24929191362252778,-5.811733800638118,-6.462060614681361,2.0731948517554506,0.3969203284873777,7.337596608076576,-0.9294750509701825,-3.007117118278425,-9.9304773127943,-2.6455190693935933,3.6295152210124937,1.3321691738260044,1.7771212004303683,8.032641613466811,-1.0091205313803575,-0.7110986236543347,4.3505408514593755,-1.1357716077154423,-3.003361517535073,2.2804786717418666,-4.616969699967037,-4.43305719251724,-1.096115150296766,2.5764631625195658,-2.194021011263887,0.9899816767868702,1.4891110979067421,0.833785324809126,-3.3971826674915775,-0.4827374084408462,1.2380575348221967,-1.4649837662680947,-0.6400550358047077,-3.9283421722247116,1.378355213239254,1.6973050322744387,4.820741778531763,-3.8994619888280595,-1.9432342439333385
61.55599906408956,-26.182548953606762,-32.507579100129846,-29.104090151231592,1.6108963266022214,-8.877317523561674,6.794072025824954,7.831097417614505,1.7852879405569733,6.3792691788773,3.694055399081781,4.031464364000843,3.2907387909539216,13.916201525892252,2.452204528770204,-3.8324157312006863,-1.8037544400659535,2.9726065273042805,0.5653252915707282,2.025005581111091,-0.704722801191195,0.31008967212201977,3.8358089017066694,8.94927722261155,-1.5338654687375968,-0.0973859671895303,2.569932582971481,-0.7978850692851175,-2.1507174172017223,-2.579349204897732,-0.8367891632994232,-5.298299798657072,8.675222418062665,6.6526653330439585,-5.778067699786549,3.99671048704777,-2.5604128975400777,-1.3666847781170404,4.8920960954048756,-4.5269157509258875,-3.6373567930011568,0.002841463355613811,1.880169547938659,-2.9255327405623097,-3.6833572602953137,-0.4737931749486433,3.156154859614769,2.8072766781868963,-1.8802821447602682,0.8123099943986797
0.9212875217806836,22.852027469392137,27.8844266784646,-15.955993544975831,12.586309420056148,16.370406658131607,-4.610133411063127,-17.568878619908762,2.383479376537188,11.572655973934362,1.1984444009679691,2.03616792146504,-2.467304768173225,-5.999724073018104,-0.3037465905734146,0.3576236972637237,4.629785249029699,-1.9176763689680203,3.344241684119848,2.5067298314835216,-11.189090026962884,-4.547246722253729,2.346843000484802,1.6199574506835903,0.1434781174695107,8.49291110455401,7.768011936490653,8.727323648223122,8.040929541468646,-5.399782888487811,-3.5757222752931277,2.827076676284021,0.601158197265639,2.1707197677753247,-1.8851989174799462,-0.7259479510977519,1.9669745823411477,1.5988677541280907,0.1327836718713074,-0.3588471594151621,-3.126303665235044,1.6556838313945972,-1.4884581842770954,-0.4875194599204993,6.184385374832577,5.040069339546269,-1.1997743991136371,1.1732928384349262,-1.3019289732316963,0.7289966518679777
-9.3151619906402,48.63697941242762,-32.2605038327762,11.269533449387346,32.13156631349516,-2.358180529471337,-4.169312683933588,10.139181396639176,9.23357577435118,-1.1201047409063059,9.45102826935336,0.715004176992169,-3.024167900193028,-1.3662012008387323,1.5278246822575712,-2.4551875336149913,-1.3076994592154023,-4.452318168866353,2.1195866385217976,-8.393054281424165,-1.0278225071303198,-2.3527940300426016,2.7119441983264063,-2.4888799498355687,0.80155556664172,-4.291535918306225,0.6609004039655472,-0.29615464130748065,3.2046882142754995,-2.244839321476431,1.9486462007823064,1.742319680176008,-1.2836317183846497,3.576303371995654,-3.595168628098798,2.357095708403497,-5.080413560646672,-2.6843894308217586,1.9038735698671363,4.823889530566207,0.904900906600281,-0.20680304070495098,0.7292462472230666,2.6793216972975338,1.1357216682585447,-2.2723032640133227,3.405114806229394,0.20073147999813246,-1.0011786377070815,-0.19247173470824278
-16.691659991472743,2.533909964779985,27.266598710122516,-25.135153070037717,4.955887113004033,-3.737804206069289,-2.0075259401514947,0.5203498969949143,8.206459978453188,-15.624473269785359,-0.6953891772923028,-5.05898743334938,-3.6570980540599844,-5.376559479558778,9.542859409125308,-5.895497542216584,-12.544143571682751,-2.0709529437766205,2.7813539349446077,-3.63415302963101,-1.8712156020261057,2.265164390183017,-1.8508977400606266,-3.157912545782679,-9.151730011760066,8.310731636933108,9.025940579239453,7.9785695999347475,3.2914210242636237,-10.698996816994647,-1.447454344123029,-0.2870187256632193,-2.9881052877250034,-0.9473874631448043,-0.08132344950898023,7.059725303523309,2.1073603576912707,-4.304121737371814,-3.6667976676003433,-0.4901824166433699,-1.8170649944016144,-2.2575482635535185,-5.930458150485037,-2.7911488018047,-0.9580525491655547,0.9471269444442617,-5.405449606326069,-2.132076969081484,1.642774855812088,6.015322967243299
-2.8826609493529025,-16.713313144904163,15.459433455558058,32.24947236590728,5.674891839791737,-16.807082851294325,14.003234037223859,5.959115184208394,-17.07990181939279,-8.051522092550051,-16.483015843425147,7.522931034430334,-8.43983021285615,-1.1233298013065578,11.982401046674136,18.737498512367647,-7.815692345872065,-11.109290562442894,-5.244413014913922,-3.698237966183415,-19.318995667310556,2.8754562706075872,-3.3561147717138047,3.0623451123086114,4.535838012919395,10.535076258947822,-1.014672517741552,9.073547668676063,-4.9325687760994015,3.831185167983503,1.380379272551054,2.1846009209322883,-1.124836596474765,-6.192430684249443,-6.954262480447065,-2.5094940045629834,-9.215681606504864,0.8413311468343078,-0.054842724590105286,-5.860513359018706,3.665470239125585,-6.965611206843748,12.394164846962163,10.24338263581054,3.050649096830427,1.79387010136862,0.0327399709722367,5.559951972418045,-1.1171435332614355,4.471682797988245
-0.7930535668362272,-3.991004116748801,13.628291264917712,29.906982202786313,5.095671889915951,1.223498457639156,-3.722651361080979,35.743737160166624,-21.62116735371717,-37.439715846407886,-0.22814251096666885,36.5249455980543,14.127902154157283,-1.6586599432952682,18.11575160972565,-0.08983556165540701,-8.497988666338808,-16.545868063382912,-8.101048850306984,6.526029983658931,-3.0844240667478418,-22.99636557784392,1.3613738905362636,7.096257366371007,10.32121820891718,-4.739869323119581,3.8185818700276455,-10.661499667460053,-1.9109988247191965,-4.955430269302275,1.775560856243102,11.172876706881333,-0.6557307490882813,2.1332879505611606,0.4291954603497867,-1.6677734473023165,0.8556438129501434,10.50380315604705,10.343004075982517,10.389964691503405,9.164259310218911,-5.829996878219353,-13.623427862154474,-20.010031642710633,7.640086880251195,4.8509343737881485,8.711317794016582,-2.825965831061113,-3.7301710183868266,7.591128361984679
2.7175268121766174,46.276848657132554,-31.386550229990384,17.424865971650785,-6.731497456959758,6.591650256590953,-0.40251245254277546,5.038343047880243,3.9339727064448224,-10.831238836846873,-12.18049483163125,-0.0036541645680727834,5.030697788697648,-4.230815416958291,2.3605027875392826,-1.809772198771785,6.5422690065532745,8.391895357576095,-4.021964091750678,9.104947839174281,-1.131897156985601,5.337286257849705,-1.6463162446184192,0.5350307262204637,-2.5320804162257655,4.424165768019229,-1.4740975646894252,-0.9760783396717994,1.253602066599998,-3.979648519568732,-8.789408570590403,-6.668250984598951,-6.3645424236023285,-6.222268596003127,6.7143720312259445,-9.01991663329192,4.5139722288812045,-2.385700846667825,-2.282262518487375,0.506582814064674,2.0687556734769528,2.60366818229114,0.17336900318470336,-8.734273991508037,-3.8948576500037326,-9.189535515966138,3.867171180842174,-0.8754456070726565,-2.036866520935079,-8.416392024361162
58.750720455388674,-20.492848566768366,-21.75779687742484,-13.44156067244208,-7.888103029635853,-2.1779151516596875,-5.413526039714916,-4.382121190643315,-3.1942319898978955,-2.5482583246864956,9.936698530500419,7.141854676381936,7.072989037285929,4.451768427140198,7.345127180994523,6.979731292761943,8.776204581797241,0.5985525395398743,2.7778434300362083,-1.606153116362978,-7.574488949234674,1.1325038013143043,-4.788673587676864,6.455611153076289,2.3184644929174905,1.0593549410308507,1.777013139225219,-1.5742953935305093,-4.34598554865164,-2.934535551677525,6.991086551181028,2.153548010066821,-1.7850978934607045,3.503194649975768,7.451326344050373,5.429444627623684,-4.5037486093914945,10.663483438494984,0.1789021837626942,0.670353514909028,0.24461030876541195,0.7407954579135706,-0.39801412185107843,-0.6483844486928931,-0.49234555103640676,1.6657168983251047,8.050424945590194,3.8920470387510306,-0.3464282070865362,-0.5582671388509496
-25.32456605141949,-38.33351173098107,-15.272014809382084,14.996329251650165,1.3958077745457171,31.32131571747062,-10.146462536214287,-8.670641068734323,1.1924170125019902,-5.1441690107603995,-2.78067392124743,-0.25842809067440786,3.521556817925209,-7.2817858783685825,9.498026357001807,0.21514666581180217,-8.060911522650208,2.3942217668575787,-3.355380779985262,-2.815184366825831,-1.1234610817589212,4.869910967128441,10.904201372201316,1.9779058277124317,-6.157011617359074,3.7833311048376292,-10.178675875474239,-7.987060716086441,-5.266057383418762,-1.1519767340249574,0.21144950883425462,0.9085425294405076,-3.5726563730908096,0.12061585437378047,2.0565017762928828,-0.7825856527000971,0.8893135004017315,-10.701189138890811,1.1788237645045834,-5.682700000704452,3.449140076861696,0.9713708567596967,3.6159871945887883,0.865043362747038,0.9062468942207559,6.9920850391644205,0.6654993368165558,-0.18937345655065083,4.368806850333522,-5.8013362536506365
-3.311002196362247,30.00840993239195,20.95759174407498,-23.262152616773854,8.135061145224523,21.283437626934802,7.475746488458341,-12.658694528198836,-14.245769080290323,16.309127995442115,-5.442292388695943,8.624800022656014,-0.458385610077735,-6.078746185807131,-3.902468059260404,0.7174304894872215,6.260677725908973,1.1329170335388536,7.3302852681311315,1.8940426975045228,-3.0014734272309966,-2.913601545083548,1.8512780903547352,7.05976068203464,1.3208421115700062,-3.650799947056665,-3.0669630221804005,0.08697010116794943,-1.7626945218882037,-4.305771187758413,1.2299234459895727,0.10487548192961173,2.000196694958577,-2.466304228723905,-3.2274997784137387,2.938990161167244,-2.899454608948972,-0.19986472333895386,1.6640486647909174,1.3571077997143992,-0.15260190162067538,-4.364956586727594,1.0637672476423798,-4.971988302609176,2.8946327127926543,0.3973362810643141,-0.7992190988128539,-1.2453236906353289,0.22080686259826968,0.27406212739298685
-58.22136616246545,-67.65073146360496,-22.134082461667067,5.4352281795973925,7.5651918557771145,16.823569066768496,2.1917619105967856,-6.031457113156915,5.569114723193732,-2.6688562955863584,-0.7045053126187419,-15.675095786621096,-10.145195965896502,10.081808014926006,-13.856699722062345,5.310695903550997,14.14711758995204,-24.687361614784813,-17.577833905059034,12.186776200951263,11.17807525500516,-3.9097434696076023,16.763377646791394,8.09002216200413,3.8302240843069106,5.220755000023862,7.1273157318862,9.660169153459936,-4.04253907329719,-1.383992881663906,-1.450467139058624,-1.0309028324262743,-3.1051847055858177,-5.61177656919791,0.44808586252409094,14.124609554020102,-6.826216401936715,4.816687244217785,1.2503668644384764,-2.926462077581267,6.199817993063586,-3.979443290389782,-1.632062181923662,4.597734543920068,-0.27269807073821656,3.2416344910274963,-1.4160280748795486,0.42394000165341617,4.0822450563113515,2.8653213604975774
-14.554872212230979,15.42086372173631,20.04703885836179,-23.275157878051775,-12.266829561651887,11.058192914611809,14.0589993102137,5.528174403672122,-14.778506016630713,-8.62013406052939,-12.729524350528507,0.7673189360277018,9.024332256569853,4.442135379889015,-6.850739996583218,-0.9286308518116142,13.706122317153135,0.903818514537361,3.2332658643300203,-5.5463449274949905,3.8489614659031854,6.346732046953977,3.6586342385670805,-1.7438758145449087,-0.8066345001115656,-4.466836190524912,4.656287266333674,-8.54674743390499,-8.330748109462451,4.79964841161467,2.8398169398230553,-2.0386294357604267,2.421470737187107,1.2938746406141315,-5.196757492006001,0.2810917400539768,-2.528044307806253,3.8784351205426106,4.285245402728795,-0.785028649937035,0.5158254196226607,-5.489993164454156,1.1898435430960004,0.09622877344784184,-5.101852524941425,-2.988494411856686,-2.0915763855052627,-0.13653953478945158,-1.6817720111329653,-5.274017611768816
42.51875392131072,-29.33520431993994,-29.382734078241416,-10.215885755891975,-44.707262492624885,-18.794853807259774,0.015216835389327688,9.368206304576933,2.767634519029811,0.28077120092082164,29.506093729356486,5.100864273277595,-5.050758825597558,-16.868821999206475,-4.141085204933472,9.478032633152408,6.495605585594803,4.141806937124312,-3.117528528932695,0.23580599506408353,-1.0695122182678216,-3.4607584338512014,-0.8788238549826504,12.539408144332032,-11.238317415623337,8.844496486921935,5.693735224241622,-12.07072573177193,-3.3228279765802697,-1.2675944900204383,-3.0850959707335055,-0.7787258697636643,1.5808930980145632,3.271088704260335,-3.6739050473161434,7.229731942773328,-8.606586794548429,1.333734082568789,6.0824066626876085,-6.40093885925765,-5.092960616648483,0.13499757304652824,10.116826404284287,-9.71327012503616,-2.7647102575661338,3.262335734380585,-7.651173840785577,-6.017358316463586,1.3097797583778568,-2.0034371861472486
-5.192902386649052,48.26326641178762,-32.448759588120346,20.37468501999509,7.058987969239021,2.0835178274978734,2.7494743834519193,13.921113444437136,8.763930032657605,1.758266411183527,4.473747016967327,-6.13967545212112,-1.3110967394279238,3.2270169082089013,-0.3811931349308832,0.25004115052284864,1.1590786776255615,-10.634354824690046,5.857490567867359,-3.6159663685657453,-1.2530662941898338,-3.722819985429005,2.290841794220999,-5.237494176417866,-2.7954214899751544,2.128620742695477,-2.8844803752488604,1.1448021754132969,-0.35893790903814515,2.6049302904116227,4.2465595436577726,2.0011726341179745,0.2711003771117861,-0.19551838763111867,-1.8732255186693976,0.5458661239270922,1.258296285944498,4.339796310734724,1.376980278270831,2.5117085351437733,1.0351509015001892,3.3884640410586915,1.4756525391927344,-3.547906162293409,-3.2066570296589747,-0.38623404075261475,-0.0062991441398537315,6.064291529349834,-1.0723009355610855,2.442841379900128
-21.37969742196712,-30.53878407333464,30.259255645459945,-5.468811331191478,20.6050411507269,-27.106173592267535,-42.01313291162915,27.593713497791367,23.279751010075458,24.95642608870835,-0.7110076647880234,-1.62858234039898,1.067966947101965,0.28689769395438525,-6.258689036981121,3.2595339554302676,-10.297472819780072,-2.344900856780324,-1.2747604929612129,-1.524781357311194,2.3872522625844836,5.97969032594297,-3.884295455302341,-0.7509025272352285,3.6316822791895604,-4.588252157638414,1.3117674687989045,1.5630176284068735,0.28760490004284234,7.154739369987964,-1.3580288864487464,-7.110658289413631,1.0550105396196232,-4.767826900524413,-5.721189059868576,5.935867813372347,4.478146361814342,0.7988430044680958,-1.7688167629788343,3.8629202212710414,-4.855566524928426,-0.23446849268203093,-1.0694282062089455,5.706425261529132,0.9521231524124693,6.922671777506456,0.913723114636918,0.9196592723298186,3.1615484085819436,-0.5390336389087377
-3.43039931746709,8.512749500422297,28.96372662906878,-6.507092776697708,11.760413164266955,10.89165696048389,-5.51613935122902,-4.464496725344636,8.65019904934991,2.3218801448762485,-8.85637094595318,10.857450964397591,-0.8204337825468375,3.5134770932529973,-4.138295525621739,-5.959300261708211,9.57529026260264,0.0757299526504741,0.3662324446740197,-8.443044792798775,-0.06296996388857083,0.053777166879574,6.736359875853986,-3.171050641798945,-5.168662066581549,4.883676901398653,0.026964937757833353,3.592102939392511,-2.3102922483494943,9.62222297009648,-5.895290132452714,8.385361946215161,-4.848193761096401,-1.1488723892323476,0.43338655356478917,-1.2961369340187736,-1.3313743268639648,2.1273294326521963,-1.313838651361814,-0.47193608044829954,-0.9886381268402888,3.957911340423192,-1.1854121277864373,0.3195444239463457,2.075926950343808,2.4362195029379903,-1.8514568972462628,-3.404078587751966,-6.140652592456233,0.30840388737701907
37.0377018295261,-38.944160219666514,-11.949648653676151,-17.937643663431036,-16.663202022486427,-7.786990353983642,-20.602501889569663,-7.662203104494377,-6.88123315801397,-21.520275557012496,7.551640623556126,-14.907117080335542,-1.017485130837261,-12.296219046354398,-20.986470784164837,15.946515064191837,13.94845225462316,0.07807941716681673,4.0962734840131185,-8.282753097123909,0.9195998706835294,2.77598203018762,-23.598591009573372,-8.54879851561108,3.7714630290257283,-6.601363211087614,-8.28076488728992,-2.2841267047125884,-9.70110154687662,-3.64855025434893,-9.353870267965462,-4.685823034404882,-3.4081251661462226,-13.270043039578663,-11.886304092109304,2.019616190081277,-5.851871648710035,-14.458500132655292,-10.362072727874956,1.1158127361349102,0.7378396849731622,-0.7485240845481637,4.8390235237000345,-10.5444321525602,2.406340507216353,-4.3525229474535445,1.2270035378963302,-8.843667490175507,-5.10219806120355,3.5300459815180045
-27.093575935782933,9.460907410138283,22.73954479529881,-21.50400570902074,0.07322614712453109,3.248561124996973,-7.246363126491051,-0.7346312301067519,-30.17277967325174,-19.218341001640415,13.92698662693731,3.4303201845148625,-9.975849659197696,25.814728542005685,-6.362658741897467,-2.1484648718257797,-9.975287665882886,9.03469287079182,-12.670741399364214,-5.235771292675975,13.491915700618293,-13.196298107096805,-1.4751001546246554,-6.710136826669086,5.680493934174547,4.879546890639618,6.042206453513908,-10.219659635759117,-9.295816042788637,0.9376426120790611,4.128702407834396,-2.395407795567773,8.037655391797909,-5.599717581489968,-9.66484653410046,3.986821050952459,7.319038120553388,-3.937201034313677,-1.2569848845541183,6.8082663197782,-6.910485981251181,-7.806210668883614,-2.944081990568312,-3.007988543705021,10.866952947254015,1.5671957262930474,0.9329863864971149,3.2044583628842886,-7.345956282772393,-0.6098385277862439
-14.228932759682069,-3.416931678687892,31.385587553500994,-1.2955683143648058,3.661221588735297,-7.037411551414402,-8.076603212125981,6.8264403260276865,7.675998520909416,-8.733256572669317,3.8784301466675193,-7.679550988943966,-9.288401564546303,27.459211937778292,-2.770522476706912,4.226213843793844,-3.511673435488469,13.04974358317432,-0.6451804468813801,-7.2091224931686195,2.1878096365557775,-6.686598847763586,-12.903812725037954,-12.301278274405336,3.9978129461014693,12.652383675252096,6.564280552089626,-1.9312300481237223,-3.181119506047725,13.593503572247526,1.6641809847371345,-4.422475209225479,2.7455882072974256,6.080741659785835,-2.218866842468632,6.752017219983689,0.15164091623644305,0.18467637175729734,1.3900486119226825,7.866284837358449,-2.797092627861805,2.9391291601142324,-0.1971407354681009,-0.8795160896502219,5.23250558620452,5.517905352332071,4.170325623773965,6.969337137779162,-3.7157994465221322,-0.13599478189717662
23.63410194275445,33.99133120338612,24.418684220428453,5.685934997747597,-2.7200603919263675,32.34576247989966,16.336963237503863,10.756424783610788,-2.9803064975350058,18.012790292074097,-0.6149702847690351,0.242194217440554,-3.2253633070933736,-1.1009817708499894,-12.896306103053497,1.7915714404950742,1.5014937544343487,3.6464890459207164,9.408073647281167,7.019268167994167,2.7529605955737355,-6.712757016683855,-0.3540151158421521,4.773528991406844,2.2750466802705045,3.650187050897593,-1.6850393408106483,1.4947642558938257,1.0123848424940458,3.977734829300296,4.957175308068762,-2.200254070077527,3.4601167100074623,-13.300928903884833,0.9884326137868381,-5.249176193917191,-0.11720031222948624,0.6965127541938674,5.988666166923671,2.5243638945594835,4.9318773558493385,-3.684594494632818,4.106210348603077,-2.37977817915201,-2.571216263947043,-4.85523715766333,0.19374631492909847,3.8094513635143024,2.1005299560659285,-4.107215922278841
3.6203739129836,28.86417816840694,27.94314178964075,-14.27169210191873,7.858355302868393,19.58224262814131,14.193361293874974,-4.007210389189859,-3.0204295863610753,4.86148394656742,0.7983296767067247,-8.73330695749996,4.426464466407112,0.0666650839119614,-3.409857550625922,0.752931265147814,-4.4287218578758285,-1.354865490362057,7.570665264941878,10.0080299510356,-4.836682535963844,-3.1572875062144425,-3.353564306809759,-1.2509849335705356,-3.7467705548580637,-3.9917813728143505,5.435696991655432,1.0435536081681107,1.8725188410672808,0.8782603545964494,-2.152611056322956,2.3093410042498475,1.3472557434344703,-4.36343246015097,0.8018172426975253,2.0923609077570573,-2.8512147335392144,1.8877864456488715,2.1068529743246622,2.0159902573764863,-5.879004628103233,4.977263233985325,-0.6602400331817737,-4.346557422207095,0.5804930093409107,-1.7171692980598818,0.9038224180802744,0.6861928992772023,1.4126645062822913,-2.121825325703965
9.384477404867912,24.726420131481902,16.536185144274853,-0.8969384274550527,0.744430058059665,24.29436250806203,4.057023751641368,3.0530612468348233,-1.8855844208330879,15.937966659693213,-16.506183028895336,3.5146616704522198,-12.58823149014153,4.637577069431785,-3.7009988346689737,1.1985160854082515,9.885075781787249,7.783541319170177,-4.979213823215354,-6.633971438249803,4.888649599010209,-2.5379533433232533,2.3520700661853873,1.8203979096050498,7.875588215132495,-5.747021021170568,0.4331039096838767,-0.5515430193644111,-7.845222532719909,2.2088403332909676,0.704366766782137,-0.8002214465793073,-3.158551074515472,2.150664489775864,6.143058194118023,1.737909167328247,-0.8893092589182638,-5.419198458287156,3.6927863406917516,0.4675901676844299,9.642936423970843,-2.8646214352826784,7.053336369567814,-5.1615965308698835,6.849507283859084,1.8270562993152406,-0.9561767396131843,-0.1432663449976749,-3.4531512099874777,2.7281997589125897
-33.57614398951149,-53.03548457376908,-24.035809498907067,17.046502143146633,16.197396928244636,29.589099098940142,11.417913850593234,3.068076470791226,16.552909636578992,3.264668152390987,0.049278353764411524,2.998996660687717,4.765767952220232,3.3306801747666808,-0.5166761317087298,-1.544151105091633,-4.520479526388777,5.66047867937972,6.575171229926077,-3.28053918844496,-1.6190842898647564,1.7086113394045774,-5.06215386531421,-5.706382966935893,2.615736908517711,-0.8933011705290612,-1.6455049258827241,-0.7765097194768837,1.646583272388682,-4.183214058535216,7.312870838127093,1.5126090092832085,1.355511249962733,4.534168427035338,-0.78569585126742,-3.906770147456167,1.2727236459501994,-1.2160698747427006,0.41907270033753824,5.9526598380576505,-7.173904349875024,6.5218420533240895,-0.6814923049427442,2.085607981494455,-0.8962040585673182,-2.905674621572379,6.296483349391014,0.4600830637134864,-3.9568503054085555,1.1236927868166522
10.609316816039605,14.61150648501599,32.90289773934087,-5.842361340281921,1.4229490651856027,12.099653452900256,3.420679351970487,-3.4278231281477507,17.867941086868722,9.840468754829097,-1.8760624317696781,19.74454382807127,-1.1800461584258104,-16.301138741266858,-7.278033429152516,-6.969452753479599,7.70984406671004,-2.3448433171841248,2.3093963129739397,-3.9722098677665376,-1.802100236982005,6.3930534747111905,2.6616488906763363,5.380564637449412,-3.0548630374521006,3.7837713701856073,-1.9897900392774466,-5.732196654972519,0.9434005203393773,-4.359187507120227,-0.7351372265494429,3.036066644875811,-7.047961029474768,-6.3951535397861585,-3.626091474878966,0.90080880320346,-4.838891517743424,-3.151666633943127,-4.118194114266991,4.728442892800882,-3.6379492429446474,-6.882423992416022,4.323554233960783,1.1706375198147654,2.8041868156407554,-0.5059115240619575,-0.8736790756493255,1.0972233464149355,1.4883988647564892,0.21673713735736183
-36.06728304048521,5.373430946534677,16.212311417926827,-25.7449951558645,-64.17772912084536,-10.024066718926806,-0.782482550858334,-39.490331606957085,9.073269588388982,-5.128508870313672,-0.4344140750399596,0.15767884973480367,3.453101369983787,-1.1296139974170816,1.954814106905387,2.935053352077647,-4.016832547499977,-4.347457804735441,4.038801885997558,7.661415256666708,1.8015567950307776,-5.536541187749776,6.606606541265215,-0.7823465659299693,-1.814032531767957,-3.2492567362135425,-8.525424533818613,-4.296689535715134,-7.1347155376811555,1.8368398606552288,4.365070539387721,-4.895733509037734,8.345485414610934,-1.0045610235809348,-3.098419256262639,2.751767360042985,3.109480245984688,4.144081108305239,1.3560038080956531,-3.316243854242759,-6.402800861950348,1.07040623399946,1.4742332006407308,11.309384785231458,-8.800227716041235,-0.5601767054550751,-4.858321062665126,2.582676281464452,-3.2740038009392,3.0951163562214945
-35.793842599998094,37.249987290818986,-44.40323170094514,-4.452682261006991,-6.442487523468399,-11.669400108309532,2.459251813670616,24.702080407173682,-4.864313018524629,-11.285483726576867,-9.172431146381275,-11.690061231773923,5.72631281712436,3.2154530798693615,12.54509379711246,11.228522385544682,16.80506896821916,5.85811668816494,3.6009158475186256,4.41297037571962,3.4960546184343015,-4.833041497769045,11.221480789888044,-4.3088190848237735,-3.9849468449844774,-2.120274935953445,-1.9217504719504372,-3.5232432118509354,10.572099781415899,2.2107078777245492,12.459113083214373,3.1499142472864423,-3.6408906167300716,7.836954980624428,-0.5844011204181729,9.081891169667442,-9.148941254203102,4.873508453791727,-9.586154277034195,-1.6468746692631413,0.06135515137442333,-3.0669871158217274,1.3325397867862625,-2.7578229885522836,1.2485253374072152,-1.7593827235326718,-6.808078972682965,6.818971372599595,6.959816004780907,0.11381277634746075
-30.650069954140772,3.0580311982401147,25.581513946367085,-37.153973454803534,-7.057651405378655,-14.495499664402184,5.647737208790349,4.140923152177918,-3.666326264262086,-19.80294078994908,6.863718597490754,4.485751947310158,2.0503109631635414,-6.049745468212497,9.85226089211746,-11.29310289115098,-3.1635709699390206,1.95484102001753,-2.1710674779763237,-1.9829746762519727,1.1876564632671742,9.193886937234577,1.252308482768646,-9.213996646218668,-2.584699859581655,0.18360857940643494,5.493008732136218,-5.379541032156978,-0.7462699561340683,-5.769417243154108,-1.7262546665076524,0.9666400537391315,-8.985385852858418,-1.9578973551600938,-2.0663711826206703,2.448493022636389,3.742949248806445,0.8627966030100941,-4.157705715407327,0.40660493531927006,9.473523976197596,3.0306931183710732,2.2858441925880033,6.979542252282297,-5.252940300246328,0.07023576593659378,-1.2087059735805314,-4.896614835218444,-0.6605128644811228,2.895467688248011
62.72281821319075,-22.142649683696764,-29.30523355995179,-36.44566377952856,10.454564410476701,-6.440729900467805,-4.630720790085811,-17.24380772484136,-5.430494291161595,3.8395208547247375,-5.572753832669102,7.589098537725391,6.385034257614507,16.67463612422858,7.347679172320473,-7.27718647481078,-0.6252918102647298,0.5996303103598308,0.36302592266761036,-1.3196389560799726,-6.162263076433711,-1.1187249044709537,-0.5076304258941001,5.398913954706013,2.1027775973332914,-3.2200193938263393,-0.10314122001510288,0.0521291155458965,1.7707590788772127,-3.435866961951715,-2.0329633213908505,-6.475386988906142,-4.65047475050295,2.1529431773200387,-2.606329135080513,-3.5011745878252043,-2.721075424832845,-1.6106989259953977,-1.1265498535441056,-4.888224828080471,-3.7128033563441734,-0.35974682661976526,-0.9304706867949346,0.8871882443959825,1.8071852060612574,1.8099606795163516,3.625333315110423,0.9888787819313952,0.23560038647839252,-0.4435679731860712
2.2405862091093596,-7.475659535184716,22.794362708862174,34.86461255120685,8.313844538658765,-3.8434789243579557,-3.101825362909948,-5.749129873989054,-10.419139750981165,9.788789906765345,25.621582974453702,6.9592814180209475,-4.482710808252705,6.309891209235252,12.88533970373183,-14.129211920967123,21.77730332996417,-18.488031752445213,-22.923626317830948,8.629394794302705,0.7120100745231693,15.585671620239653,-12.718951354655216,-16.750583568118085,7.34308250808802,3.8135577981575395,-4.607420577993991,10.827310613334168,6.612892212520652,-0.3297938388835938,6.042083107476151,5.546216080313938,5.850852653354909,1.713355264663666,-6.840020374073645,-5.624646486759583,-8.075992347320534,-3.977258330787896,4.574016898886016,-0.24538648894490864,-1.4813826536424834,-6.76429687826394,4.7263300480170205,-3.1241646950798274,9.638828858213783,9.933421202903864,-9.718405911180335,0.573060229057678,0.8071109861396601,1.9202199008058316
12.244037838076999,11.430343278292167,38.40501253472291,-5.150061374407721,2.7047020730215525,17.096534818375314,-4.440150459559227,-2.3769977938606535,11.259665124178941,-5.562998572528027,-3.0049914374794646,0.36861803772116947,-14.510181444746369,-16.897941351205,5.686657116068057,-3.634600643791237,0.6883944443752684,2.0943789928493537,-0.7921733858250137,-4.868741691740662,1.5598321173559113,-5.193942495103937,3.76972369242741,-3.822592581307051,-5.230056205474509,6.487499431694865,9.315852571985783,-5.135098557818058,-0.10657797265759505,-3.926574886625615,2.5259988973116183,-2.3290152335037706,4.8147616590788145,-4.684442992310132,4.3578269009413555,-2.8714234939067347,-2.480644986693229,-1.1574531115247766,-5.947077837954924,-0.8260896664171836,-3.6270574207780935,0.018031694224304163,4.922026511224405,-0.7254028317160072,-1.8035300004595711,-3.9142137127902923,2.0263084523645594,3.0529634537810733,5.569375866772503,2.264765366691993
-9.073281331603082,-34.06738412095277,18.70663750492404,20.33326827146599,-8.063449051790336,-42.07123134296058,-15.888431044110565,-32.75113140650384,5.125292907775889,-2.8460367372456163,-2.0398137769046754,-21.678729044190632,-10.866585315595486,-19.839100657527275,0.9423008963550736,-17.899011072926047,1.018005487918202,4.406528113086508,21.4498841207252,-10.540728083848263,-6.228491404261875,-16.8024913528654,14.51253676778765,9.026245853373423,5.388210999454492,9.602699379751982,3.5323771027594297,3.4030385158460867,-0.4216785076011004,2.2790538265749896,5.493018042438159,4.170329532573335,-1.1510190176167516,-0.7019640199523531,-6.676706137876905,5.66849548639553,7.21269496007615,5.956265650100223,-1.8623375008450922,1.3913938181058314,10.146491765924713,-2.228173534642185,2.687944751692308,-3.9134227180301684,-1.589363048696543,-2.772815482166267,-0.1830135066014983,-7.2442565090793245,-16.796530191582864,0.6627871968150639
60.587098070224286,-21.180862678877073,-30.732384459506143,-36.40617285962152,10.756913143577481,-4.354083538207406,1.9365751774966498,-6.769381832087274,-1.119888574818979,6.816774028087498,-12.58601125683562,4.2486320211060855,4.703422184182937,16.91846753186111,2.109868074885752,-13.862390976546546,-0.8231315152732714,-1.2861703647103278,-2.365897898316986,0.7106070972168373,-2.9912903844630487,0.877125670346275,0.2858298072699027,6.856207776794858,-2.2868947802868838,-2.227873704200257,-1.8688106090779169,-3.7902804747891214,0.3241413575231388,-2.775464940071445,-2.2803532962902078,-0.6627600989506257,-4.297635762774233,0.29672404782583284,-1.9956027382136858,1.6745766694232023,-0.5506309335152205,-4.723484895725348,-3.3465328214885774,-3.4465478336301323,-2.5055589503632385,-1.7649251752150252,4.677105520707003,-1.121043108329324,1.9118334413693316,-1.6332102311436483,0.8023452169234856,-4.085759537840237,1.1914641624366873,-2.388537143695054
9.074358743943625,40.81459959191779,-17.835847382582433,27.675775008968216,6.675661484370968,4.7283996321357815,-3.936582062021737,10.329771195387773,23.86641429030436,-0.7136036561380426,8.32225415745759,0.49674270520355585,2.148829080056153,1.7029052593863379,-0.039458928407419096,-3.4203246109355647,-6.144680119524096,-6.946942036790297,0.9187112766646951,-7.607135180392453,-2.162651345253599,-0.7653721981388252,2.173169543060914,-1.0279591868064066,0.7919564396884266,-1.0153415704819246,-1.7341043338548765,0.6889820086005154,-5.244061750097438,-8.269134942039532,-5.516157714300218,-0.1371477769644234,-0.7767042747139768,-1.769173819349472,3.938294841251785,-1.6391087129920419,1.3322894076399783,-0.9149962778580739,-1.0858750630046372,1.0887063378422273,1.631953998668049,0.9384728833645902,2.687468461765605,-2.4179697991786964,0.92533456642206,0.8382328476643984,2.0897307622280588,4.833942447869204,0.1241898635842378,-1.0817792484260853
-15.658691529912133,53.04361102360111,-42.46354292961526,7.760703345183975,24.661852200049605,-2.7321946184094914,1.0220494617755072,8.088996847543747,-1.6001288887254745,13.175888537696855,19.423772985284643,3.674841931906337,-2.1681772923168405,0.17230477433760275,-5.399956889768787,-6.980496414688943,-9.30441321158896,-10.535637730080937,5.318731398889804,-14.01712665506606,1.229614588868173,-6.278294571513646,-0.8049258647806408,-5.883113085405496,-2.3679680979422835,-7.128272342885219,-0.11537632549823762,9.482016874145987,-3.9630035002665744,-5.343094966797112,-5.155175325222535,-0.281185928637633,1.246045254107973,-0.9712074298397917,0.9673613618468323,1.5822723154545115,0.7539397318446351,-1.0677125241549283,1.8176115325813014,1.6961597581606944,4.32559786342487,0.685877631524876,9.06359637255487,-5.310946299047805,-2.6553312250449728,-5.2784279814401645,-0.10268605430695739,1.8693664430306434,-2.0166278556889843,-1.7422348168068185
-6.4955255131067,-24.323908605467402,13.284437658049075,18.788278436103283,19.41418989778196,-17.80623466793368,-2.398709417423972,-22.374989652319798,-12.398980418266035,-2.5696079601796087,-17.138228859642073,-5.679046669891863,-10.475606508978863,1.385399361020917,-4.348826507811429,13.877827113118078,-2.244945459435506,-4.427555174489818,0.6331312807352596,-6.81500301552908,-7.932153275502371,7.186930485680952,1.4516826620751628,-2.4915721325199685,-7.886204874249618,-2.5728222064092545,2.138296590715359,-6.649596646006144,9.031952605954487,-2.606758708468006,-5.768900437222308,-3.747485606162185,6.406013244829119,6.64943851478321,17.58728318900334,0.15358485084902793,-8.679597509811545,-0.9862866430232521,0.6328123910734791,0.36093974459326855,-0.04805124683846195,-4.156638418683981,1.8184928051618519,0.9162009438812875,-0.8720572441049785,4.010722536215871,-0.13596036653045676,-6.321900405269412,2.960247621049052,-2.4107410258649056
-12.38106549508849,15.415828025809082,33.62292672170179,-24.439870467044795,0.03350715811570717,0.47309503357802835,10.062540562917647,-12.417229370453413,9.440044991510716,0.9037913147550638,15.50834643341122,-5.808840559732373,3.006362402668342,4.565372528207812,3.0957641933893933,2.439009873377742,-7.279212323788287,3.9246483405282353,-1.0598622776191484,5.1686656485424365,-6.90140801744216,-2.120157814600668,-2.240650585064921,2.8839378076268116,9.580498802343525,-5.90229679727808,-4.441360554104684,-7.5206080787699205,6.013688314814824,1.6178617671858961,-1.1607892321168545,-7.0885793202849365,-0.6645734997393835,-1.995514895676264,1.6635393030098384,-1.4410386874118457,-3.1137083674304944,2.3224475088779823,0.009318769084832567,-1.5475133750028611,1.263825723960718,7.043735015220118,1.757126096115415,3.9511388730597945,-3.530211937820825,-3.6181482609416395,2.7795614087397587,9.562145802650512,2.084782805584852,-3.068315653512674
64.77064454037018,-24.23944341842642,-12.869153949648336,-9.303231204819127,-1.0046714756366038,-1.1938543454946493,0.9191728991538397,4.019459704472807,17.973492422697614,-2.304739131157084,6.105213795104258,1.4761141508145799,-2.425903364698111,-0.7391553859116702,3.393155832310871,1.7013098044433512,-1.0740598709167808,4.213765026825912,0.6454781246012815,2.2403076660656707,-2.7392926870168637,4.248299768034353,3.694720628330279,-1.187355554635993,-4.8469727159525995,3.1893925552194653,-0.37999389982982046,-3.0940312301856663,-2.6905886827556653,-0.26505754140776655,2.1295564849755926,9.263030253260185,4.5412020122287915,1.5622396942253716,5.344098764625944,6.671775996218831,0.6807918467928723,5.555919175944637,-5.498124575817459,0.7860155212673553,2.746892481482734,0.09297632264548181,-2.6767145507112153,0.9009662662147977,0.463065183619399,-1.955782164589978,1.6437139110938888,-1.6615791170476377,0.41464602847315274,-5.203403123860888
-34.546605548564,0.6970296909893782,16.42516677525813,-29.707144308216524,21.476023893279876,-14.504520530962699,-7.461744037759381,1.365423650357488,3.013362071737332,-6.997483471259506,-11.20512362725176,12.882739693607984,-26.557021869384975,11.516380379905575,11.74371596156962,4.38108906398447,3.67166327979117,5.614842697525917,-16.71059274226811,-16.150962266280768,8.119597886027906,-13.50754027622842,-0.36090136244400584,-9.492581455324363,3.3462284159502618,2.587369373177423,11.395071871215515,2.727858820945462,-12.358323520742909,8.852746708078772,2.0857853449439983,-0.3127478631428316,1.8413726502727008,4.127358226169785,0.1277099592297711,2.543267555755163,5.410822385124566,-12.616543357030725,10.726294414888521,3.2306419924768073,-0.966671914279205,7.454771859804544,1.3445684667267856,-8.102025379746047,7.003505040989511,1.7957881137184852,-1.679005161079945,-0.7293833225949798,6.517263645485325,1.6439616911849169
-9.161939693666222,-17.23356690308188,32.63165434488698,6.003069057372318,4.6496777583909905,-11.805117390102227,-45.845895647956425,14.053933093505472,18.07488870243553,15.296588938620612,-1.018866656004817,2.601259640881022,6.562597413453936,-1.8409622275089774,5.972154963633248,-0.08037092418089899,-2.8151109108029924,-2.658509936092882,-5.306435203641068,-1.138824752450735,-3.631709870188841,0.1378494188146758,-1.4697396308398982,-1.5493076093202693,8.316707595573742,-1.515704000603139,-0.08795659529801016,-4.714156402797251,4.812905766555455,0.03023081731986592,-8.326714578520692,-7.996153852700645,5.6219490205651015,3.6269474795022436,-1.4601939232743468,3.665466441068647,2.929566487717732,5.263385404399438,-0.916752198910207,0.39635476106226475,-2.023942346873246,5.694927742068989,3.0943271198419726,-0.1268463653060375,-0.7052272320694174,2.6489941091407867,2.142233451174288,-0.0703914537235151,4.141864249452823,4.79246181787894
-5.44030079127151,13.21672892872873,26.85400028289572,-19.359404715540975,12.57915277104602,14.338951281489825,-2.00745948693435,-16.152893957072155,-4.005719905545295,-0.3742675058730795,-7.452438973897248,-4.967033073913853,-0.4806785816949538,-0.6098512577642999,-4.252260982884171,5.205935511701482,-0.11103623652855296,0.29070162683231165,2.3712284069654803,7.152796224535407,1.3320721507992535,-3.0779688020138405,0.33401854101800815,4.044567040490589,1.0972336306396075,-1.8263184647464694,-9.737609771004124,-3.5014363317838058,-0.6070196674983345,-4.227514963990676,-4.565208886988206,3.205815833755292,-1.2745005503688611,-4.555268736154911,0.7603414974392099,2.4100211603172563,1.7523443628078916,-2.6652552628153496,-2.0391203406236773,-1.1726082744747712,-4.993489388781846,-1.266021100798459,2.818083563925835,4.566462818916729,-8.843948306377518,-1.2791644878600026,-4.02595170265078,-3.057527408385993,-2.1508981369980518,-3.717116813999103
-17.226776428799134,60.51262242218899,-53.97329123611914,8.854254479730182,-0.4440818917107778,-3.725610724349441,-3.097066163999104,-3.9507494158659937,-6.459713411854772,11.557397935179884,8.893624447468365,1.2189014681144066,2.146547954026097,2.0080066730832713,-7.5227690173572865,-6.498918756509398,-9.661287373708927,-12.306224391099077,2.529894588233,-11.332051703720621,-0.37122562368703305,-2.6093336684946755,-8.35745008303576,-2.543784032377037,0.2157763655726386,-6.429663382904199,-1.590997512680533,0.8114282435830722,-9.531413763253905,-5.790220985899828,-13.19963695580072,-0.21784766912201697,0.22012099043959793,-3.428365890260897,5.614136875234784,3.715812263928268,5.8821936231366285,-3.7272174592137413,3.8078550861337535,-0.8675524841471864,-2.3803958930281004,-5.725040192128223,2.5471221752936337,0.19476943634383717,-2.095576007853036,-2.478235260263391,2.6047731084260866,-0.15343562677156314,2.585519236583662,-3.362092639030214
8.051602881616907,34.38507786400016,20.056292360637894,-4.002971039139832,-3.10559958067204,28.769543468199323,5.719978005273831,-3.912380669701119,-10.555161293807531,18.204621639733208,-7.4963812470999,0.499719620297793,5.291961759156637,1.7733941039174599,-5.629964338262516,7.8901848695209535,2.9651001006723496,-1.4210547431576295,6.866172209596515,5.209543802814544,-3.556925979516653,-9.42847683481263,-7.555808741610719,2.2936912027906233,-7.447564473865388,3.105120089572907,2.5271842629396657,6.200770044070657,4.395150261038405,-4.040930694216183,-3.1405239923215715,0.08578992080125217,0.43243158722993696,-3.1035077178949435,-4.006248655489568,0.8920705018619747,2.3487786054747386,-1.8015615944504757,3.4913299777819664,2.671748291018678,-0.6607843891629898,-5.0921711996781935,-3.390695211377325,-1.5861647003728199,-1.7327676173450295,4.912064823546311,-0.14582262819179165,-2.011416446738727,0.8529543822885116,-0.3173907240271259
-79.47522509088473,-61.07061444081028,-45.79653895072908,-15.982231416030755,-15.330635901540475,13.543494968993189,10.582526005532866,8.978621506892143,-17.53103836057425,11.665988173974775,6.1665364818275155,1.6650963295186167,-4.468376473250218,-8.033240971494411,4.9985303995110035,-6.5701199014156195,5.893053008199541,14.652449539526973,2.3200685446634206,-4.587909755905821,4.219720345609162,-1.2912735961037451,-7.578445918626669,-2.49924816476694,-3.514274905464965,-5.701910714563149,-6.040801057908623,-3.3025020337562285,-2.613660976299793,0.10159401320212201,-2.697109419399595,2.5781415857506187,7.261090579364116,1.466861414845275,4.606937033582848,-2.746912652207441,-2.0374262997413513,-0.37886643285706395,-11.812094720350004,-4.640833395913791,1.2854016268387083,3.0493701284767405,-1.5367891160931093,3.51043552044413,-4.149961178127118,3.981637059747418,-4.011242064224921,5.343254274559621,-0.2337452505757096,3.064548753715216
52.46373832438619,-22.059797213954425,-45.362171274101634,-26.501502780827707,-42.308193203683395,-9.949677478399677,14.345709601503017,10.970743342723324,-6.9881379547079545,14.109173307979079,-13.895810709924142,-9.051891255498484,-0.8282028611091279,14.596712178646612,3.7401568540230117,-13.18963646872871,1.1135203145450774,-7.025140523303311,1.9337653454481685,2.516532389607352,-5.489595723016338,-6.417487495037814,-6.1458747733561525,-0.5642265595589663,-3.709844650696929,0.9199175406623179,3.9633050641548304,-3.753366947200045,4.283131154285785,2.2875421219528587,-3.864075332840071,-4.351669875950268,-4.331811888026647,1.2691086985948665,-5.604034523569856,-7.427696120429962,-6.369110958577174,-9.003474994113725,2.3704220854629257,-5.623610881232488,-0.5167366443460816,1.1751748628127867,2.0324655688654145,-0.11480854205303659,2.251553288624627,-0.4790403754689315,-6.528170822163862,8.154059028267172,-1.3775602339620079,4.385864248908483
-8.587419613559879,-23.878377696657793,10.45715309371622,27.827859430628124,11.30490683358081,-4.39705638361657,2.2708700232820522,-1.5976586871958212,-20.03570895019592,-11.449536384272532,-0.9120231593035366,-4.0115668251702505,-11.229584353895074,0.0303972819588751,-2.3614389868896892,8.88975673319115,4.812662095591303,-15.674317452937895,-2.890288794100244,1.0687452007996296,-13.22919081959863,9.252552605686665,-1.126422754735492,-0.2427681275213417,-12.950882545080995,-0.020070967101722036,9.397712707627878,-9.019160472096447,1.2703627026717683,8.320281383091396,2.2153728211548938,-7.0891919773304295,11.72111507068766,9.639143705140544,5.11773227754482,-0.1498154614233084,-0.5623679799846593,-3.680703334410459,1.7573476422880512,2.7642566155434674,5.376909983119534,-5.571017794732432,0.65622990525991,0.9723172625552294,5.692205166670695,0.29738073211850896,-5.168315581497876,-4.065729686812451,-3.947823061837487,-5.836311344801024
59.79882126689008,-25.00818866410432,-14.551329584442659,-12.79696512216251,3.4702595236239917,-2.7426389336412815,-1.8196449595197652,1.4405070671031261,3.26632734813006,-4.096613404923812,24.223536787297817,6.452958181637558,6.965681730014982,-4.888308210882998,-3.333685037189323,14.282938744699846,6.315443195908929,6.795038495308306,-0.28097685827158353,-6.062301519495025,-6.600663815661132,1.4475092250101849,-3.520271926485257,4.807439473742959,2.0474720072373245,-3.9875865751737467,1.8816963166501202,1.3830790666787076,-1.490306815078717,0.4271663712656107,1.765395988537855,2.530541712092077,2.4332623537539284,-1.2568517610550396,-3.071803471256872,0.8979027372710465,0.8299490533288495,3.1463955484447164,-1.3756228668124746,1.3026599894959516,-3.5636542926356913,3.498480312357928,0.7227966618563222,-2.162033602958734,1.0576374058176687,-2.316479610200771,-0.4292632166379788,5.258574136537628,-1.7004643227888778,8.212041057539942
13.465309382024104,14.182131523874673,37.00910864873193,0.08854134099510862,12.453580773497453,15.249368985912891,4.629430309370064,-2.5497591475930155,24.325546689522913,4.510395807359784,-5.406268469375809,2.5191763281736512,4.50044156727957,2.936361155916084,-2.014238322318802,3.7728035815168623,3.97542363207042,-3.014377334070755,3.2247911038892334,4.74163492584696,-1.5009563639613233,-5.189739266989464,-9.753727848795625,-0.09842208639360585,-5.092804358398422,0.7167389219418641,-1.4384721579679374,3.018718882093058,9.602457511672297,4.8580823705284315,-3.8265947206639694,3.0414319636781304,-1.0440706431122306,-1.7148935404630379,0.404337392725111,-2.1874498549860033,1.2791418359084825,-3.9684197697677814,-4.036593201201007,1.8598396422549686,-4.41605299843559,1.4674955886676189,-2.5990832612933215,6.11116028916396,-4.015947000525632,4.259582861563809,0.4795354728319965,-2.0407204194322346,-2.577798287092404,0.16443747358940525
-24.127181659950633,-5.091731799207651,30.85568608780758,-19.61033737763174,-25.772451032100992,-15.73462565557552,-9.957766569674451,-7.061181805813919,33.0795066577948,-3.1839874912607167,0.024386900979054632,4.2320097249171,0.41482631854017377,-1.6037864652724236,13.311861846744206,-3.2729865367149924,-10.857525528255145,-0.0368709039737766,-3.871252419616019,-8.809445573416593,-4.89359594745105,1.289079508131121,-8.408732153813556,2.1842288399843817,-2.211245869608132,11.12242463602455,-1.9993647054476227,2.981378701830349,4.419007343926301,-7.478949901943858,2.8056566572444885,-7.140468200493881,0.8262367470718646,1.4914606960142367,1.6796114885308127,7.844373802777271,0.4636063787219305,-2.0217165432000996,-1.1259991169912467,4.4663893969988235,-6.043755427602797,-1.7888252714664847,-5.208936544506808,-8.166835184112319,-1.867684561370167,-1.6739565151220293,-4.432260449226936,5.318570927902498,8.285584488280012,-0.7753631392010428
-20.721331062235613,12.168714309542258,26.341319892644183,-32.72645415952664,-4.400633696902932,-3.3311876283158273,11.053229398564792,-18.304426114709617,10.171243149450746,0.1673279977854393,2.2633687361742174,7.716912212191969,6.288942005714278,4.82182845722841,-6.362144934554473,-5.339978209031216,-0.10924910493682999,-1.4580971964284737,6.470494988991343,-0.5494921275230208,-3.8172995413251067,3.0488394499119003,3.96394969456572,5.4900852665621205,-0.16015661023325165,-8.369634153594388,0.7687804248552602,7.114813289983812,-0.38836978886605256,1.772875280599241,1.6966703382060357,1.7890954950233127,-8.421214361105136,1.5877806604659612,-0.447259731855797,-1.1012558326509818,-5.282792241424085,-6.830679784324115,1.3088168513207648,-0.6712704899423937,-5.017658899425915,1.2461053369513655,-0.05528316945701251,-4.171132889438491,7.194215900010103,8.753211715173276,2.3037127067464938,-0.5142293210067097,5.077279126784418,-0.8631743838094645
-1.182746392555842,24.9495613191111,30.722990494469755,-21.905403208237683,11.298399294265504,14.91299833313575,7.786612399594766,2.2230422596531936,-5.3954246078403365,1.462708454066331,8.610883995106375,-7.182744304046123,-9.395994746055045,-14.204887794602266,3.7817294394359457,-6.170504830485754,-3.206741763246609,-1.2579248236206035,4.017301582498039,1.3563520764151562,-8.086420238293258,-2.782154532340021,1.9169947754107775,-1.7073122003116687,-7.249700468569729,-0.6370752475653085,9.889087312921115,0.675782752126973,3.124980318210687,-1.8345558212316933,-4.390872937022282,-0.10584097225634322,2.165522023964072,-0.13814651731656977,1.549901946620676,3.7158439837197346,-1.8831681659036323,1.8351459662537633,-0.9312761460561146,2.13956820066501,-5.572864783160119,2.5418210559736547,-8.62054317958502,-3.656474103883544,7.681500183052939,0.4966379277882943,-0.9651831466140789,1.8685852485856804,-4.003303864327506,0.2774104677311467
