PC1,PC2,PC3,PC4,PC5,PC6,PC7,PC8,PC9,PC10,PC11,PC12,PC13,PC14,PC15,PC16,PC17,PC18,PC19,PC20,PC21,PC22,PC23,PC24,PC25,PC26,PC27,PC28,PC29,PC30,PC31,PC32,PC33,PC34,PC35,PC36,PC37,PC38,PC39,PC40,PC41,PC42,PC43,PC44,PC45,PC46,PC47,PC48,PC49,PC50
-32.327929677929355,-8.577243022997884,14.541577253653784,-2.487755870889673,-30.271510339206202,-11.874788185070964,-36.11504237342314,36.8783613036091,-26.044098199264326,25.01321238602223,-0.8293717201831406,-11.293496750380347,11.248324846406364,7.857577833937588,-2.4418745015262626,1.2055064469776493,-10.693389077530917,7.131976267226541,5.519320864697433,2.803579165121358,-3.876660400371866,12.174819020609071,10.16948886588895,-0.4851871609898901,1.312816682463125,-1.62629658182621,11.133036237677779,-5.605598315487522,1.0405516706350324,-8.180765650273976,3.3693208528166205,6.7474850460979265,4.183894978677473,-6.653636196468944,1.2038876237915244,-2.3651613757305094,2.6878196895211715,10.390700006861369,-1.5318170540115084,-5.613214571508714,-13.55926568309356,4.96214146413395,5.247540400027474,4.976755283463743,-1.869351802921334,2.022060143983982,-15.16496200984724,2.5585235659915186,2.124990918033837,-2.1351535086221047
3.7165118726598156,-14.787452681603659,1.512643809778538,35.43211618535304,2.3512794788561506,-20.71402670575496,29.215159898214154,-6.058676101294562,-4.638846976821877,8.207472992926634,-17.184456330983195,1.506533666180601,-10.594199542149154,-4.285115688546574,-2.9242651459315763,14.773160653004528,-9.385706060992018,-7.3148405683536035,-6.154899557801737,-2.777943307538093,-5.529434060300164,1.1343412814441807,4.964003264681579,-6.387194289699388,-6.019516164163548,5.786042681918259,2.720630339507394,-5.306452248292413,-4.914901404809364,-0.5157401087801153,-5.580097310203247,0.7247865404122823,2.062494325093016,0.1545457843571921,0.46697238233282967,-0.38357675995573365,1.9114248586832656,3.5442144094285846,8.680170359791235,-1.4133262806533387,0.026823909900051648,-7.501856851011222,7.885581510104164,3.8171631476887034,-1.20219996806414,-3.9000252733420018,-1.908912419604731,1.5331269568530346,1.6244333118248722,-5.9152686192092645
57.486681882809364,-20.277981625416768,-37.08749617466651,-39.103110897271534,4.417667630190288,-11.946189738944565,-4.569869220167398,-20.471730621555533,-7.740548370436725,8.566422693567525,-0.279040580527602,4.238980100911538,-5.85299924876146,5.179536453549662,7.1531936960879685,-7.029635674439053,1.3797132478747387,0.29778961574669355,4.521423810947243,1.035646326165309,-1.749548952867175,-2.915216706567763,2.034855641096491,2.329873118935652,-1.9126248941608126,0.7905971082894132,7.244108720832938,11.826317920362488,3.7888289318648107,5.228658372781375,0.9803142756187276,-3.4972355144423863,1.7945623553988008,1.6604955837086623,-0.33186317052049785,-5.3493596809510615,3.087794597713432,0.6278140665014234,-2.7605296371815724,-6.6980325304298525,2.195605137680062,-2.6137208081037153,1.8089100119101176,0.031565147755321966,-3.3384221745178215,4.7398878233921,0.41484892816236213,0.18122609830611558,0.6462127489252308,-2.2254577728186993
-15.804103164846085,16.463141820638796,24.792374597389973,-13.200558892575337,-1.7169116901265487,7.300127521639173,2.041553499320076,4.675052351542155,-10.016928491786656,-11.757397547725546,7.979991371693026,-9.735123638926547,1.6010573759185167,12.600478514803681,1.8597613316709232,-2.4373768793472346,-0.6460627780128124,4.5876730651936635,5.861379677336497,1.8743194138287287,-5.859039364612315,-3.1285257698737023,-3.4086339360636986,-0.3118693089620672,-5.041623809349155,4.590801512678063,7.283825414557427,3.331906899276625,-3.4265067775592444,4.362505339017561,0.3233921139999938,-6.860911950829353,-5.693566206367422,4.761290748478226,3.4126047953099317,2.912612217140307,-2.6249600381852303,2.6592978736189736,2.6505083660325597,0.04737590552250286,8.895471665322052,1.5386498394134425,6.95167503048449,1.9253996301883698,-11.241179371523312,-2.1157589461210846,-5.433006148981123,5.243610076376075,-3.0799156794070095,3.834234945473898
-48.574849953290595,-64.10175365109988,-27.83096111594288,-1.192617468062434,16.511158280684455,18.775470459991652,-1.7513535117352201,-3.7051269582978548,6.914836131710638,-4.259584084713257,-15.381857682440176,-1.8772435006616013,2.300653801586634,-0.15084076529650942,5.856445175977352,3.500135532289063,-9.369382531808467,6.413122111544514,9.408460337402552,-4.777137173125049,-2.45493994214288,2.475664209702549,-8.35572126946502,-8.30460147268933,-5.63424688863967,2.396812045294485,-10.981237742659014,-6.92603883429261,-0.30799489121259305,7.8397653244177485,-8.059762465794352,4.172912326260659,1.7400119238248937,4.1124304453938185,-6.1232384922412155,-5.871685483472413,-2.524925809095569,-1.8181788539985202,-4.831679005185086,4.295032345473959,1.4483563479987138,-0.11478471849984402,0.3478531641614959,0.684664142076695,0.9823164524874021,-2.43092549151614,-6.933886739567387,-1.3117175061457218,1.7661089924750313,5.136337981877993
7.129691636649196,-5.187773700602211,24.061905668857595,37.1252955267707,-11.774369559675534,-3.8301004794203264,2.975084424184482,10.553433632583143,-12.178568642372918,-6.365371242752467,3.6809753875937,-10.540485944310413,3.2400674315428093,0.4470044554582867,13.34439503649829,-2.9666064093702382,-6.283580636108131,4.543433537359682,2.310242070751796,-5.598537375622337,0.4309681179074583,-12.433902511906826,3.1044272218041953,10.0941089896199,-5.242771387804115,-6.891303716383172,0.4189236110907916,1.8020672664913453,-5.217373587426041,3.4467374407103275,-0.03353200101885644,7.689098234340066,5.631257928082538,1.2433130942282193,-1.3341111633535119,-6.653066986910498,-7.431120731205763,2.045032626082703,4.934285383251763,-0.9683741717742332,0.2646644855246107,5.332572925277241,-2.5730313770519797,0.015691582468833218,3.071535389927117,3.0839208608811424,-2.162135755900252,5.195338718900386,1.5812701152074204,4.57791421559853
-10.12973847429636,40.54909993083592,-33.30557005779537,14.84166587420037,17.17140970236768,0.012451368369162373,-6.265567714557709,-8.45669894180452,0.02011263808373946,-7.79561476133607,5.271872011244819,13.301571726569405,10.426095460008934,6.743009583869617,5.777947206229494,-2.6556438581604773,8.05120843162325,-3.3532626836283814,-4.232635106118676,4.466837075542239,0.24024999244432874,-1.7154950296240632,-1.894076439917943,-3.546047250001453,2.970932261771062,0.3275367457737851,-0.9708195450087812,-2.5164780009830428,5.732067487567686,-3.374170523879663,-4.951418109524088,-4.244549631001261,-4.4281139656341,-8.883690065838945,1.7723304956598398,-8.1153416399742,4.130428263017802,4.208025958628219,-4.6431697192889985,1.1830398736809449,2.2405375985920646,-7.198493956375797,3.5130182472617113,-0.4413383470586757,-0.5784172637336602,-3.8812609860326543,2.078488436037748,-3.5240137678276913,-0.6216349180482807,4.0584915995479545
-16.43980170039937,40.33094363208853,-26.38700597997255,9.031856099301482,19.313262674037915,-12.459001347210046,0.22765737898888141,4.186214558838254,5.405002912287504,-3.2123797379890724,16.545320505643428,2.838380084340167,-7.485711708057363,3.203912884519871,15.954543030524565,-0.9820237713144062,12.247110807538714,3.671377022660297,-2.6188140755151443,0.38017635788622317,-4.815802881080123,5.242501707063637,1.4492592977631127,-6.483272696651922,5.289963438718337,-6.316518085996315,0.1681312479176503,-1.0272071222020531,4.589605849156208,2.9674811087637925,8.207941702263318,-2.228498666679909,7.662970826959371,5.594362793197628,-10.529551786846966,1.4294559477130857,-5.59246060885026,3.9747184491038072,0.3274014978536099,-0.7002636862688529,-4.864396097864218,4.542530248266094,1.9036186340286827,-2.0984506559803866,2.46356255205739,2.5524030964917293,-1.3930558891238747,-0.6675035398579564,2.0709038175598313,2.2918327924308
66.69152304516209,-30.834750088112877,-21.435870212257328,-26.244959919148215,9.424904185257228,-10.550213849860505,2.748261719699178,6.003997435132249,22.65143572453619,1.3571390721626604,-3.985384628039964,1.3875242090696867,1.6792396830493823,7.072994569139384,5.790596702263598,-9.347670576882374,-2.2977424969604296,-0.7677358272035995,3.3513661901817495,1.9446668309203834,-1.227514704392271,-2.1873768877451485,-1.3694077201935624,1.7644556846470913,2.52708792754389,-1.720888264633972,-1.295097482352854,-2.0236186355180736,-0.9703277581056552,-4.181581734186764,0.146236754674059,-1.4027418422675015,-3.48030549512631,-2.140386668412481,-1.2980957454403452,0.17741824415201266,-0.40425734981247097,2.6809160863017487,4.2106337269630645,-0.9146984684718702,-1.2999907788121174,1.056757674758553,-2.153438255443487,2.0070546906084332,1.3327111277420614,2.0046589015043454,-5.151316968752029,-4.472690511961556,-2.2824967311021056,-3.1066638427007143
56.339028427076514,-11.024719834999681,-11.365193278688267,-7.277079069538146,-17.55670196404169,8.000589870372739,-8.470346083752856,2.3480580774195783,-19.19836876269141,-15.472399579870888,0.4304529854608781,-4.59010977260158,2.8763934298766505,-4.953176379061802,-4.144222591024643,11.047533869767246,11.898281028476196,-4.142959308092967,3.436284036072442,-9.91505542071526,-4.967780643694019,-1.179767411197896,-9.096167600238878,-2.979021001475347,14.526000210385199,1.6532133095291155,-3.757394638092502,0.8049624963858678,2.5352939704495983,-8.357551856104095,4.345929645022961,-3.2014697258533458,9.689343354138828,-1.378573779127214,1.4003993614159007,-5.813199945324205,-5.551201229515473,-0.38920454341477084,-4.187095417770036,-0.4885584962832713,3.14123467260327,-1.9056632586869868,7.423642809224903,-0.3446761547424034,-0.09566221998502512,6.482843910999561,0.4462697793244388,-1.4859845235711264,13.813514528307966,1.3920464031209359
-17.776225007357677,48.49712128700911,-41.134762707096904,-2.966615931737207,31.911416008933738,-9.542677866290825,-6.908993188300579,-5.617273122825491,1.60496103326134,-3.8478197127801455,0.7390670819989468,3.081515445403633,1.2603189755034125,-0.09195020306069562,-3.214879696428784,-3.9828611633568944,-0.19604543301216026,1.11266634368773,-2.0484589739347934,-2.696294015150158,-1.1915511897267186,3.5684457331483252,-5.300999499258525,1.564366575103689,2.979165985676299,0.9771007777788625,-0.41561891916054755,-2.650383330901358,-3.5911589536278674,-5.128725424455848,-8.4686090585156,-1.605745919755276,-1.3590658475073298,-3.447370505550601,1.9200909713721936,0.4177440547228061,1.084717805995495,1.0798726415097122,-1.7479298029685235,0.35713147678287793,2.8262735687133906,3.23846130698001,4.724641541384266,-6.643984296444054,2.9424279518691994,-1.2442616297165803,-1.3201562124472508,-0.5519381986492066,1.2334540956580233,1.0751626880610239
-35.42257334071338,28.846550804024368,-34.993310706459496,4.13354124998275,-4.676160215021332,-20.515971178993812,-4.412890542604511,-4.720899285323266,18.82546207713944,-9.096166317615337,4.939606264007941,-2.6731322594477627,-8.157657099416081,7.9917176221904755,3.148439010630535,1.1605258971635166,12.172538107996267,8.181926564604781,-7.068310970727545,-1.57194599315036,-6.965166763333909,-4.019482973615989,4.479468468773495,-2.9709046059700817,-2.543058939083306,-7.3936511073721105,-0.04937529377391158,-1.5643945830357997,-1.6128888970291495,-1.8082918683942575,-8.119993649399234,2.324620847798811,8.583206994754567,8.995783988157315,2.453338414415623,-7.968436993632594,1.2566396433571525,1.963591329695824,2.728425610073221,-10.858866583347401,-0.8459735639455773,-1.1902916451080898,6.410444076033115,-10.022280806311532,0.4204608219944627,5.610394521865105,-5.284853825014272,3.6637298464162344,0.8374867113962113,-5.882809883073405
1.6358905672205595,9.635816071251538,36.044993665869505,11.686410009098926,-26.28653413388153,9.724800167623279,6.274896063861823,-0.8145765175259485,7.553462739723187,-10.79919924980733,9.66309060338573,10.013763144314904,-24.058705082816957,10.200438933086849,16.330199116448142,-9.727421981477764,3.817474488689471,4.702551567592398,-18.436110623088037,9.63769966795575,-0.3880842522310556,15.053171740254838,-9.74339153570868,-9.91925434134133,-2.195747693181034,-7.748560258756885,1.1041098730403838,12.464204983369028,0.3269177185562617,7.133143558803081,-5.379625851531524,7.701889103134062,5.567192541887847,-2.569036383704014,-9.351729479844296,0.07361598567371605,3.012079514492483,10.158811292057763,-6.179476252431748,0.9501875523098822,-4.247548505054021,-1.0636829381339443,5.283864703407557,-4.888447306879263,-5.541594765640808,-5.658436014099596,-5.812257790930643,5.0696768804271874,3.4513850766996694,-5.08189846009079
-12.128564357440682,43.681895912346654,-28.471578673267565,15.776112048210637,-12.99116592504912,-6.591583168798791,-9.707542685894879,-7.922570470015186,10.380439300476736,-8.643181135439452,0.8916650310180313,-0.2466186776418584,-7.2502144357101885,0.007329584116253702,-0.5091867300966211,-4.254547558426533,1.5424918619993517,9.416446942742672,-3.451978199980646,7.857700031116882,0.5549888800204493,8.867780178289314,-2.171829218350805,11.412228656362885,3.3309317111659125,9.71460788414609,0.8306392974922889,-5.401042944560699,-7.07036238203789,-0.6366473617930245,1.2139320252318937,1.2725507173872235,0.47898520672291917,-0.7338568159597368,1.4672037980158823,-7.757731853770618,1.561971284968476,-3.6385905765740576,2.0223372102822226,-3.3957223848793285,0.7926847675046409,-1.3398105728908105,0.6001104063302148,-2.47071591509023,-0.8494988834597135,6.439613927325904,1.0230472769410075,4.1741366036283685,-4.158770649086328,4.693849956071951
-13.854005438804238,-5.419123207534007,27.619790057077623,-7.421715191294001,-0.9714228746859379,-4.954317916637509,-20.32370102301017,-7.465594306700263,9.90176777382568,4.636436657316756,-4.413838003482299,-5.354590952980413,-12.83980509025994,14.204040210509394,-2.6733262602920695,2.571570565646618,-0.3489894929534074,9.05439753996544,-0.8771999548595897,-2.7705785152604423,2.398727884459909,0.18152324100384207,0.5316221128910162,1.802682926821384,-0.1851683925423183,4.8546145471592475,-7.392525017830588,1.3786306649703997,-2.2573373960219403,0.7485333164283129,3.620814044866973,-3.0442964331636375,8.066488919701378,0.31835781532616425,7.804688466552818,-0.13268849744241779,-5.812410640094254,3.9991182746698763,-1.056828149472744,6.4560179022389566,-1.8315200525037296,-6.899538743485718,0.36593877344981063,2.854218835785819,-6.4894529524311215,2.2763292605401775,-0.2653759092131413,-2.2732184022763797,-0.31792501952069285,-1.4216687676773927
58.19210981404318,-23.250383601452565,3.480173092826564,3.036351751058836,-3.6557084246068063,1.2321327077610864,-2.1819350673104134,21.874519304315783,18.306293730803482,-9.837391492603603,11.803835946068435,-7.5069496429481815,0.12802970182191395,-7.998146134091492,-5.938167216763658,8.41973832093599,0.2550317389896974,-0.18797400886913077,-7.006568758365731,-2.644866415897114,3.9591287865058287,1.7642793578292117,0.6780385658567215,0.11824754803883139,-3.5854901971117252,-11.686797727625693,0.8613966591328375,-3.312238720547934,0.3928514786993949,4.9921566537672515,-3.4682593500396366,4.175806187617848,-4.799836567987161,-1.1937825033297242,-3.7332525625069315,0.10992846889969896,1.4136423290550049,1.6774170263309447,-0.327813259309884,-1.6446414286289703,-3.769692929398389,1.6686492679520561,-2.5345777588926994,-0.5743003746577936,-1.8200072482031775,-9.654341910559596,0.17074249994561427,2.078564477871902,-7.420552087492316,0.418887640721756
-5.897353382806344,53.0606725673673,-36.68399227037229,21.678919711573744,-11.484019838647919,4.133019428681466,3.090697865642197,15.375947889634915,4.52976448031403,-3.4035647525514094,5.195363882030158,-6.132493486629792,-2.2262906575675347,2.1603161621431592,0.5249051126997313,-5.657955571862182,1.8217675121028432,0.6907367926501329,1.8034528378101784,-3.8909481720424224,-6.145106088358452,3.9634787597647003,1.9384302979239858,1.6821359838049699,-2.224235579672444,0.7197198512951406,2.1932958821099926,4.190629564559405,-3.523423810060126,-5.065220329748052,-8.535202213375232,-3.6757960282666526,-0.9153433044738272,-0.35154613301375104,6.591079365582562,-3.740748022609584,6.950358012615509,-6.280145290901541,-1.4299725491887205,-6.401708853034619,-1.7025840914193768,-1.985013637282172,-2.585991576510659,0.5885677150191325,-0.21721006830452716,-0.641596989377832,-3.1328010316403905,2.0376571361533484,2.3284199426330017,-1.0312541385971654
9.095846573003266,11.843116530810937,26.525575206974786,-3.442265113603447,22.77798121509997,21.210664630183174,-28.804681046503312,-16.807771457670864,-20.000938803714593,6.922132119204742,-6.065751826576135,-5.525179653157548,-22.381491397610507,1.5238991951623881,-0.5203024034200828,-2.633162016283707,-0.8811253762040179,1.5328272751604968,-2.9978902205672844,-1.5286551334914862,4.701435399989981,-6.45657301426609,-0.4793200821050042,-7.790821974765124,-2.2494994918908757,-4.487480759861136,3.711932694897047,7.661279700057136,-0.8901589362835868,-2.6211906443636344,-4.033931683413979,2.446434153564158,-0.8208668182291046,-1.1441151463470633,1.380699081748454,-0.43909406601542816,0.6343832440962378,3.129155378382919,3.770069603392893,5.746092303266286,4.752922032218727,3.1661974162907525,-1.6875858438390776,-2.8854193097422693,-6.672609966646666,2.088188109788319,-0.3093349198360276,1.0282936277688721,-5.150519017929683,-0.8171189802875324
-1.9802123061625545,36.13922738537962,-20.337151785725197,20.132724787135245,11.142378754792409,-6.141209935933333,2.124199991421531,18.592463858631472,27.838740982633436,1.7229387706166273,10.17739482290562,-5.482356154629046,-6.062925273428978,-0.5742784184186895,0.7222385839808766,-0.2710506275045299,0.8158203967058744,-4.605473161104753,6.074399471116376,-1.9683861296905278,-5.204095009780822,-0.5950975585322406,0.20068601940530945,-3.0225120264917624,0.23346694149335265,1.579657467804783,-2.445149765433869,-1.7539077435376198,-5.490319947144551,-3.715102232268597,-1.0771738283227186,0.5510957834750446,-1.912232596453367,-2.4813057896083928,4.124395681868854,-1.4820336916651355,-0.7273855247952993,-1.4570859813201391,-0.5882684330032222,-2.176257509881457,3.8505261125872785,0.07535219542302193,0.7853992601753627,-5.896052041899643,-0.022987711261119433,2.1593732661648626,-2.0534035691606842,3.8201870130625575,-1.0466061444727837,0.0762101569406907
67.64133867434958,-27.828284287428517,-27.48854148633398,-35.83884829913228,11.82621672691451,-10.8881872487114,-4.442661378440705,-18.565108914854793,9.635877931110784,2.8971079207193955,-2.8170347920164107,9.991663174266195,0.04200950665879638,15.174719907870177,8.997430297397367,-11.549941263354041,2.373289960738575,-2.006247064566392,0.5411783241850777,0.7269497850124584,-4.429136364405436,-0.45019528935440034,-0.12238369710094617,2.533700489762149,1.1697655303630468,-0.6024483149921324,1.2516734829459661,-0.7186877361532346,1.1583882578045803,-1.1951996568989638,-3.847988083357001,-3.028241086871446,-2.821123137602737,0.07695698360859686,-3.7398956744037055,-2.744322725606848,0.2966126083612209,3.215221162492371,5.470286663476077,-3.883641427966228,0.2327964003189243,-1.1688397577380456,-3.6775204108804527,-0.06765143058487401,1.2581557153359595,-1.6371519357525193,-2.3967459046898734,-2.788658842283677,1.2173085119189542,0.19083219437598478
10.034127896880584,-8.839779072209161,26.055574449980536,55.567501619366325,-29.152127147280478,-9.188074387594641,14.445199589266064,15.518684402513868,1.1364241228548755,-4.4614294800932965,13.581365671394073,-2.673197022386865,-3.7412169788424365,-1.3396632972131548,6.5716325807147085,-12.257969431533569,7.203332525313487,-2.086740860795165,-2.917110315091218,9.398300956756565,0.8914069440466517,1.719382909984489,-9.032302065036278,2.08711768357841,-3.1281959314188157,-11.142030591712173,3.122125661926417,4.699262633666966,-3.8091934567756303,7.624601360638606,3.65363312920595,3.959338248180007,2.335588958272261,4.783712721579071,-4.770113006305056,-4.906221551506237,7.89030974642423,-2.853070948894047,4.435225051013086,4.297324861399024,-4.484918899609681,13.749922388744354,-4.187483029899415,1.7948781717020474,-1.6620468128519015,2.0062761267418936,7.718839241291934,-2.0825411865991232,1.5504221136521286,0.666066553241819
-4.538091285167629,-15.410532167318893,2.167546078241451,34.332362788604115,1.6032497717248912,-25.36749705949542,19.432230223251228,-19.591575115180675,-9.57304406127501,18.333513666355795,-13.620099374166054,-2.078043920903284,-1.507625953667681,-2.3922528269209646,-10.981593970425749,7.394800845047817,2.191521492526367,-7.350777882117358,-4.618937048385235,-1.922590799061385,4.519582388697112,-0.6077916916288137,1.8293124883573042,-6.708004223540593,-0.30828402965781954,9.675085337400539,-0.5103347547341314,-8.2046528816635,7.1408299936613,-5.164504017506144,-1.6402609465559626,2.8666639382349963,-6.65087985853021,6.245105285267319,5.4991761671422745,-0.4580328441535681,1.3416787271656685,-2.129451922056258,3.9992686371829924,-2.6072348179371088,4.568163614872931,-4.602565591964155,-0.7176234541344725,2.183517285877551,-2.4200673562849184,1.7120242849000022,-0.6414125345844695,-2.5573063303936485,-1.533354034103684,1.4521268219403587
2.5891206261198136,-19.865789298135606,16.45927083871561,26.561062994387644,27.31495391323519,-21.733123029203476,8.109129990252018,-13.164693029498153,2.317463467366443,4.619696447983349,-9.980429507792648,4.843049366998752,0.9122084681028245,3.534390494838473,-6.7128593893245005,8.686289688377666,4.484868235079482,-4.605860079570854,-0.4043289514872912,-5.266781525388083,3.9453022365309054,2.698894067532117,1.1056506202870386,-2.580719542898692,-2.1735909925677497,2.8269847083315995,-0.6721998571193508,-11.980372072609823,4.31286593961186,-4.841312345329758,0.0400691534307919,-1.5020548864175132,-7.620162931011613,6.719809424546984,14.16947924532715,-2.0327466174892357,-6.365496970035942,4.85957186203391,1.8291338868582032,1.2581803640945115,5.0305079443391785,-6.119207336305749,5.742596966044564,-0.6991063861061032,-0.8412005038968626,1.3129221846316392,-2.8382792166160664,0.5736942331503734,-1.6316640295975091,-3.0113372821187516
-79.12993212586733,-74.30701438330901,-42.43017273794351,-7.843285752656538,-2.605394086116657,21.981247034020733,4.983692463832861,7.298246075535986,-6.8947357559255265,2.6998619755917628,-0.7033925400832268,-2.765493175823956,-1.330418011203866,-5.518730135940936,2.1716290826705182,-6.798979292961644,-0.45816730764721936,3.2654823542178333,3.3096259285925056,1.6842096372585438,-1.1433365180192003,3.4721061391050516,-13.504316401838075,-8.933711124806686,-1.4803782799726353,7.898524186596822,-6.2167079494871,-1.9924978878246153,10.193303694599111,-3.8002257883958372,-4.683756179843552,11.390342901652602,-6.6386786565424085,1.6331524354311489,-1.9049840634115303,6.4635758832690255,-3.9252280461006714,-7.821281274032547,-5.128200822341957,-0.40615397389341656,-7.819053768094699,1.1294024845181976,1.4880103469368322,-4.6102799671192916,-1.3377206773390764,-3.706882984361273,-4.941749965520576,8.802329040790948,-4.711273885140834,3.337513773082436
0.3081120940133555,47.4540849094881,-31.343110211472624,13.264223232163374,37.796475639425125,6.065330709504049,-11.712377303880409,-14.37378897556944,0.7797330533960738,7.306366348161415,10.161747285985749,8.121656518051012,0.7796841141929499,-1.2817137534638505,-1.961702612330581,-6.495207156780218,-5.4153885869337985,-12.741756771453243,0.4843572657297514,-10.743600231395682,2.8024535265562434,1.350415004754421,-1.8604334593001246,-2.274322580305772,2.692798420484085,-0.35576480606238975,-2.2573629426260853,2.2014975376264876,-0.11757775331970235,0.09200189810748484,2.2055414131269595,3.434339408314597,2.539368508202988,-0.2732973855190302,-2.732562669088678,2.97869802524688,-1.9765498167537434,2.787691883814781,-1.098028645937344,6.51371281921699,-3.4870052067464905,-6.093623200914233,-5.480656248439146,2.0382009620266595,3.096897914841832,-2.3706673724146152,-2.7017729939101907,2.3801990561415254,-1.1888578785642667,3.3964045430162493
-19.816221593017442,11.168689291327627,34.555183427209556,-25.236590316862603,0.15548724693386284,7.0771843831068235,8.010811513037122,-2.419006996206283,-14.078183839588768,-4.151916982446131,18.311431131251126,-13.775962506109426,2.5813266224976434,2.8150840804864163,1.227254797928982,-1.9640556262961366,-3.7331811127921632,-9.700180067512013,3.5563419311060263,6.485211557521205,-5.304988221350822,3.156459796136837,-1.17590883856225,5.736229769167403,-3.3449367108908774,-0.17776638383066234,-4.1596566607491265,1.8604213383775885,1.2704481224880193,-5.036868037291053,-1.5951538701407835,6.773715028887683,-4.939278095796778,8.501571209721405,0.8526027441088465,-0.27511406429669694,-0.6589235717729996,-2.516199524742693,2.5749419649857432,-0.147670265680992,6.542062398006761,-2.0396621555596632,7.217536448090607,-0.5336060016767943,-2.322949122815692,1.9914822013336722,-3.271946899308718,-5.0876163348717665,-5.398747886879128,2.718818463043928
-20.974415127082224,49.932524700575755,-35.918556974028434,3.8406341490088938,15.633265394801807,-1.2247780547432379,-11.203996352867607,-5.7668091301743925,-8.156950295064417,-5.828684173675337,1.465833821192331,3.7490202456810535,0.43936353994856525,4.914874145172988,-0.8898778193569391,0.1505214520052406,3.4795448022349005,0.8446623489676366,-2.070284963733159,-4.3267741077466395,-1.1452763361848313,6.082743987385273,1.3294918024252607,4.300171638510317,3.0878015053578594,1.3201994639337011,-4.62743970979787,-0.33504528692098695,-6.494727872880852,-1.5216625755666267,-5.602672125766721,5.404563412123358,2.841057362684821,-1.2007171598481312,1.6001763466037084,1.7583659620155787,1.3011153456213238,5.084521361014468,-2.34096549942425,0.5990353540397357,-0.3907109387559756,1.7758696700745782,-6.456597891654438,-2.42854097152269,-1.621213746195356,3.1864135007245604,-1.6317827799000597,-0.1364331307187486,0.7423736451026496,-1.7886728701024854
4.471819677757105,-19.264591775612363,18.516098991279932,35.583926591531316,-1.8898285414588476,-25.290951058885614,25.563710849238902,8.655432494661627,-9.809439913169422,7.790778589968011,9.431080191441922,-13.73651455539367,12.815451706464241,-8.331248501449938,0.9906994498474426,-7.997300822842734,12.403292912320918,5.9300326217768315,-1.145106468430469,-0.9839983997499876,5.389076366084926,-2.367494413496661,0.9378774049283769,7.398154987410146,5.913690178761561,2.6212274892021554,-6.899143333236312,-3.8894288926243092,-4.900305843259808,-1.3688049362938646,1.016341211789743,2.9738609720529308,2.0819164891840907,1.741303523167251,-5.959098786565545,0.8687961006873717,-0.14491744010046678,-4.037341881588734,0.04277702892398108,3.241193747431698,-8.01784200768707,-1.3558367371200346,-0.24122862634968972,-0.17848439510730038,3.668951117592202,-2.8160013147512006,2.110462231014358,-3.400848393151415,7.5749739288549,-3.714415822935334
-10.256860444923529,38.951839812425625,-38.74035919972101,31.872069713824796,-60.101874844275294,-3.6106456861843985,-21.63203631959876,-32.63627134866457,18.66390414944795,5.649186719823223,3.661680432543264,5.388119009618198,-7.403681787452793,1.1205785782047957,3.192464287236279,-2.4574241534834718,-11.622822726331364,-14.159311078422878,1.9039912253500388,-9.606028371864682,2.6223819318494526,-6.348115939673936,6.511744524853926,-8.600604247314735,-4.8285249182712855,-1.6082381771938903,-4.081628423968855,-4.048657339687004,-1.278484106247125,-5.323229859821048,-0.22821571849555214,6.838304308898388,-8.751016349209396,-0.9097605929395389,3.8149969155046723,2.492802168463022,-3.710339594722051,0.4450680571718306,-5.3950081346587515,1.911958351692356,2.823631157260749,4.4037579563050615,3.562137260592727,2.8246314939353256,3.22269791954216,-2.1496303028986543,5.602520496828664,5.534302508339506,1.931954324967012,4.789175171273482
6.448580157360959,-6.151331705312944,-1.3873926294181975,27.216696141650957,13.524877537135618,37.91603452003059,-17.69043085061943,-18.43819027287119,-9.30861574990126,-10.236787442489149,-3.634072252179889,4.9373432388135665,12.89000273944638,0.5237714847083905,-2.739013823129579,-0.21563118508279844,-3.186444534966951,-12.564145112477975,-12.99955014178183,3.398225263663094,8.091008802117996,-1.3519385692503283,13.606502806446962,7.880302208144889,-3.8993521046181794,0.18090489132438312,-5.240086147771087,-3.879771640246756,-1.7501360746042933,1.3363430085607226,-1.5957183819671013,-0.18809020082789987,9.548548185032255,-5.030082699925999,7.697557526678165,-1.4335210094927553,4.541382908158913,8.948415412314155,0.12796792743653596,0.8334855245408519,-2.81967791706094,-2.6880530240086404,-12.473513736163625,2.1293010284687446,1.353398098270935,1.0468938424300147,0.09464492150667378,0.24051195822473695,-4.125173731046273,-4.610861621019516
20.16724175978515,24.538274195646743,31.88447385975231,5.734378310671647,7.8582102888636305,25.933070356326652,8.585526457340414,-0.046635838787848286,11.487483820657962,7.130974141744213,-8.001539394671973,-0.5631150276265021,0.31240221241325045,3.7431604101029197,-7.902025665238864,7.775594770420762,1.70450958216062,1.1210698476874992,7.13607681569798,7.641655912760646,0.35417983605958936,-4.825748720488202,-7.399276922736392,0.8157734335390301,3.976355982062017,2.1832596386264216,3.095840089159167,-1.3221858196226637,5.625373607430446,-2.2276982056806642,1.0209703475177683,3.3286897770349566,-2.726867593026747,-0.06125029077735261,-0.4094859219826451,0.8057322104013044,0.35390634800114784,2.4823377981832855,0.306740768163908,4.509692786115611,0.4071583745122653,1.637506745089806,-2.0316659955109073,0.054386093043583356,3.532919759789844,1.9762130660852348,0.12948591358479813,-0.8245531712078276,1.1496895196631822,1.5048096207982378
-31.1602419756659,-22.417037624740583,18.012522484597554,-20.839990532593987,26.383167628535464,-20.55539549599401,-32.333362116665285,12.026797920565686,-8.585344607130732,13.744120935569704,-9.560807821239859,-8.671417015595791,-6.914710015141952,2.7433335857448253,-2.9290445772899565,10.597126296109993,0.3582885519855603,-3.1692586101504463,0.42421350123193663,6.679933323712689,-2.0122259617375806,3.990921515162826,1.4825082729545762,5.807953993682918,3.3734820057073067,-1.120266460258259,2.528856259062653,1.2423402515608788,-13.87262125625294,0.3391912168746265,-0.18598678535428553,-0.006625185695543651,10.403663380016512,11.699283198871242,-5.585232353871461,5.367241597657915,6.51495180980285,-10.234558165744362,-21.90851058358085,3.2178074187529746,-3.1556501441365175,12.783068672459306,-2.89501474111161,2.713246451745058,10.19713409000804,-6.260908484450264,14.20351837171303,-8.807949202715001,7.215884716456207,11.468886099057988
1.4480530720549434,-5.016999650061,-1.3794506314966324,30.988478237954116,-15.70213500833566,-21.324797057995877,16.441126437710153,-22.085205082730955,-24.492000511202956,9.110300812959132,-8.826257090499684,12.430530157877502,-11.181838228484043,3.0614951912822503,2.5606194750810896,3.4621874039653378,6.94166432690105,-0.5501948818351741,-6.76411805312751,-6.045082147705131,-5.762913360400114,16.96224184772149,-3.463567712533439,-11.027432479268771,1.9104093641472124,-3.23362412486599,5.2249483678613675,-10.73226845934904,14.130019508410331,-10.385360226514507,-5.548107143534913,-7.940112929338889,-1.6177504439943828,4.23729209655524,7.747792589692442,-0.45056771113767463,-0.3581310858968569,-5.978139130068667,-2.6757721796706995,-2.0034118530549563,-8.028882108165126,2.2874667790426497,1.709889466212256,4.368304332205583,-1.1398804612052205,-1.539076676345594,1.6658235547766724,-1.5017606142838849,2.061787229110374,-0.7661726118006691
-23.11014608348393,57.833948564351964,-55.245335219233525,5.278794664929377,10.709398840979,-9.861003678954845,1.7592354142748692,4.92716943639043,1.445499087171654,5.262642863128934,7.712422905079749,-2.6302999643528655,-0.9566133010240211,2.037959807241945,-2.3907863379939918,2.9666277194649107,-5.128887500239507,-3.5639513709647286,5.24181846170311,-6.967206688699536,1.0094965741291773,-6.446322258129369,-4.346244334626698,-5.729996918290586,-0.7873908640541448,-7.460312873158875,4.854119857460816,-1.4176054437928403,4.545460204350667,-0.1984313251271674,-0.8391633518960098,-3.8948690372385384,-0.03712992017212877,-4.352275196951187,-2.282738362336084,3.357526545344579,0.9382646893719916,4.246173911756775,-2.579658444664318,-3.125278028680594,-3.0874829383654663,7.7122805762562985,1.9751226201499177,-0.2752322379927489,6.739970468181636,-1.0166784942261362,1.3544982834108399,-3.56577769639171,7.848861911612704,2.350787325125187
-74.34688609770521,-73.37575123147944,-34.23136158311537,-4.650106289249745,-2.8257303743671183,10.064510129410081,1.0087178873640374,-15.366687939986052,-1.5110607608181068,0.36266045259056395,5.50536495024467,-14.023391249556488,-8.913523752189521,10.772515821486522,-16.34299358982689,4.950476018010673,20.10410863125692,-28.325697212832626,-14.064532360671711,13.885585933449129,8.66502193800026,-3.4358594553351782,12.023907236215772,12.40899152053195,10.527516435609655,7.918633477127909,5.189774904982698,8.520363765429323,-1.8671106543070006,2.814982134448268,-1.7841521486355028,-5.228902034309854,9.493200436308584,-18.154746514923186,5.169406926987894,19.534094411608233,-11.290964644702886,-4.195883088671613,5.659094693115787,-4.921287339350892,-8.179388738932714,3.774014579447093,7.360201474740313,-0.4385685584452998,-1.9611158413837253,1.0212984114568335,5.108043062144932,3.873171135357961,-0.5860866521030565,-2.9288091487799415
-12.548106705068557,15.095045637668907,25.321713976543403,-17.103113930629444,13.970254838444708,6.104840723876506,-0.9505225772697071,-10.83307694663675,-7.978323225485952,1.144711595608262,3.387273634302224,13.685926106617092,-6.748827840345556,4.488886274853895,-4.223944830974225,-6.190501293961465,8.380053531209574,-0.0719141970717611,0.283404231443142,-5.107638958298883,-3.9899868031468166,10.176389729376291,-0.38119864990525615,2.6168391592372,-7.523447476871177,0.49925428911777897,-2.779900293100355,9.10931397992703,3.9446793198653096,-6.7378029786602776,0.775428492526647,5.191346863727614,4.689401484007728,0.05209566249272905,-4.891167252201523,-13.397350698864749,-8.897286132411631,-2.491737583595043,3.5045177274987207,8.100875725334257,-2.603648838064964,-3.9981920111758447,0.6762099225695282,-0.5262626433424473,-3.8571040886171857,0.8332987180595309,5.669748147267123,-4.4541467464486955,-2.2386559626745064,-3.412462744115855
13.988816812929613,18.643189393219096,31.09869976312801,10.018583040961058,-15.426664608486545,28.339030694534625,-3.627025010121812,4.455678593349151,6.357444735747058,2.027681842864035,-10.646143093700813,2.1464635557695013,5.713856720535246,2.9386952105029103,-1.2703887389213766,-3.7786062773523903,6.778331264486512,1.8258226487147402,3.8551856261733484,-2.220167644666659,-3.753347159227453,0.8994723778539083,-0.4831210697486436,-0.20911394594410374,-2.675406224885655,6.738203800929711,0.822247280268366,0.7093424835592995,-5.496604523715016,-1.5065882833263926,0.6721022439141354,-0.4276415629207491,6.073616680172498,0.9478313830949189,0.5016560579163859,3.3262493131040802,-3.1753483478722964,-1.3928846999758555,1.7239799479754225,1.0508217813634289,0.5723920500509049,1.808109786991169,-3.6427014121065495,4.396502981589563,-1.8514255280687353,-3.121867954222075,-0.11014318018178164,-0.7208413965998272,-1.9803036223105972,-2.3066187273694516
10.303050695953756,45.070428853922934,-29.57038159115257,20.53833912412902,-32.22533805213393,12.9097485169395,-23.27099246919286,-25.640568033442047,-3.53965430638493,9.921012898694947,-6.274473531623357,5.902735041281864,5.774263723700013,-16.026964401741754,4.064023407693197,-14.098678460680953,-17.321048495169556,-11.27846247106135,-5.151773886445651,-11.603818972817935,7.433991954087335,-2.9192267965246206,-16.80446374593216,1.9949372310856244,-0.4754904019646872,-5.7694905549157225,2.050126716388936,3.3209332087477357,-7.085978233078204,-2.784961714398728,-4.660100424812833,-8.181102936207537,2.6854948198964546,1.9496028563540633,6.474669709699897,13.668423344760706,-3.3737404664602204,-0.7579753902071673,-0.05220115863011203,2.547244895451316,-9.395427091784365,-1.913601315419873,-6.1415493260655,5.886174804817248,3.465275733972823,-8.992347075355818,-2.388437503165489,2.5829208035130806,-7.558822802227389,2.0937569232092725
52.828961152274,-23.416973009997346,-27.037093539352924,-35.545946405636684,8.21669941920568,-0.20699903071389,-11.220256577906136,-11.248088432721767,-18.125399564118446,-3.1028921604262374,-0.8305962573077338,4.474333240567889,2.5936586190488597,2.0996628260357166,3.9940192345227534,1.0666138228268154,14.199335664792624,1.3510109735708653,-0.8425843961841707,-10.463012440657641,-4.2154224906379465,4.109989756767222,-7.206704260873639,9.000539504252508,5.107011428550399,-7.511409792053263,0.3491061788843624,6.055600472724434,-0.6282832492949073,-9.120243657546322,-2.0798820879672193,-6.6391884741077964,3.9374916335608643,-2.1080030069275923,3.1976729090583196,-0.7494132406542466,0.9210301070149637,1.2643461534750384,1.601814399697354,-3.2147374594779157,3.2598772259514335,-3.082373159881366,-1.0400114021907245,1.7666509830172525,-0.3084113114833274,4.637466765082919,1.1251422272453917,6.63976337576052,1.1578564834677902,1.342965290114053
51.730602367752056,-21.841928708175995,-5.593743055680699,11.086143546418148,-37.46538907326588,0.8304737354714206,-7.757947865494469,6.0726544582864515,10.098383203919912,-16.2630575960247,3.9003537195550537,-6.648395861813025,-4.55453174224418,-14.498668881628378,-15.019594912028461,16.923189518958154,4.025431353956128,0.3204527164307377,-4.220689856312787,-9.234195158230754,1.0812561202131297,-0.7124158478595658,-1.869130794060526,1.424055901651104,11.343637947688329,-0.45615969897632697,2.8605818457842433,-2.9025557088841007,7.622132622928011,-4.641418981868174,-4.28200588614017,5.092929282498499,0.3755872123600567,3.523981489945349,-7.453376225404281,-1.6892387163095444,4.561555991697639,1.1195847539965584,-3.636801393723868,-0.8313294398118279,5.900473902914371,4.802021529740727,-3.3180596174552877,1.3205244207820743,-1.9403113908920144,5.616488116424547,5.486763505382956,3.419765504659501,3.3514263784302134,-3.2379756888392572
-15.855778071121469,13.481768035194586,30.612092381340947,-17.94680041720996,5.005974233102479,12.058292574374644,9.546421099161428,9.342595867741183,-1.7609822848797443,-4.944178245176502,-0.5698263378173675,7.476314739781434,8.028835305322255,2.632087401869988,-2.66267452884893,-2.640646217320866,9.208388348555756,-1.9232340700260397,2.7788997349219966,-9.868201632565532,-1.1004281685153887,-1.557224021304515,-1.051589939606599,6.462535053605138,-7.26768248439329,-0.17669291713182686,1.702009767779354,-0.7961222433330676,-3.9286829991191046,2.9734527559017865,-3.5935987508672746,1.8618766112041336,1.3128385487820293,1.7693327175724836,-5.142639946851943,0.7921357510078935,-4.986655880771951,-4.815709240324002,0.2634015297108129,0.1638515634166099,-2.197006996197267,4.19365155460127,5.708692403202496,-4.56244861871085,7.051796041890957,-3.07326932227056,-5.857815738932941,0.08704746946748028,3.3503289433747874,-2.478496674441093
-29.40105844931024,12.515677338404599,4.383934309665471,-38.08485184796089,-2.182174612192439,-12.643210757723116,19.361660462414765,2.7316537075590888,15.798153147750403,18.569861582350057,-5.213917072479528,0.37882289670142116,-20.694165019931194,7.253863572596536,-5.875946171413198,10.837662537198414,-1.7922938359907725,16.073697102394302,-3.8855845342315365,-4.94806078024878,12.161286492289225,-17.51718772620444,1.9132223873902756,-6.23230395854194,14.924332888342912,-14.537539431495906,-2.389002583868593,3.961932765514454,0.8010821665767761,4.810108366527647,4.414281711669524,-12.530621059811539,-6.751798476745844,-5.79403806287766,8.930545398792212,-1.6605220407716381,1.2840507661993288,8.90321316406385,-4.511538598424698,-11.218380387571385,-24.803547865054316,-15.526638914528656,-4.246915445861625,0.40761975432074915,3.857251415505171,7.972572531522835,-7.823430292660301,-3.657280842074068,-2.138235386805996,5.0241239059612735
1.1101911391996582,19.97386412814632,-7.9666308680295606,7.496105161538511,24.261724421040075,-3.20644861909551,-3.436236489575512,28.144097706126914,27.55768621386537,-18.566670462663872,-20.133306458962025,-2.351617532055473,2.1888977580150972,-6.679684584646537,5.905452519144067,2.9510806918352257,7.822924160176699,9.604906830731187,-1.9512449954567779,8.50747304679027,3.97814120571504,0.8560680175829842,6.699395339032272,3.8032082734183534,-3.727603300136005,-2.535591471497028,-2.0346423751941236,2.4777024449447356,3.854663540008002,-6.6748442545937525,-11.775972027176095,1.4449080690732006,-0.4703254842973094,-8.672283728657789,10.535953458899073,-9.641028532197396,1.1588850566968976,5.972150277583438,0.5856981501942031,1.8511354662066026,2.269541401512993,-5.474156325121089,-10.273748031364164,-1.976592559033375,1.2658400263698826,-1.2850334699718478,-4.029230866771457,5.0422638420674755,-0.1285973934859925,2.3190207953856086
-45.91938189292012,-48.42550614248517,-30.18769567951629,6.1690798234371655,7.108798176552073,31.206347839629522,5.162415081743996,-6.324777248708954,0.35024963704554823,2.6572223714298993,0.4443944705286819,-5.277567530007378,1.0778662848497942,-7.265591552519501,4.756399486597132,2.612879081483036,-5.457289765996538,3.9602670967582116,-4.131505662940131,-3.664778430569744,-0.6207611772560266,-1.869569063503712,7.2110517733347885,1.6826910520331395,-7.628991656552678,-5.895696207811114,2.2488457443786425,-3.6487103302195636,-0.6322444843814705,1.0964428809666829,2.37843430690257,-3.3980094815377266,-0.8304463811870625,2.8579662298659207,-1.294272676261629,-9.618154805145291,5.859537817520628,3.027996270805647,-3.6493727550785593,-0.5684760936939988,-1.0622684566889964,-0.9318571594898912,-5.935620600361192,0.7533198988324037,2.087271772906365,2.945346362398837,3.448449011315785,-0.7728623358010106,-1.95072184224091,-2.2501174018712584
-20.982572550866966,7.019676096062574,27.322029285241936,-34.75251679633438,5.082476783595348,-4.0715783664781044,16.44052063425523,1.7868146669300307,-8.396391209746033,-9.517406008746224,10.966609542285436,-6.761773896136736,5.634132249747735,-9.058395197136422,6.266592868977422,-1.1370815480764762,-5.068846699904589,-11.862806552411842,-0.2841221704437936,2.3084473934888017,-0.7597863423124787,9.674098485844835,4.602438881913917,-1.27913284063532,-1.5707926723132886,-6.717131293538006,0.37422961631957247,-6.810347063984051,-9.322775926625663,5.7955424453963005,0.3142771372723815,-0.2653725227068701,-1.106971621468289,3.1689854842145926,-4.131089898143797,-2.5050417403212086,0.9546388177419621,-5.841239303863174,3.2639648080957264,-3.859794790117747,4.782314741544739,2.4239593411689855,-1.3200069973864603,0.8200708497290456,5.30649363225709,-0.05287038728744653,-3.8221643384344253,3.013780956347477,-1.3835632079310423,7.905176489793859
-16.185923261522362,46.38489476933441,-38.64715657290596,21.59663640449728,-37.04619961189891,-0.6786581569860989,-16.693597068860985,-29.966652667876104,-1.3914538247855337,-0.8998513372813182,4.8314799897494005,9.63538659767929,-2.9893792435631164,3.4321493791451316,7.549236117045328,-3.3081492350427917,2.139496820264263,-2.897105919543966,-1.7503902405240133,-0.7444914291664121,0.12674483394484953,1.4702301128838984,7.586547861166693,-8.381884911961418,0.9652742368907615,0.6668091845486751,-4.7384213557400185,-1.5801683744822637,-9.540995787696628,-3.2467187993277875,-2.15104951793461,1.1826535921918082,-4.45381249499866,2.6089985253245658,0.21865800989637274,4.13927292694626,-0.27465269997398273,1.1741690545029722,0.11720382049160015,0.32559854264569477,-1.943468184260168,1.145555695883752,0.9081532164217744,1.4658217532476265,3.0316906850142917,-0.9496224827222418,-4.785903433644872,2.404762594171901,3.8765433451306994,-2.825364106417307
-56.60944560294843,-60.394151073463334,-37.28570668704217,5.56075629768882,-14.091720261304108,24.835578550601216,4.770668259147524,-2.750062829627003,7.934726246077908,5.924058215595625,-2.004421406922592,-1.110496763725114,-4.891087745597339,-6.439425425561003,8.739325123034892,-4.43251269620194,1.2493270516763777,7.312486475556901,1.0179363616867565,-2.113316117574894,-2.9840634645309936,3.310634198664174,1.459214693372905,-2.73915655575114,5.772855279938934,1.3494764074641064,-3.7748810427926482,-0.056579893982713736,-3.289230112212683,1.1460061674122508,0.08292914076208104,2.5153745435483423,2.0852725831675536,7.214951221865845,1.8584467394435353,6.277430964455351,-1.7944609547345005,-1.0068866954778581,4.251430123039088,3.2983993018152935,5.44299781462262,1.4720261256551,-0.858030381179025,4.504262214671765,1.7053932787824364,1.7643485030920165,-7.319344437469356,5.612986937130149,3.0823399900955724,5.150328739668998
1.247290015004703,24.05964482135872,28.294355518094815,-11.530335178970164,9.00930802008401,19.004977682110216,3.540524682466486,-3.5251615488714756,-4.407514373284645,4.331715555733822,0.4343996506256584,7.366521312758247,0.10823628154497396,1.5866862126522543,-1.5804247856268583,0.14331146210070392,4.927076477379445,-1.464432783290172,1.9979446211330998,-7.165558430832717,-2.26404842264493,1.6929660297382216,4.182789650125077,0.3139657729105967,-6.208210292200495,1.883647819199876,2.1200854267217824,2.797521764390767,1.2036601242327922,6.02627275503609,-1.4650296110779195,0.5685139378672593,-0.4431123267545237,-3.4644708286605357,-2.7464624144950576,-7.13687379448209,-3.7584359666938005,0.8379219543401852,4.581985536630271,1.0942595137045394,-0.43142165279384087,-0.04462390058429558,0.9414202700642622,-1.9299829908490813,-4.098540631821299,-3.0983605267059375,-1.3364093985695122,2.31055823894541,-1.5493170375936187,0.6831706346330204
-53.84088221835157,-71.87102635050267,-29.173227691286176,2.9601882347955013,7.23875764710289,20.22883988569847,14.442715706540925,11.919938865050502,28.904878168187953,8.617078965351258,-10.523360884196796,-6.555543527698467,-3.146450757703935,-2.7179817712997827,-2.9748180511501667,-1.2464303591010055,-1.8388675322576011,3.0662331731917734,0.642766088972931,0.8979214097329933,4.621714874754108,-1.7568187294265,-9.729176170704955,-2.6161524400433183,2.5020956407991295,-3.210239212995405,-5.488117697199531,6.745005812463449,4.707887588949761,7.229143757189823,-3.2924276531217633,4.732283952669241,-1.82279505331681,3.546395057062023,3.2572526409536504,-2.2294306557751,2.2604070721276335,-0.051079576504565044,8.17595997169017,4.040582327217273,5.826662477209589,-5.2587045932385195,0.7353491955704304,-2.5622409468592697,3.588259077992855,1.743641955279736,-13.646721540024828,-1.5336844332971675,4.237449406800221,7.8665359918788615
60.6666309674602,-15.674721941521511,-8.716144577213695,-7.118925370217577,16.686212906630352,5.925999986945504,-9.27919626556544,-17.872218880697897,4.1614925750754725,-3.6525750241910324,3.2332727051325927,0.8516866371941522,7.141199482925708,4.954607719375089,-3.3419673169980544,9.582355041892372,-6.336186466801756,8.31503670140702,-1.4309533303000137,2.176278623254251,6.493626545684248,5.345521264880547,6.222880675056368,-1.0963324766897924,-8.628658524758166,-0.06919541659404858,-3.5322465251332598,1.0131019060442106,-3.2348182330127524,-0.09855601750817447,4.600339720867729,7.097696188251286,-3.1276566926287046,-1.9782447771559295,4.857242463722008,1.1975475639068613,2.631640397436137,-1.8291111386421046,3.6943348673594603,3.199527511162512,-4.046771820179598,1.247234796847756,2.826329959518427,2.3476453766832592,-1.8898215508921603,1.3955812105467773,2.051871364592475,-0.43548652158498957,3.450599251646705,-1.5701030042826076
23.72422046782339,23.477164705880448,32.85100574367878,-6.0448312809151945,18.38111575219965,23.030484561293804,14.64037639002384,13.121747567045395,14.896039118558043,12.48771542850665,0.17898806755294475,6.656178366129895,-7.187177975040973,-15.627336654629271,-6.2096580927201925,0.5577246469259427,2.433158070949654,0.5482898538309434,4.658539007507382,4.380038347447536,-0.7349015477689426,-3.5465793867960915,1.4202457368752714,0.4233361547684318,1.2961959909750362,-1.0871436754110722,-3.591402892081095,-6.6852820555082015,-2.038553871451338,-0.14012677673702956,3.8979410376957686,0.8646409574429802,-0.5366375593133436,-10.353961095984955,1.8279561630970904,-0.5489800163149375,-4.870164295536072,0.5754660463541391,1.166590727131038,-1.9828702992697131,-1.252321757903983,-0.243171766718915,-1.2364194478162451,-0.6596507693288867,4.051187070154288,-2.5214208535723555,1.8800567933115468,1.3282349894360814,4.9425222395073405,-0.9213133890859724
-4.011643644744149,25.045892600569864,26.20306137034038,-31.551675943437107,15.068576531838742,10.78893995020954,22.614587911788686,-3.482895383382676,3.629401407543065,11.317113652094717,2.7402983201020237,-0.05518510896660692,-14.511091743805995,-8.446659372112846,-1.915933283469199,0.7434272552253798,1.4416668074635006,-0.339243336144902,4.228124504958766,4.811036789928388,-1.2860351942125552,-2.9271784486500025,1.8159486263832147,-2.0906950505584003,5.322523937820198,-9.158634856379116,2.396429176007362,-3.0615702552288813,-0.8213788456026733,0.9141099337687565,-0.7007423541168496,-2.8005287815957103,-0.38518939541092123,-5.78532234230229,2.1531022056646076,-0.07444348934799863,-0.6274629065541513,-2.2730527127040605,-2.917656646266591,-1.3211222227934156,-2.4801096848032715,-1.6412709476489824,-0.22521278955721732,-4.777974567777746,-1.9258527905256835,-1.3615467800633314,-3.765828364434251,1.1736780997137115,-2.967671935032479,2.1108226140431094
-2.729156831773147,32.67458874524129,10.701284845677963,-2.036992638934645,-26.23916548617016,21.98304722760475,19.05897652538651,5.603168080100491,-4.83674619324064,25.979678733146645,-10.60492889547589,3.5271339816951297,10.201401183913427,7.377982845309765,-10.520508907413722,7.535555400939362,6.936900760401833,1.1397785983767945,10.527930489463552,0.22855497972639893,-4.81724601501682,-3.321462206296586,-3.9146708851033916,6.81372981173111,-1.0253961422949645,-5.408790730515194,-2.725431765057357,4.699800286089121,-1.3637288677255166,4.486551278310298,0.9817347752769783,1.2691484034273448,2.8772712419298525,-2.9265176843455873,-0.84152908461369,-1.7056372832122952,2.7441887227184965,-2.1874552432828764,-2.8727760329617342,-4.1261129050167105,-9.598082521883045,2.8818694268434415,-3.3714117781430173,0.692205781377754,0.7738848328920196,3.0614605747126302,-3.2835918826932695,-1.9653423327812178,-2.6995948036461805,-5.0529762914285135
-4.12152272342107,29.133310048015005,17.073928885875244,-32.956646565747306,17.11860304417079,14.280365016520667,12.233532593745016,-11.699609509740197,-12.552643882636055,16.033518231950847,-6.462459824520621,-6.227561611807283,-18.347216585446724,-7.494038688036593,-5.303655420170442,-0.7273869728418748,1.0066807574005352,3.1266033838028955,2.6669974345334877,8.239888240688607,-1.9667870183833367,-7.147474485583141,-5.656141022693894,-4.618046060793678,1.651838040158324,-0.38844027375458123,0.0320651217238537,-7.718876519317419,5.419695030798518,2.487828001133191,-1.257099010782922,4.279403334718712,2.7607553383941754,-7.689939711301426,0.8495786147384187,6.395261849707155,-2.0597568357528764,0.4390600998782942,-3.3707871154568854,-1.3698491046380192,2.6288771599588583,-4.254216618366728,-2.809926030425795,6.00875835038881,-6.875528798955918,1.0644180627731534,3.2462027902357766,2.1141219981851576,8.780339354401042,-0.6600064959660574
-9.519396624441836,60.54250789109344,-53.97688987673378,13.829148476052891,-29.908648524734453,6.270978116112798,-26.812079667937546,-36.66236284314516,-13.618550731832713,4.8464361295090574,-13.360327532226226,8.426249396039847,-1.1806486403358836,-18.84726618321589,-9.267818387502455,-8.717541061474176,-29.0420228063199,-5.236043914681192,-17.782283997530303,-1.9622735526779638,22.045512263257134,3.7336135924518024,-28.883184938396358,24.938544711609588,10.1071572426577,0.6352948221875485,12.640059798833825,-3.607100445062085,7.591067960981025,15.087617603624556,-0.7643158264973611,9.40199476024078,0.619443209553157,1.7112639904172695,-1.8126529319547047,1.8765695646816618,-4.842540464271223,1.0623632617120966,6.701835979657796,-4.42804741857181,-3.8342788148651854,1.8944540173613558,2.0078865757250894,3.4052308919496572,-3.598803710860317,0.9918612456595676,1.7266503238793114,-1.920974864659679,2.126049000333857,-4.6134581994398225
-12.757492249959618,22.547079501122788,15.469297485890383,-17.730990488417213,-18.223350086361222,6.876466455506022,14.9303516427935,-4.83170781566585,8.227913325293738,7.003532874000044,-14.25977811823983,13.052847648283306,6.567958398390325,-2.1213389735667674,-8.554300252366527,1.362825658410164,6.028008015098721,-1.2999023600011888,9.848579533906324,-2.083759021144011,1.9536566508881605,1.1129829471871533,2.8772878369818713,3.831308475368995,-5.154308269920634,2.4083101743311235,2.6070266204083605,5.4735265658875045,-0.047730062228540794,-3.368638719558905,6.393944437062363,-4.252560141336965,-3.8918860861544604,3.122151189604895,-7.416298016176965,3.779599157625137,-3.6713515852589147,4.323407335811028,-1.4276699822215648,1.3138182942065018,-3.930087305393167,2.262408567748715,-1.9258310152168676,2.968442413921933,-9.308794754127703,2.0953716051434674,0.8620638173175836,0.485550562126624,1.5809617630536599,9.934446238473718
-53.400107750135824,-14.96281793507582,15.815823402190476,-46.44137034790604,9.524817064052643,-30.03365608506549,-5.498977188276581,-13.472821449718742,10.86121905754043,-25.474211954214216,-11.35999306416847,8.219754294035189,6.01265090381975,12.823302782046348,-7.989209879949555,3.4370209321006535,4.877886935274297,-0.45865119981689223,-10.951820437814499,-7.083312632800334,21.393745695557374,0.445370558738114,-1.2367837413856064,-7.295746754173648,-11.849270177765389,-5.759501160203898,4.563520071279233,-0.8559046778205321,-2.340340478354904,-2.6932954462020495,-9.588766208029284,-0.18804509984279266,-8.403433057879951,1.0914734461574946,-5.748805499001262,-5.469779736852283,-1.5905117831232394,-2.633465611374036,-16.041253069493276,3.2530882248419895,-12.447938406366859,-1.4429544546023996,0.7541631560343586,-3.999021486971205,13.451278231944222,0.20000898860054053,-8.68585329795233,-4.517149209923636,-4.883570963164348,2.544634203736386
2.915265120635718,23.86070007284961,29.3211730660497,-2.9891944142302522,-20.56122194151896,20.312963127894353,4.281253011774368,-5.380692720127961,9.058885204704938,7.642183948470238,-1.3480208000032148,-3.6814383401986643,6.1009034965999405,1.4968046838983757,5.931094058154782,6.500755809745296,-2.7141259144608925,1.8950728433161073,7.411226428290252,2.486112130396048,-5.416278248970594,-7.065602636794588,-1.9563840985735919,2.9702291212864975,-6.52341520780319,-5.744277763781602,2.740862118210938,5.914107517539843,3.3967522732693682,-5.311117964235421,-1.4152220987332094,-1.3430078086428878,-5.544166068421427,3.08405516331302,-0.541647742386774,1.4054599777050856,0.2682283985237227,-2.009711994483761,-0.23196788266902915,-1.6438035419093922,-1.1489881623544762,5.108665406185313,5.7931649893762724,4.899787444757526,-3.8935090406733024,0.10515738837906118,-1.5818692394943032,2.3296229799076045,-4.049377476144521,2.154812989787995
-25.757839852444405,45.21191538287909,-44.909539758097495,0.47570113036893824,23.515432552927916,-16.158666398753564,5.382203896824654,7.632954155754176,1.081062076472729,7.838249248057744,7.788944986461952,-8.8350858026216,-7.329820389226702,-1.433169623663742,2.420330287206775,8.4696899774927,2.179967865496447,-2.756882712254324,7.150334567861996,3.1438301150922197,3.1699190340893866,-4.58220878530007,2.7037402072757537,-7.71327685062933,-2.1673828167702034,-0.38071221014954826,-2.4599776482122526,0.34118086445923634,13.92112557063573,6.608722166318719,9.913583037635384,2.1789422257170212,0.6342718696593804,0.6128158451010787,-12.783215080474923,0.43563525361521616,-2.095021673287414,7.9141742495025635,-2.2482132227915206,2.763778490319944,-2.299730969422555,-0.2987626549246748,5.269627031367756,-2.130941568235163,2.672103317052295,4.476316292515803,5.671014979857165,-6.674667252021879,3.050278886077629,-0.4153270787070032
-0.8954671359514936,22.798067727654516,22.215570409223375,-9.79407624420037,10.699508971785992,19.227736332869174,10.485358099809213,2.700934470519546,6.337839243470974,9.881311317550745,-12.431455965584965,11.444140313154858,-11.096635954748805,7.598624228171789,-9.60138948061341,3.2178433828507123,9.221623069033702,9.095912198888598,3.881096035648044,-1.6169713778696995,2.369764688775207,-6.055003771485929,-0.9357947964040393,5.07860731137677,3.4308301220496107,-4.936157684205895,-1.5372231366848526,1.0621746082749182,-7.0617213278884154,2.213623999929998,-0.5518034739522134,2.0025929116931005,0.19627827933894085,5.153555091761508,1.1609042650917158,-1.0302103685804052,-2.206643433102039,7.209295469317956,-0.660791066342259,-0.7753686288347609,-5.486015768082958,1.273458641470675,-1.197792598397867,-7.972670745203829,-9.994340870836146,2.2803923301656424,-8.301857418139871,2.9482409572871457,5.644175726705011,0.5467796986747108
-28.31094770945664,-6.336405816399455,27.953647728122828,-36.19416986222043,35.61674116308983,-12.634104170535537,-4.222633804804497,5.706539033258696,-15.36793262717251,-5.289701989728998,16.73632164123603,-9.348729960335525,-31.796525369916758,6.275392838558573,0.5666342460216027,-3.04565192844378,-7.8192729681923305,0.5156525412637872,-9.079862191814705,-13.696911374945353,11.07669389261189,-16.24398089896583,-4.8978043530239415,-5.947467981003311,5.010701252096399,9.913484815909648,6.275355139256605,-6.414481130637611,-7.50161798127277,9.286544397117128,6.8313170828133805,0.573292362299197,4.013201784563008,-8.490296094454285,9.341674808275462,-3.176260531810201,1.3308436198213267,11.563338251343657,-3.083982907540211,2.0265467113878524,4.993239075656439,-1.009861045565441,0.9436790784028921,1.573998487712316,-3.4756139578512726,4.881903645864698,-3.2702911908684724,-4.825174823471333,-8.069926526640383,7.954869161798695
-74.55107586317233,-69.94142406046033,-43.874482012352466,5.447791506023006,0.6927405618647308,18.106004085750193,8.735614286373393,-9.387205022578684,3.0740352018459314,7.953584046643666,18.154153763334428,-0.010515963200189112,-2.6171452151587196,-1.5712834225584074,-11.391886367353164,2.0571739210683173,11.213151191931894,-10.223520779404625,-15.7007308563254,4.538432608934583,5.680530657858465,-7.83950163551994,9.687272407999394,10.775691454147989,0.30636541113876437,2.142916330732827,11.865475619050617,-0.6452970729857271,0.11783739738348002,-1.5634392530960022,-5.4357896929365435,-2.9262128969634023,5.887798804522665,0.5542919899379953,-2.5236284304698833,0.34265613491252134,-3.202340982890229,-4.268728686882387,9.158941712229552,3.82538000942988,-4.177249857904962,4.974648814879526,-5.750244733065152,2.2475052529917963,1.062710379321095,-10.793631430911727,3.1938378764056163,-2.100447016542902,6.6385725677910035,-5.0291482160075995
-29.525003363213894,6.692284750004264,26.484639551119677,-30.65036998458191,-32.23022411102969,-15.522324579836868,15.222060383136629,-10.210472105186668,21.808932915486263,-12.406537393363607,8.593176758912946,-0.11727128800957205,15.964587689130903,5.66968623138762,-3.6206007483691995,-5.4226686701493625,-11.701752424554101,-0.9398266126288719,7.881704129355842,-3.8441225133711225,-0.5501840689959111,7.709524250123791,-5.442853332416595,-1.7271527423594168,-4.929363706304576,4.713073047597382,3.1226801368364354,1.702677096439897,3.3871170698438995,6.879489116441668,-2.8522745455389744,-14.068441894910334,2.2230695186783156,0.8022258753479147,-2.4775094646478375,-1.9912841953260454,0.78510606442452,1.6782985409481583,4.13491678567369,-1.611203162934108,4.923939371907831,-2.0708313442180923,4.314187650468067,7.4672296779704155,3.7743325548594737,-1.1550961773925008,2.769628897343241,2.2293543714419743,6.837181741716484,12.044918412579833
-0.09070622041564708,12.859309228928444,27.59721588590114,13.241407982837924,-12.477773466782144,15.44241782417637,-29.88125199039785,8.655389480944786,-5.820502619229179,18.13784125480964,-1.295580242061952,0.01993978018475905,0.3741712790791932,2.2244868038744974,6.886135711848998,2.706315795745116,-0.4339184037563984,9.922176743798577,-0.9008389683662464,-0.8344135913456334,-5.204689092116845,1.4460467898921416,3.7188599922078422,1.740177516907417,-2.5329013633236697,-4.038351521917184,11.681164707377626,5.98230567716153,4.242175426164635,-0.04039230351319665,-4.8319640945521405,1.2544703672339208,5.131299920164517,2.062196594106719,2.8720657018478217,-5.22604468209731,-0.9129610564021371,2.335140164329313,3.9465829589823365,-0.6158407879458346,-0.5856506518771897,2.675727421233477,-7.5175482550528585,-5.72168968748265,2.545475675209514,-10.112590519061248,2.080812310674834,2.788761644904378,-0.3639667588240815,1.1665618901382089
-5.896300037676543,7.541938211940078,32.083689942665565,-6.3063436222204405,-0.7800210776419875,7.140738472177972,-5.192145190289901,16.411396475470436,12.392235328352125,-11.45917021152688,1.714072202701661,12.45759845448838,13.968083116352542,-2.0358619038587515,16.926206952670068,4.129809500447418,4.772535561236901,-6.955334713933106,-11.2597206314289,-6.055792678819511,1.1005572218616826,-15.878464382600805,-1.7699636161630352,2.093122497387263,3.407734586838378,7.549497119060225,-4.685454877830604,-3.0856099364842877,3.0650218021728337,-1.404809467648761,-2.0026573549073494,6.072404286987645,-6.323647099735574,5.0936558940849395,1.1991128327570066,6.646565494803229,5.737332987914041,-3.1665592736530495,4.275279252894329,-2.8290556181386597,2.3223304383290104,-3.1892246269126256,2.393854160552485,10.18063608865011,6.184397417228318,7.947389524819716,7.038653929295614,-1.843190099501434,-2.7767698252426656,-3.5742695342293276
14.119174997425276,5.150922826088351,32.37813875748267,18.487776557426397,9.508730898359625,15.035879051153435,-33.180019921089375,25.749699133257298,0.7930792514338753,19.88261138086048,-3.9950541718185755,10.762558039580913,-1.5605943221351517,2.1014376803496178,-3.09632801122511,2.4722303929158462,2.0692502501314296,3.053047052030767,-3.538652273229522,-4.338194329159431,1.4825761725758198,5.231374731264927,6.625960509659413,-3.6136478148602027,11.111771630117246,-0.36364774388217175,2.21655855976088,-1.4461455347306593,-0.6270173692073712,-0.5492249167669934,0.712242608822874,1.6880298883626783,-1.4822623025756363,2.979480122385066,-1.1406994371628543,1.260223380020948,-2.25564702711561,0.4138039562065161,4.431699676077682,-1.7637355776086956,2.963271162106213,6.490687922310377,-2.8424102177548587,-5.617230664167729,-3.208651657083441,-4.08265992905819,6.499118667207536,1.896312825991734,1.5708281000143804,2.559095860256122
56.88085027758087,-16.591097818414735,-13.73178541306563,-7.3645605742897455,2.53460822576775,1.451586407572328,-12.078572053414023,-19.585068014105623,9.493606881537067,-10.812257212496398,13.740968800674564,8.271302917996977,7.242746757902137,-5.005633089157357,-7.584565998259291,12.449198323457248,-5.248416152033581,10.950803358554493,-7.151411935073031,4.151558161311033,1.3950658949373846,5.662184225990454,8.391649393000588,2.323405614125913,-1.4982745502806647,-0.590777886452896,3.0731233881767475,4.742449532228213,2.688098638122847,1.7901847213609332,-7.0906886176547035,7.987543854436643,-5.082133396938421,3.9099350293946764,-2.4434307345657023,7.417545716203304,4.220113009259547,-2.410080997078917,-0.7972808763538832,2.4375829483547355,-3.21481041369681,1.416778092181155,-4.420324483687409,3.1359114281756533,0.08569408373057813,-1.2436880058667763,-5.536604501443954,-0.9102081104131735,1.4318731177974227,-1.5681838538056319
-1.2884332196592707,3.1383295989438382,27.45939703625634,-12.22335131622349,-5.969125662345679,2.739051911610044,-0.8183088322545632,-6.66192798870095,29.675341281110008,2.2523964231191473,-15.70614173687014,4.372327168842301,-5.467053306686035,-2.6531061446958204,-4.279750006780008,-3.1022679590916913,5.452248402936105,2.810321171781015,7.509395645460167,-6.618106442100265,-2.1786030210471994,3.010290374817296,-0.5587130451067478,-1.9998391496824874,-2.6682313254138856,11.005731827184238,-0.36729835712439096,6.291476234761059,3.7896533381876303,-1.77302020285208,2.5781794916950727,-4.739506561451284,1.7986652287566307,-0.46831942035559015,1.486404714052112,2.809709947726386,-2.342582662528664,1.018868058562233,1.2974490924618929,0.7745377812611817,-3.9590323623793733,-0.6879044121184924,4.175828930780016,2.2278256676058694,-5.499065292955939,4.672936825288604,4.254706741261404,-0.49008920112338245,-1.9122581785373558,-5.463850227121173
-21.024594985908728,22.731720714867592,11.15640013771403,-28.98278995576789,-12.768278066142084,7.113535288326626,19.06281530923706,4.961895593512363,-8.767144247219676,-9.57119447711044,-19.6535056765992,14.281383150006933,18.61585483250812,2.7307606023755704,-7.2459249927473515,-2.1325271813644666,13.88385995515752,0.17510955860817826,1.4621780760804555,-4.695786777607374,6.00083577556853,-2.2701290880787237,-0.08805360271789349,-4.472950319287329,-10.226768832832898,1.6382926562580122,2.036437456778649,-0.005213322953239959,-9.438984878674997,3.695807765044853,0.05361694718410494,-1.965175915647523,-8.446196803789757,-6.898980554430514,-3.7924296486981017,2.796848242022432,1.439861825047705,1.7128628261246157,0.38126366339249107,-1.0344377258635227,-5.277578485143137,4.86118527912222,5.485803402522099,-1.6839652411753403,6.102201763087607,4.720324121893319,-13.21225114679659,-3.827922486033147,-6.741443334626858,2.350764038628039
-82.61127686491963,-89.21862333034512,-54.614934205087145,1.9587090913812224,-12.018651085377543,15.681950638628873,11.870484872491827,-2.8409066201077855,25.405015751218507,8.846963502588656,4.516111402149621,7.391854608837263,-4.3783337323975955,1.4918372404619968,-7.265758470128632,-0.20338211668635794,-1.475821838722655,4.635382252861972,0.47283608577843245,-3.5496996027223258,0.03215768714519799,-7.6543314009064485,-11.556269295757456,0.02245479696662656,1.6995275455845467,2.0238813740316193,0.4393224257517633,4.187492066745816,7.944679174211578,3.954103369093318,-15.50482343448102,3.85830311899358,-3.8873159953267282,-4.1995518853851115,-6.869634695017167,6.444714449176561,3.5936012320267023,5.9062433116160165,18.539501627596106,4.358951972801284,5.893999744507087,0.7255248488664605,-0.17724094462845608,7.851047228875085,-5.753534981134372,0.15485541800770675,-1.5908844204682238,-0.45385312439263625,15.554802305337766,4.301862514574729
9.744779213188824,22.766605441391604,30.660841505972353,-3.6246694406107594,9.552613083320438,23.56662766368492,-11.254104675374142,-12.12201579587849,-2.0754298639437736,1.6285782480430644,-1.0802508237829356,-0.12622312210695613,0.0847170368658071,3.534262081447272,-0.891192180613537,1.6398734889145266,2.9057254422980323,-0.4882898483942175,-0.847234624247914,-0.44314765467493017,-1.1056320317950563,-9.293202772162088,-3.72086530583924,-2.5725118527946886,-2.050362248015117,5.020351184290704,4.858147723539595,-0.46868968134981737,1.2939595311729248,-2.989117946312156,-2.106508263554634,-3.144734397506416,-0.40547609890296166,1.6478919186621555,-2.8842348539546037,-0.5502079194758294,0.15853313232159996,0.975871655913886,0.889151722281779,0.8142360736229337,4.356120536758563,-0.9273085154631702,1.0899142612449189,-1.5875560035317868,-5.578883735172279,2.465803804513091,5.175559924199251,1.4762658847949273,1.3070651429413311,1.1571597495583401
-6.638483817911891,22.001200890234955,18.023517228976708,-22.667953995034647,-3.487228243229333,1.7138754006980528,13.832290302120498,4.124091696642023,7.71664775928863,-9.023378740440949,-4.387571140445418,10.852911674695983,20.44634747490945,-4.72621608315321,11.239611033743024,0.7069101428306529,3.4843765383958614,-8.728666646028529,0.04420288707333765,5.871930472799016,-4.563041822059554,-8.567479708158082,3.9686504059774514,-9.847020661525375,14.502531061376445,-6.855472616647967,3.9128907732560534,-13.498582289473855,1.2644138349698788,3.006120518565156,-4.8108637966752354,6.3682232125174885,1.3704632517449884,-0.22629107535211526,5.203055886254425,4.673979233482716,10.422660296215243,1.8832547380131655,-0.9800502056362808,1.486138578666864,-0.09093602616927657,0.8043553254447868,1.9865431609918474,-1.1584962627909365,-6.358083181515894,-1.6626194002366717,-0.9038891856400917,4.610453090692217,-8.734073959870427,-2.2071546783183917
-4.963744689948676,8.897447983657603,37.6155524067514,-10.39492165454235,-3.63993187676985,4.248084733101005,13.425742737735947,12.893759832986168,17.406706136897423,-9.381533921161731,9.108955994584793,1.2599134776858032,9.923666249998885,8.286559354193495,-3.606284160201945,-3.7764296030226365,-10.580108445503042,3.4381311064540996,0.4197731038386235,-4.553379563621111,0.7315150862577293,1.8002037737004668,-3.6752365192963428,-2.3914829695777473,-5.4943808599053705,3.780642380684763,2.4614256950536535,0.5775485467697011,-1.540374035109282,3.9882429124141385,3.066935713241664,-0.4911973846271087,4.693505872742382,1.3411758666333733,0.2840807519185119,1.8330309661250543,-3.064486491182506,-1.5999885501331896,1.1568648808247965,-1.5760177930178607,-2.0095812329553318,-4.64698003645024,3.0391884570510532,-0.7761103817489888,3.1692777080620664,-0.08274143072699267,0.3448672029619896,1.8301401803028476,0.8469205330664212,-1.0598865418263381
-34.458468236442926,6.827347879457981,25.533801938397296,-49.61835323962818,31.029111769636774,-0.5203307590811302,1.0811852428674518,-6.204163641682974,-20.705040457105817,3.6863863610800287,8.821795043605203,-15.52335760371396,-22.3819942743556,-7.542266280166487,11.930286994111283,1.7911197084811032,-16.934099452951717,-6.4883459380377975,-13.956771616398612,-7.051671205644399,4.584923086514818,-1.1804126893305538,3.2458477687908354,5.234918211607601,-19.560163617860397,-5.984746711148468,-8.588313273692565,5.334765628242073,1.2222287923435013,-2.2643966450968724,-10.44475731596552,9.91447347309536,0.3358172194744883,2.114864084157693,-4.283656886572361,-3.9794028390012812,-1.4226881387854,-0.6281046532703156,1.282181900795223,2.0369155043815956,9.422447774964612,7.38767713880698,-1.1076816079077476,4.596279865790016,-11.88150161131973,1.3295145609658745,-9.366363479151563,-8.044263303023131,-1.19867349262377,4.197114849964112
-11.730450994659225,19.72384592376578,22.388917565934292,-6.29591310471057,-38.73087484850214,11.67960261571541,-3.7715293340184943,-1.577616301292536,4.460184714728143,1.9779155956601553,3.337830829731471,22.73439621650738,9.650016582724149,-3.753875600429987,5.018007227305281,-6.128348386670009,8.379238452868295,-10.074455378452665,-9.247914343966919,-18.27991466645631,-4.7929298575838954,-2.975601281222811,2.5208712810510985,1.4472046656768827,-1.2135423425149976,8.962335931478131,1.769930544978576,-7.493403768551468,3.6214652565687264,1.0030773329276574,-5.099214880326027,5.707532035707036,8.367255823838093,-3.4147259020377527,-4.75090893070166,2.692590518708889,8.098917489819698,-0.8925721962080194,7.972401481041176,1.1074591488810812,3.839454208922412,8.767435990152475,-1.1953777683106304,-1.8460306852413573,2.418714448738963,1.36831907082343,5.094295333992953,-5.6251953621203175,-7.110296697069819,-3.965617256579247
3.4316657366040273,22.846100800756886,29.732206828326312,-0.15939362475621344,-16.654595325715214,20.731538072599488,11.600543594478317,-6.317370466856161,6.498820954774014,-0.7512469387594313,-2.6561432086308296,1.7256267672970056,6.304251406968409,8.679332106127301,-4.09614009393911,2.5270481033392396,7.858984292885294,2.947819767032405,4.3794727261028275,6.070037762467129,0.27668785435142246,-1.985771848873146,-1.0959427018714591,5.193078195099799,-1.1875360601008045,-3.062489595453375,-8.610656215858118,-3.261389465423478,-3.2809114130557533,7.178717211356767,1.263987814412421,-3.449800168853011,3.8618189660853983,-3.7577525598932078,-0.20513213141060085,-3.574721590999735,-5.629961365213507,0.4125768237120943,-2.0020384482316658,-5.5959414200494875,-1.6326479726330205,-4.509314134966198,4.3289640751275735,-2.8506000798743116,2.073875076893239,-1.3474808421288131,-3.2524192952211988,2.5505984530754064,0.5747553805365159,0.6839535406550468
6.4404893693254355,-16.441114882550465,19.014275117713087,49.409486047096465,-15.957494775411876,-15.251542807496726,24.926935048984927,5.357998240479494,-1.7018075349839095,3.503195633472757,4.562269268276492,-7.353587949606223,1.0376809290817934,1.2045968298556302,0.821832505643487,-3.77594720619394,2.9843893407060906,10.59351177213853,-2.2778475511773366,-1.4164190410239705,6.701327191226903,-5.530249135240598,6.428275236791876,7.008388282402042,-1.716711431525162,-2.8113263046407835,-1.6171761768865291,-0.665834771677151,-7.015990244854198,-2.2423483200995826,-1.9862971110417427,4.354798395241419,3.3625227947725533,-2.217582589269569,-4.431822169050081,0.5200536412530763,4.37991202510664,-1.9189295897156666,4.183033922353374,-0.9512771523872599,0.7729600233550852,1.5990067557753065,1.8331085518666472,-0.06777413846797402,2.702366720128058,-0.49022827710983463,2.529710940046739,-1.5645635381507792,-2.170223821439437,-3.064651775883839
-23.82392171467746,11.193898565371262,24.912007252585802,-43.94083430403946,2.124306471609502,-0.9012271549433457,15.667011252799783,-12.50685581330514,-7.451338413699921,-2.4515657850562795,7.521557300881329,-16.0711800559897,-5.926948062081013,4.301039390779154,-0.543858044130834,2.090662839660825,-12.665368731632258,-3.0072621099149393,6.368075700244089,0.7288115843589974,1.5579060139047547,6.317158525581274,2.8623792407488056,-4.530308853558798,12.35206894442704,-18.12680143322828,-7.660873893538377,-2.2112329743630705,0.8994066723609844,7.2544739366508235,-7.801557458529263,2.2302033867597384,0.8475605047408172,-3.7665763858298265,4.391713233261232,-8.581930747611866,-4.352019590823417,-6.612339973681799,1.4218932314999473,-3.161494326057154,-2.706905889958585,-0.6067313103044916,4.7250003204050035,3.5735921025247297,-0.655575460986139,-0.5741819046039203,-1.286677798303867,-4.1408185178979595,0.4136116037272284,-3.4161855592020105
-27.855238963980984,43.01463618384648,-48.66721753292987,16.259629876025215,-47.89990071404357,-18.512525834342558,-11.71291478738818,-23.852339829836662,13.3082718901135,0.8421730553433863,3.7633929984207293,0.3353744311068236,-6.186381806473608,-1.1115923433396333,12.73140012254942,5.124694230288582,-2.087223255620339,-4.286562143723228,8.403998848039747,2.0390986612508875,3.984178112970229,-10.473855466403645,11.468026636217322,-9.40011204595293,-8.626067964762576,-0.4172622267559085,-2.2335904926824384,-4.605399119449819,6.23913875534552,-0.2843700580008267,16.323460863972716,2.3583015901123336,-4.344286406050067,-6.851696714916277,-7.039155479991894,1.1648472991408905,-4.545523214518694,1.5386045429862947,-2.652408674104447,3.773335015734475,1.609716149318462,3.0530365914848847,6.110012992067482,7.2672223997937015,6.590493131425529,-0.49248569768421124,1.133209226110217,-3.0636418098104468,0.4242160068831675,4.162548856741375
3.913144583020679,-20.62254967015773,29.41725411693236,41.52316252189926,-4.224255394112184,-17.750074995396687,4.472083216742669,8.660042662700338,-1.8982621236768817,-9.87085086598111,6.5805206348302585,-13.692815642938797,4.751306309529287,4.392120421480359,-4.412725144988384,-9.53412436308621,3.9465204278995065,7.865436333101072,13.760126399431703,1.2546167541178905,-0.4017860712950577,-0.9092578209671445,-3.698550454932725,9.323924263154458,2.213873983758388,0.8221110273319789,1.5423030758514527,0.6946128502779481,1.824567035241156,6.34149130598695,2.605899471959612,4.327730894538261,-3.642019303211096,-4.559008114332997,-0.11677299376442106,4.804727512785438,3.802157104573702,7.000944009506027,-0.03878290391482259,6.145816744953064,-7.177513077642154,3.1811971670422934,-4.104369756911844,-2.6611650779888323,3.072811591483085,0.27443329666614696,-1.2279427428229621,1.0583222085135755,-2.6833721627096927,4.44712727573776
31.01720241263843,-7.341160487624632,-24.51048261983976,-1.9324486855417693,-3.02680676135269,-10.297291935828433,-0.35767126098050434,-22.221006771734814,-7.719926837427491,10.892348354816747,31.874691863953938,14.451123270804276,16.84417375253116,-4.541506244136012,-0.773452927874325,11.015616013257915,-4.954368926015065,9.504903725928958,4.187612348118111,21.115618091022938,2.1088290058733152,-10.790437370410197,-2.33145707907743,-6.091895703569599,-21.172627284132407,9.668063252399916,13.830907509614965,0.35039748863999476,1.521858654378239,15.856935614320218,-2.6285352814600307,7.192104699740517,11.917153863253441,8.440246143238104,12.466854128083568,1.4029441966402907,-1.099249667033144,3.6487991479809185,-12.632138390903853,-2.7062243624288542,1.0068990272501674,0.716183104217106,-2.4847072891869764,-7.381956619945397,1.7133513214702,-5.326717417215528,3.1745207570053164,4.828512298324602,-5.836346640514096,1.1470950249161453
-14.96863118383343,16.878252852258907,32.63770449030236,-26.218236907974955,-8.386682159675576,9.234384464959867,19.220048538536822,16.583162356350865,-3.3455698222888377,10.61331104980382,15.405270658929481,0.759974419346785,-20.943401810029886,-16.723778948310105,7.513406768089817,-2.4542697943729306,7.432426815241301,-3.002197076511162,-4.443065844193676,-1.706630857368013,-5.733521030770032,0.9332371773035367,4.019138661225219,10.304297228912947,-1.309824751738874,6.770801072115263,-8.96065804366849,-4.198056702688212,-4.519551156941054,1.7846962378308602,4.51718050819515,3.382695657989534,-6.659192558641615,0.3063297098460283,1.9991585806452934,4.920461015527317,2.5581588524294965,1.2246846557173554,1.815474859516001,0.9127600591043956,-0.9025839541235197,2.986318421898073,7.182535630138421,4.73914053533546,-2.7380732917902537,-3.7554933916548223,-3.244263291207194,-1.2007018406611114,-3.780314422742878,1.405756699964343
1.123880589244735,27.456015985281056,20.80375047381747,1.8432147042212659,-17.041379859286828,19.422704390541533,9.214015994068767,1.273791406554091,-0.12654226910534694,21.405431481332652,3.232648060815548,4.2366466770514215,3.797733429371174,2.484419543729977,0.7184737647097378,8.246969029586468,7.576156757281667,-2.0191495277338327,5.612227914175378,5.064877150769891,-7.765249498440292,-4.643385287780057,-7.53557403835145,6.589138459441245,1.2202107907248418,4.745142536949102,-0.04395869566933007,-0.7412317924746635,3.24947724584164,0.8998348067052876,1.1614934656985973,-0.5632007107497509,-1.4329257323055755,1.5047382043867592,0.27418127847462975,-2.021318523973642,5.730783636297314,-0.141664574924696,-0.8549073496611841,2.5492201854258507,-0.7949966495049957,5.272857959495266,-4.429027441984024,-0.029373842443905337,1.9475638016134114,1.9748592183201037,1.2453107472951888,-1.8290708821494115,-3.57702020422808,5.201748013515181
7.132342180707815,43.53066697042852,-18.125704759719046,15.194429159652993,32.57441365398663,10.37938179230141,-7.564509575426545,1.777762483323974,2.1943729046932607,-1.4201444651561943,3.4975800757447764,4.92840992058354,2.912721003503174,1.4896647238211203,1.2060996872165763,2.2083272253942523,1.2592535905705806,-2.903374684010196,1.8129066523558983,-4.478314968631262,3.067776360310224,0.27458844966178325,4.792162696299799,-2.2879257805624733,1.5938814719426126,-0.5295832407643704,-4.282668226901789,2.174580262967422,1.4744951100611603,-3.320408179881659,0.7520031241889887,0.7442030813962748,5.365044657857329,5.972283609614803,-2.1326589876290214,-0.3788940976548797,-8.252428844287849,0.10353497641542261,4.594290886840387,5.945991478687166,-4.548286517067343,-2.5415436125741624,-4.804609933289567,-0.6623068145546865,-0.048613459071333284,-3.3419411215110264,0.4232142627865601,2.49779083119555,-2.032662286580884,0.6743964400730612
23.93373920139845,3.428157030670067,18.844171706452908,35.3565033590597,22.837214713782835,-11.328872394044891,20.15218746680134,-5.968228995976298,-9.246468472790506,18.61987608062545,0.9096498853580082,5.829882730862913,6.202832977261607,-13.099186013933233,11.876331134311341,-6.908990047984091,3.536561737845103,6.305468568993336,-11.650494889796068,3.363501284544074,10.619725885168975,3.6310689820982653,-2.4847268931595585,-1.5172689434660103,0.4783267996749994,2.4136682355673686,-6.58087777194952,1.5058073332940984,5.224997184559347,-4.176285651034897,-0.0962353033863482,-1.3382790231617077,1.6629503699667596,-5.570831894105423,-5.30999361640154,3.0314328707668463,-1.1494208914198112,-1.1889112959447092,-3.0062806758791356,-1.484182781752634,6.123719438240585,0.034039548638033816,-0.274053210130163,3.0812648301531405,1.711086268302392,1.9482060462514705,-5.289840452097438,4.970806014217046,-1.2407446840336176,9.54076659504763
20.01158578158819,26.891352196756348,5.083353679873053,25.207309455898745,8.87017075400894,18.22643716688238,-14.409936490740275,-0.7950297972603715,2.280086029386434,-19.30333691410569,-5.9638275754259364,-10.6635412963801,-8.18778795721659,0.8510555105229054,4.841634280593672,0.7803824901844127,-1.822334607161011,5.760395240638377,0.03604900805321153,6.191585365203778,3.856858409000016,5.074278047598012,4.692385849171135,-4.313568775804181,1.9941911129527505,0.1701901928666136,3.0830201642982185,-0.15736936205132288,0.9512673220081034,3.455234179896438,7.088364475296845,-2.466315543786314,2.2563642942525797,4.984898031025085,-5.0431185210079565,-2.6898338374985045,-3.764090806997103,-4.173457997925495,6.963134362685368,3.2183991198268798,2.8304893190504554,-6.409186318902784,0.9968596032737083,-0.5443702027198812,-2.6649677570088297,-2.0821004839241675,0.9378651379107871,0.26387534014374264,1.1145229224090782,0.11600159020860637
-11.607149643628384,11.558029329821169,27.621236425336622,-28.453166730084533,24.9187044205676,7.555585797694123,-5.645254650061455,-9.02064788054282,-15.762210844279835,-1.142724343119042,-0.29534410570518793,3.2218592301086133,-28.84336611265869,-12.07078560669271,1.559580171501448,-14.94573428954794,7.975836630955918,7.5748814550297485,-4.5075433712960855,-2.63701583916275,3.588517653811045,-0.6889914911275079,4.024079301249118,-0.7492455986387644,-4.805030491791861,8.465683787883943,-1.4127340383793838,-8.831278892367857,-15.329447430263324,1.7501459119789013,6.744137096358096,6.831142219039355,10.53216525998456,-8.61812568349688,3.4666792693918373,2.140091888858465,-7.548298807537546,0.7633130478564124,-3.6318061044647405,-2.2461253311584466,3.932387712374945,-10.056239752070178,-1.4647183563362067,3.791025411418851,-2.1508630404305236,-1.8230541051982025,-2.095965257584972,-1.865769705186446,5.020577699322057,-1.3621573623868315
-27.684316207140277,51.051772129152326,-51.65502358151923,-0.5324247436387979,12.632717315363456,-12.741496951052,-1.598781703136932,-4.905741077757508,-0.09272063770533795,-3.434866051636369,-3.0046464747072386,-8.59158764022137,-0.9638296875295198,5.399393674308664,-7.312576760588368,-1.4392171631478499,3.7646282528609296,-3.757522323105296,3.4269275595990902,4.812105162415307,-0.34317795905357995,-1.3751194307781993,-0.9570146893640824,-1.5627412312649878,-1.691353947141252,9.162315995911998,-5.81839855143723,-3.9817083815043706,-5.336483475928763,4.080013012254532,0.8683980715169288,4.843267316925628,-4.728860306988496,-9.787995413466538,1.8683187770113845,-2.3491388489843534,4.509691077182053,-4.795089021027289,-3.327996464118573,-0.3173399409304455,7.24889266235238,0.06147922842681249,1.762960826485927,2.0547604082043107,-1.5443907630523366,-0.39250534407468163,1.0090052864571222,-1.0769748559867935,-0.2973534650602136,2.6858427931604125
-1.566160819320321,14.838738668727098,32.846450266642975,-9.017323066343204,-4.195485680478949,15.641137164885132,-5.562806051893405,5.861671926435,-4.821846540779234,-5.3090283275084085,5.942835398142132,-1.7631845986493762,1.1217699231471712,-2.602892795470213,13.88119508966113,3.020843762926618,-7.1248126801157925,6.0583975747399075,0.41120594374295383,-2.752227002490273,1.3087769621187142,-2.1199144668930634,2.720647137645019,1.3421692106018097,3.51905449436632,6.967179801456545,4.4915825840674755,9.1218345800929,-0.9822159124664751,-12.102592551720075,0.16641431546534452,2.738267817521833,-7.543235407950365,3.8294681436976847,-1.7783737923552458,4.131157530107542,-0.6722764949928944,-0.6929537187945319,2.0363152043121002,1.8191944585465099,-5.312061796868425,-0.9001787185372765,-4.340981182477804,10.052592615029095,1.4950298365197243,3.3491975337465694,-0.3798307622423888,-7.313640448439602,-5.857953125798041,-0.8688458789488275
-8.553651127014067,-3.8550902876806403,22.601891037784426,18.89564625407667,-22.42066102022056,7.8828790493199135,-21.13847957293288,27.052737739809846,2.3135000804087316,12.300355845227843,-1.1815392940342795,-2.228717488153786,9.414517396445616,7.995474981940707,0.7514075215489174,-3.229812772041855,5.945238458457411,4.841371620623598,-0.5981482703333512,2.0157727566746346,-2.341827666655686,-2.8110497196211903,5.489119689359604,-1.0576113612389668,-2.0841155778125233,-0.6368394498312069,12.822910373560552,-2.192236425883451,2.8932705022165996,-3.198496846805584,0.32706715373062467,13.881846120253936,-1.9799272249986095,7.050212089030379,12.399548203315373,-4.318102806782701,-4.679599152023457,-0.2723466401648231,6.673841156755544,-8.389088485028555,-1.0235173176909693,1.389228528032093,-2.659110209638264,7.457273385897763,-2.8314958147465523,1.7971171026241197,-13.583539402123035,7.628620179267062,-2.088573924222033,-3.69589316281029
3.9573028372254306,-11.547190992875676,13.054153622591649,31.035731307529137,-2.47829833117883,-22.04596998000744,14.195179116985164,-2.02493955794942,-13.593312940025193,5.658647753620263,20.05828126741321,-11.030580298053005,18.62351690929242,-3.686077705591224,-3.138188710779749,-8.527315680852864,10.331193484494095,1.4471204306922014,4.399943817215114,-2.2845418829090804,0.105588968243552,-9.471477697132606,-1.9653350836125514,3.242084168884561,6.362578095989242,3.3656203892950236,-0.024048868725045584,-4.568123092441225,1.1325950170389913,-2.349701194764749,6.097601312900269,-10.25559885826766,-3.962325876046695,3.2706712581464275,0.9320666685931648,1.4752682640374972,0.5427885166437018,-5.200264151787976,3.308630127477294,-4.341997352976536,-3.097210124705685,-0.09772666184712264,1.5646094501378283,-2.4408022764740176,-2.064772682376181,1.0159493385174376,-4.5478301753183645,9.900994755461005,-1.3548361255121992,5.81864062662173
-27.364990665851423,-39.132547487959805,-16.563160824703488,19.391028947466545,12.452520503512975,33.058501627568006,-2.658214570081554,-18.01050806590974,-1.5327621390984016,1.1468622365487022,8.08330242522192,-1.761216661905492,2.4775030442971837,6.123642800204282,-4.1376372505494805,-0.480497236203115,2.011979476360456,-6.70812317815022,-4.583565179673412,1.8957580166188779,1.7151135802549629,0.8682201207410819,16.153494428667482,6.953197955057229,0.7530670474729936,-3.714497052991565,4.471884905492083,2.766044103479005,-3.8957389370897295,-5.813195239362089,6.580874118179505,-4.011545094367091,2.612505653261025,-1.9825873614792169,1.5554675968851328,-4.4690889757896715,1.7425567908780968,8.478548346798151,-0.9651708953492023,0.16411632506397036,5.0107272284108415,-3.726112788724835,-1.1788181489569176,-0.3348335644699199,2.8424209352609524,3.6729039337635023,0.8688184671559289,-6.2069713858623,2.0772905289586405,1.0660459497162105
11.243479616788447,50.5732313620384,-24.277883555794595,21.252386459526402,21.89943955498995,12.030727644781456,-9.20055763774183,-9.253814118591567,6.743288763862187,-2.6157714254737394,-4.8069337348635015,2.9616538177708924,2.1808999932436426,-8.19542917616563,-8.84668883477536,-3.7800952575554354,-16.759548721769146,1.1503270398918364,-6.3819894118986324,2.6954582592302403,9.943938873368223,10.013040640827835,-16.439142517194202,17.277095712191002,11.991663561149087,3.8600095448923986,6.259610099976089,-6.198375177905472,-2.2956422821300455,4.10580155121611,3.3977789568073264,-0.3589800352999634,-1.885130694871389,2.8783790396668847,-3.8750853576270052,0.22711499221947132,-3.4237217561062443,-1.1313114222055154,0.07295595376963804,-3.813403928398439,-1.8792049636197978,0.03481954089608493,5.81684493742877,-6.8693894552948045,0.22023016751503896,0.26343004944380005,-2.6167079991528133,3.1862126738856493,-2.9498620671658125,1.3761911858421345
17.4673773229912,48.70008842276036,-22.135847399278187,15.84846239066829,6.6573039165816414,14.968250518224336,-20.640909924037967,-22.846349436996082,1.559168883963301,-8.822442281154789,-15.821112241785304,1.4246649193164695,3.4435418625673075,-16.18188147363565,-9.650805406209587,-10.17897273783489,-19.515813317978576,4.497295049821034,-13.918531409068724,6.744032277463761,15.338269281549627,7.446131189827167,-18.525320862431084,22.262226228557562,9.831724794938529,5.820155937664385,10.350086612102015,-5.83740352257482,-2.4696234590761907,5.283846176870416,-0.14456031525254814,-2.1162203302153504,-2.3062126652664166,2.20672071935686,-1.199260151791613,-4.185632027187014,-1.0717311562888847,-2.4270872212888763,7.57092328221904,-5.530691315534469,-2.7231690277701333,-4.786440262798947,3.694459541105028,0.1426018068772557,-0.21343551592826043,-0.6288220450130035,-5.764407516529964,-0.3048263249730731,-7.763121593846003,1.4096963443824593
3.108691153277081,-13.627917419373585,20.59258131929142,30.686883399693887,18.496824595567247,-21.18011292530972,1.5444955287855349,-8.742120522221871,-7.793070502642034,0.0737175359654347,-1.4455539909734794,-2.3527098442006813,11.157785802943541,-0.22680272426505083,1.1753142006172808,-8.983000053630994,3.7378596481873627,9.438455543835929,6.454593515860874,-6.27098500888021,3.885241946453007,-4.486422229324317,3.119078279143042,8.2726350003387,-1.3565095006971348,-4.854774376723828,2.0233187734068965,-0.723515793492631,-1.1932788514262225,-1.8156781141777825,-1.9130466975285074,3.7335965488272147,2.201498797291472,0.9956612427205381,4.269226790981106,-2.415570504331716,-4.938914691958312,-3.142958780069394,-4.839643078885456,1.1238269370344018,3.3457218841189964,-3.4963160263306197,-0.9972365540389005,0.464229451710085,0.7145532531317296,-2.836270367981259,6.899142470445792,1.896343242859134,1.2292117017470847,0.6300391239495454
48.940337176849035,-31.45025319169622,-45.211567821282905,-50.98800248014842,2.2478444729354288,-19.1874281526069,18.958671822130956,23.578195628202195,-6.687008783678185,11.763712399671249,-5.501854832173389,-1.1898536475662564,-0.320958556738399,12.372429924956242,0.3422761381001701,-15.666934752270054,-6.018386959084464,3.8770159163615547,2.35017481680755,12.092025020928965,0.9581781983494722,-5.100478710473796,1.9668153551952756,10.226261332157822,-3.591240808871028,5.131195291212448,-0.7370333004440355,-5.224208548872781,0.8967305170616034,-10.443479949747413,-7.050284327497454,0.29643592741251673,-1.1833504870872626,8.615971764081607,-9.953571177887985,10.563085598894753,-5.834680070055908,18.018850843795956,-8.602324790955471,-6.959900534554671,5.766790080689193,-0.7052194564475358,-1.0916488508738047,-11.488572088676356,0.5582391491975424,-0.08123511849185239,-3.241020830354056,-1.399835882419719,0.41824409938603063,-6.9708005635307515
-6.760840840580667,21.444847371621844,22.45990302165015,-13.948946669165869,6.564206585016703,10.619419894570262,11.483778986135546,-1.319618402526138,-2.8566347821403513,9.997125461238031,-0.987463430290598,8.148699838303937,11.716644073264911,6.536814024083231,-7.284087185988267,11.107380547786075,6.146128012317148,-4.633980898950724,3.5647467099274914,1.4401153160499733,-7.304426076373941,-2.0422365792573305,0.05515247126349301,4.0349899319862645,6.402705045891677,2.520981117782824,-4.25303169601877,-2.6405807127971483,0.8802218773693805,-0.2309187192038952,-0.4904432143034811,4.174746147674105,2.7431346107428967,2.685214606041323,1.6410227047516757,-0.19871181529172996,7.339401989314007,-0.9511203774976051,-1.700186802282536,1.7053267735835862,2.8765600247864134,2.687263168833527,-0.4006506719032313,-5.527751432673512,3.254963141692375,1.9463673786984699,-4.771426301949922,-0.595344151382806,-4.506812757344847,-1.7920055815779554
25.428695251734243,12.764394558569897,16.425472483801705,47.31604277419765,-5.443151709252279,-2.8792045696565096,31.272876428374193,6.550437182671632,-1.50828136629699,21.824510953711673,13.181609913403681,5.142416578978943,2.9745754955933563,-7.652225248825911,17.8766595290516,-9.443064058893821,9.913922623036866,-2.83222585458246,-24.134991903210466,11.68131428821265,9.58424012354049,10.631789156704391,-11.151345320750927,-13.141421193997056,2.3106427738936484,-4.307955693138347,-2.3245940486516825,2.6421783243298496,-1.9812784445927138,-1.788957826874451,-0.17836279180772951,-0.04883156821341005,4.563301655044014,2.2453602281822005,-5.79814495567083,-2.298517877620387,1.7665754393748565,3.272375020222816,-5.259703254125498,-1.8444005665768275,-3.29363885423888,8.386293213569157,-1.5479782920989313,5.909630563141784,-3.329740721326907,5.6510246961808495,-0.1550924476585803,-4.231832077638054,0.21018667044256098,0.05575116306569033
60.571480834506026,-12.42773547197123,-11.21591661827624,8.522088807013468,-49.254087396142424,16.747770644723474,-4.9566391991110486,12.403288658890684,-6.081625165792966,-15.435608726852989,-4.454320357498875,-9.80445364450495,-6.644289272683914,-12.26167780996579,-3.9373335723325087,7.167626340085754,11.186015684890302,-0.71669818249972,-3.4139585772658694,-11.30352499485188,2.1619637617943672,1.6400150766576782,0.9382556950759984,-4.575991316621217,3.782807136429235,-4.588609485196439,-4.753656283743705,-1.9126048055346532,-1.6534571543657963,-1.4967623129722336,1.7660920424343725,-1.3358714269279985,0.4076125966449694,-4.7521745462769465,0.3945027416529566,1.2730680836031987,3.411500293303237,2.0459197070016666,-3.697120208588925,-1.4523154435943837,2.7427131200270773,-4.434204128570824,5.05809452069671,2.4323195068335406,-2.0248826676185834,-0.8905000210201465,-0.3006755840430373,4.75919978721336,-4.709328869219692,-0.5295069048001213
0.7196582174723144,-17.319811024635428,18.310627212934026,38.0630374666915,6.293036636051035,-14.726190075779858,16.4595307203091,-0.13473702629848733,-0.26812191091249726,-1.8641616277937405,-13.94393117201096,0.0005432187875729552,-3.4765542422736986,0.04402029371817555,7.068723954371945,15.684269672883476,-9.776043951483075,-6.835016043425667,-3.0674176357963687,-3.1411999489873677,-13.517644580941962,-5.822445401936904,4.805447304112421,1.242309826518223,1.8983883047377077,3.30100909071188,3.7428683547821806,3.181628175413703,-2.323533655791114,2.605377959509834,0.6785061173526982,3.4603062640833495,-1.3449939937216062,-0.11465390308368574,-1.4665545368652368,0.7101472460200979,-5.2458102335749865,1.9120906908022504,1.4494461982386653,-6.974640612698871,-2.6533885319473605,3.268286520961145,-7.845767701765021,-7.418456239370686,1.8005775391432381,-3.7832389169104057,-4.549986492110815,12.199745756800365,-6.154197878062698,6.15130759278488
3.1674365464253977,25.511883153915747,31.94201019256044,-7.071913928056584,-0.1771026064437452,15.661826486081402,7.950241784161467,-9.40342134724774,1.037386585528246,10.85407941999912,10.279094825900502,1.2589970730693143,5.63500890581445,-0.4290261289533516,1.6601969196453723,1.7898952496989895,5.898044771408295,1.2267158133773333,2.471233195426749,10.467706730556941,-7.9646402893548585,-1.6588279817471252,-3.075310190669374,8.183279788247782,4.320753081546946,-1.1707572255825638,3.1247543590951916,2.789665041361197,4.2506022552361635,-1.6021036609314123,-0.5578896969253241,0.7148011600851767,-0.027908248747364625,1.3295572794887953,-2.162322247179591,-5.373020449612108,-1.476572390570155,-0.6744490440970018,-0.5135486670481642,-0.4035458800141319,-2.437763577981101,-3.5527778853848955,-1.5400508199651806,-1.1153006917882342,-1.167621214870929,-2.113699670922384,1.240117299304442,2.19104874724105,3.2716121789704395,1.0549445295786706
63.488243043304735,-12.301325528585574,8.410401924270047,10.663455968139848,7.175292773635596,12.92844134129373,-11.350023956383575,-1.3789791911937477,9.180011468871019,-13.094573860811618,1.4759464633906112,-3.790883170958186,-2.25751127892568,-12.178812316780276,-3.6205035732219493,10.540118584471411,3.24850938382601,2.4561885100819856,-2.1985098172832522,-5.592148011260892,3.435614999038143,6.358367215188496,2.631817121618552,-4.265438985989807,1.6750740836756626,-1.5683216432481273,-3.6096093507294635,3.177285819018227,-1.7337253105055541,-1.2420859963066395,7.113431721985042,4.49653145197368,0.11103477885529639,-3.5984464351127543,1.9845295645613885,1.9436803192051504,3.5180860024816223,-0.2263598308711332,4.1498462901203785,4.363414980594623,-2.292740768036447,1.5354334344977958,2.158000760309703,0.1771355272563334,0.2695095981794626,1.9626143482038427,0.08061294256492514,4.601099690630766,0.9965257394270495,-2.8352516467076034
0.8694887845751037,51.27193161697455,-26.00722658502206,18.93746851332724,21.749968990605172,9.330596567907852,-6.229170616387721,-6.404413870706377,-1.2676866670677318,1.8011648018770883,9.093302411883467,3.6985391057221304,4.729375179464225,5.070015684596859,-4.048255538912444,-5.923746426652894,-3.6429796337621743,-6.1992100572752316,-0.5365834721573681,-6.29710197963128,-0.5192060626394192,6.953726761815793,-5.881217254485303,2.644412574971949,5.6729439514936395,-0.839050568453747,-1.4265650804788104,-0.3145205320426322,-5.912701299391614,-1.5116958752841387,-2.9467224028766767,-0.9083147668269588,0.13465200981097825,3.4303573976021693,0.061888241151193846,3.6840678093984653,-2.2468057726022175,0.1639062900153494,-3.772680629909822,1.2302610611292668,-1.1910640823898526,-0.8717185501588259,-1.7141964091544755,-3.7354602605673835,2.813087807661784,-1.8699006970002787,-2.77037125680981,5.436957855445816,-0.8422601894445672,3.813345868761173
-1.8321141133454042,44.035057066197794,-24.59169137942925,19.514532431693798,3.599509518672934,5.8830652115813225,1.6564952860097881,7.798106887642865,8.05104634592261,-1.4691353687586115,2.3791312630772943,-10.470379303246272,1.0870698921888062,7.729099229828423,-7.175322714772767,-0.7633658648181482,0.39778168684127324,-1.9082926807375078,3.6903232555890586,-1.2991887274205496,-2.3079483533517844,3.6007973152532644,3.3666279032166644,-0.040675354346902566,1.3608401841767468,6.365001150522743,-3.5984832926052865,-2.947211915261885,-8.124608262761573,-0.8237340068256379,-1.474480441888355,4.318737743661046,2.8023395093199004,-1.802621873674128,2.2598482929342705,-1.8466610587397023,4.835385628088363,-4.5915879051992565,-1.9677385691754,1.2308817746397187,2.2003638455679995,-1.273171838167691,0.9006643007318911,-2.293600327776255,-2.1080808890075198,0.10037422636277127,-0.2183951476638768,0.5631183035885541,-1.6854127665349419,-3.351364406824981
6.242395348535599,-10.938038053323643,11.409293497797488,32.45220518763945,16.654555365867637,-24.99477020266166,21.136288117577507,-12.794445370901558,-18.403087149125845,9.842412049900295,-9.145115441494239,-0.7314326081510737,-6.990824530877447,0.05271390276570064,-1.0204087965874298,8.774385713888131,-0.9127568323128438,-4.049668599366632,0.21530522025585566,1.0544474547649239,-8.141921356329805,10.100150755462753,-8.239880084648943,-11.688890980968043,1.1033577242309704,11.616725710302095,-1.2175235291762756,-8.863833476081142,5.627452879542538,-2.7697879261697627,1.1991701627697184,-2.461677059558221,-3.578685134127884,-0.5730071234439736,-3.8867758171787434,0.11272617539551046,0.18587613802532366,0.8111307446883119,-2.4372676475723796,4.173786284465219,-2.3379812516197584,-2.3425951141656562,1.6157693139864242,-0.8515702918862064,3.124317376468812,-2.62504028162809,-0.647612072523005,1.111046340417109,-1.4869866303409198,3.646745496350453
8.509699097963193,19.752418802650812,34.640660152598535,-12.301168891342376,10.291091994889914,21.07472101405046,11.07286500812051,0.20174636431701223,3.3725613788451887,5.169526375939949,0.3432317020564696,-5.468348888872399,-3.768258380883397,0.05250522928999496,-3.2195018854945756,5.233051147771439,-1.100574088809057,-0.00609316887760388,3.362275197801801,7.683581620278708,-1.65086895209708,-0.54767833571374,-1.8119048001021507,5.248928188755166,0.12748464243557342,4.675527418222108,-3.5368976166238615,0.3450240312831175,2.4377094552682377,-2.4902934783328425,4.381742725927319,0.26239933848278124,0.9363979534900262,-0.10485202371093119,-0.13304561563573947,2.217058826723421,-1.0685711465586443,-0.7616039202246179,-0.9110418735024539,-0.33888589516930784,2.858377883279073,-9.2923054527613,0.053400035610243826,4.344788410107298,1.5482278559657714,-0.983503286151094,3.0310557603294193,-0.03559513632647013,6.198996895024946,-0.6337757376655689
-73.72711067715073,-10.572913364728558,2.935727509304789,-44.724989162321855,-90.51449770133975,-44.66559246492682,10.280809658182529,-20.053703910623543,23.412315471615912,-7.559158561895538,-13.870016676120821,4.196526283941303,2.322578300525742,-7.764973260492208,-7.800441600428208,-11.148704368208934,-17.503477185328713,-3.619966548585934,-2.446875674190906,-3.1308936648981525,16.311231734774776,21.31357059688755,11.048296977398167,5.046208381472392,-5.6536351872155715,-2.346583459127393,-8.956175489133194,14.212055165410487,1.1402654448624425,-8.281731217952554,15.1075498252636,31.744144766286066,0.24467204808464332,13.58204306438502,11.242977258172752,-9.452710401124023,-23.865903217134044,8.534303095756671,-13.86567113444062,14.91877512728631,-16.142122163361858,-10.282775707142592,8.429161436501943,-15.414187344304422,-7.558161086753544,-0.7271673389612507,17.067795258438597,8.147232686981983,17.18897582397723,-3.0431079024041243
-12.596977725780011,-12.22196123964256,29.72176206474181,-0.4168272522400507,0.10154954222855694,-10.748853608242543,-44.168923063672786,14.243026489449708,2.9040787998602777,23.62077373584951,-1.4270750702819293,-0.2678981746253599,5.1232309766223425,2.03428768036714,-1.7303032661115993,5.941119449566796,-1.4498896398361634,7.282319500836033,4.783556703874354,3.7504961231507123,-1.1414908709157725,3.5963355944220488,2.758477802113784,2.718542247421311,-1.6299098778258987,-5.842225977696085,-6.449730561347539,-0.33539944207359224,-5.234327357259721,1.8049749966146713,-1.0324923739544352,-14.109469591660392,-1.9813064230497202,0.6871089633400254,-2.5522199894249176,8.543256231170226,2.5244092786641454,-1.0457389833405555,1.552758964564259,2.4318445211019397,2.9164486610479847,-3.2753003554794438,1.4778551192592047,-4.65786096703606,0.18945373971341997,-2.9600741059366413,4.633736855293492,-3.042938754035241,-5.278706203527285,1.58916919385822
-22.625332674208252,11.091495627564115,23.714555367385536,-41.76068128147148,12.583081974550028,2.1450394615053203,22.656415960831485,-0.7807289855555444,-12.733547987669358,-8.112309078281333,2.5898507197164182,-12.854703124573268,-4.416298397737725,-6.154005585362845,-4.4451470242581985,7.003474903156253,-2.424592414998836,-3.478057362720116,2.0401320276546833,3.540588438609289,4.736758783477039,3.5517038167203103,3.4648505374620533,0.16142944541814228,0.3558034849414349,-10.729857859190865,-1.1851162767552528,-10.250931373321245,-12.862592713906356,0.33027564348193456,1.0659210128126397,-4.249882309159996,-8.062410954963118,2.1479888672046816,-1.8305225109293943,-2.4773433131696736,4.417900885585947,-4.459810261495774,-0.5656400390147674,-3.6153829958535617,1.4943371908915344,-0.06348172248774772,5.126808362385226,0.28884626702126154,7.31571263175922,0.5341217067157872,-2.421435690305137,-3.2337699449531456,-0.6459836391223375,-1.1503438609221417
-28.657967773837147,0.580048246336702,24.525175604680847,-45.918856391051,-13.645609029756145,-19.28836069101891,24.29543152932069,-2.2865373743525925,16.356524264664714,-7.700903334237242,5.541444522687458,-5.008887384928616,10.342502101815214,-15.476252694433718,1.7515827540477658,-7.3091181394064355,-11.951857033711175,-8.468024111227697,5.202964257871319,12.282234420270017,0.8656387672662904,15.194955197198267,-2.4031098494124494,-2.7218593271088287,7.691093426422907,10.12239400754079,-0.09869783917450371,2.44694185578363,-7.034537983451021,-16.683790293620646,9.590790818242105,-2.2498474540052773,6.832477651080253,1.8456314332343067,-1.978802526152634,8.320670698635258,7.646497641952639,9.22125423474896,5.240037813029738,1.902972018905679,3.754818475352779,-1.9445526185778383,-11.347542594867,8.587562886872258,-0.5853516619047184,3.7085737734062456,3.5543917557904208,-3.6983739490900267,-11.280134378753774,0.5100206119399847
22.092654623824057,-0.35208714311033057,29.433159019969626,40.55258321488556,17.17047926364433,-1.6412949397865988,10.891034720839574,-3.3768992230163883,-12.67945903519565,3.2183173085562613,13.155928860930413,-10.041037829966916,-8.396882966352695,-3.4724068482156962,1.3040311655496415,-9.135365150941569,-2.9382495095257495,7.274616468530784,3.1633850119329945,1.5040915215600204,0.9172426078319719,-3.8793259209753836,6.31559584152559,-2.297313803068587,3.820280706649896,4.033062501937477,5.292311207658521,5.983149346476945,0.20524518935254668,3.2779153181454297,8.21521775214963,0.8406859057637538,-0.1958735788120813,3.3076565135302896,-8.839801944705004,-3.3935639143089817,-0.17085979120854836,-2.26298810331688,2.680976713526123,-0.4687027338301508,5.396509356311758,3.292423521410251,-4.530717897893039,-4.402017662897606,-2.6027946813338496,0.5419361550040445,0.6247804431315802,4.301847083573604,1.434314231756351,3.705055508434293
66.46361166367308,-21.130689176577224,-29.2911472746143,-25.448192761594143,-3.244221270799314,-2.028121363080501,5.231670523815121,4.73310238166653,-5.426212601979826,5.101325704071613,-6.983589225644407,0.15900909292316856,-1.9808276766221118,10.992939586432767,3.6727005971250435,-9.708464264217751,-1.1022262008808146,-4.0449198299000555,1.148030392241775,4.1154722126134295,-0.24767816384204572,0.7609274819133793,2.1116094733130053,2.395661016433559,0.317451562354345,5.576157870852814,-2.322453573115259,-2.11984546663495,-1.4451460701728165,-0.8392959370971349,2.679374394877244,-3.190040539545629,-4.671655299802093,-1.8126776114234708,-2.594522636485241,0.4066784229529146,3.070921439741977,-1.218823368729611,0.3250409949215229,-1.3466662255463384,0.9057219919481195,1.45063295906526,-1.3313777102809,0.8465208872093035,4.103270416039889,-0.2003852831096167,-0.8610836257358332,-0.0061361440664629025,1.9327136294917948,-0.8549979147849311
-20.61205700649924,8.939031813527171,22.908496976302377,-38.501545773870895,9.267334696225602,-6.577122901670042,18.297506741414164,12.024189950164734,3.6744243969011072,-0.13343042013867742,-1.5377338694816112,6.425708269843007,9.085527242017447,-11.71159427332966,-2.979886673728459,-0.6921267750389101,7.596561433544323,-5.776169032456221,-2.2243697535489186,-4.517702157651929,4.24530862170666,-0.3399614199176521,2.8279691940889995,1.644425715752872,5.317954799075646,7.454896529827643,3.59392484148292,-2.8814492866408608,0.7248878453813314,-2.3292458050526084,2.9650411506989887,2.604545531224357,-4.4201322857712855,3.780532319579857,7.068930763351235,10.679085161341328,9.134975720332502,4.302043270672842,1.6295203976699564,-3.312877809594934,5.994622317636598,-1.759193135306128,-5.492526686472617,-0.39655803156444974,2.068604379746372,4.9726864098401675,5.667502556298592,1.3551811986903108,-3.897054840450035,4.8721755000901785
-8.780017167008271,39.53401595041961,-30.38636908087521,13.476588601432235,0.7940206645193788,2.000119677764574,4.524117831376644,16.622240599785595,-0.829376718761841,-14.415391029690365,-3.824783636584642,-1.8897512633528613,7.344680809528031,2.8796727793778505,15.445054571891752,8.409494455007898,10.067343572100503,4.866230158405382,-8.145047651743969,7.96556155562674,-1.2330036088712795,7.966465977421759,3.0413192173801673,1.8189195031742904,-7.6793066179774785,-7.318149535967847,-1.598580351449827,-0.45323231031381866,0.0666437361512895,2.8118855058124073,-13.476881367662678,-8.437566177504426,2.8662454447021473,-2.2983660948097997,1.4445283194625078,-2.7755833271814545,-2.7257403205923723,6.048643400317395,-0.035081794184814656,1.670555439958844,-1.0938665310850608,-7.207721203331459,0.6860748672612806,-1.0380055954758163,1.0071606922639689,-0.9927475120544683,-3.5464362429702403,-5.082770525452418,4.6581117982331195,9.41060301518289
60.70349723683137,-21.305904025935657,-21.952734659028494,-28.18628535437154,21.60631362034281,-5.770600475088552,-5.739321454068537,-20.17777752266446,-7.924972681160086,0.7224638901037428,7.959614701427403,3.3987553010524594,3.140623504010142,5.487668972828587,4.364765312805107,2.267624588672131,-4.034294073628872,3.8524322906518753,4.677778681640446,3.899227458815994,-2.3840003656135242,5.972893173305048,4.241839748122005,1.3880144503685203,-5.109720850764416,4.703705082004342,-0.1408629051315051,7.5680054259993765,-5.343755289150978,2.0687065216237683,9.011259158993685,5.390692225138927,-1.1810212679769925,-3.6347212815235572,6.823852114738475,-0.5437134536784288,0.4440648951682448,-5.12215778832429,0.8776113523934306,2.9615195320440186,-3.158626679686519,0.14451570703263245,3.086411617145986,-3.052708312578916,-0.8799049574294104,3.2340264921442348,0.7032554666221215,-3.1809613906854044,4.998781970306924,1.8313631778817236
1.415489992047317,9.058151173394164,35.827871188424346,-5.880178564995459,-8.445595740307118,9.186637293051284,-0.6735376584777838,3.383205911959643,20.90665075038661,5.220485774293414,-2.719545433076555,0.7311448028421205,-6.990113263130256,0.5336361056662597,4.543897902885515,2.7415853763752396,2.5140800826609477,4.465616751970155,3.651819358650604,-1.4919118713059976,-3.9661389045787785,0.9912063489602186,-4.6434324503022175,1.1971589248281398,-5.44954667101371,5.631136195712193,-2.482635587423012,2.960314857034405,1.0062787026590763,-4.132369736263299,2.795796599397513,-3.387362227055112,4.273798443563697,2.595145129652022,0.9997718014830212,2.2359805415631366,1.213469616782588,4.1772195780738475,2.982291630264228,0.5275559694557709,-2.8869791126487594,-1.842682593392699,4.154549143251241,-1.2796449788460273,1.364836213703296,1.3554152636619534,6.487181193962086,-1.763726832134012,-4.780877682595635,-2.331842039913434
-58.770865794654135,-60.689227920976506,-37.76550726226613,8.204716458286438,6.351681190427295,8.173987355568478,17.37925626823659,1.6725369670340453,28.187853677991214,13.96906849208643,3.2587902021934885,4.272080684274463,-0.9919499717226579,-5.734726216705183,-2.40000335711854,1.6408866350105318,1.886959642296732,-4.944539624347202,-1.2237509641168727,3.9898144209782336,1.9587520795772955,-9.390946339954661,5.493976426874749,3.6724287696144664,6.241691895794558,-18.013478656661395,28.241343696027094,14.39654620959603,-12.203733228491643,-16.0149706515236,16.171690206098045,-5.604907775298688,-1.9108199210642416,5.959109455879705,4.83199434671766,-5.719640700465299,0.925643214486724,3.7246955383482074,-1.6957626808460438,6.885336025603435,16.97527867647178,-5.213370686433171,4.29744760582712,5.795423294689515,8.816681826830475,-3.3018120651308838,-6.993763862594906,-15.3517848899671,-2.8153893469563687,2.0079562395567367
53.01904069697057,-9.672841340904817,-4.673477038779754,-4.202594515957028,-11.530984265877214,7.0442677090170225,-11.171702813397918,-3.1473821429563325,-5.572521939237648,-5.566513095310962,6.138849073945494,-9.03692700960418,4.294106388576114,-8.885138223804523,2.8881307749705316,12.251310842349923,3.9894077428361814,0.026441500528623388,-4.908103217731161,-6.252880866041001,2.655067798595359,3.024870081050721,-6.992697804192236,-2.724307000961235,-4.96119236551687,-13.060330228828967,0.11406609949558419,5.770820396561528,1.6679895813659984,2.0282866416050798,-0.6578343882203179,1.3664032927488492,-1.9132504141293405,-3.520907898590048,1.9857652679701951,2.5123374429543164,3.336836065411327,-3.3861106360073068,4.041432539649208,1.7267625344857274,-0.19431261815707926,1.163167843364673,-0.8162830797466661,4.693439754410061,-4.547179340896801,-5.207420096563771,1.9446624172715665,1.463015145199875,-10.019848033922033,6.443782322534441
-13.94374229240039,49.336467318898244,-35.734103310175186,15.786711572769512,2.280933723341438,-2.0668039433794254,-0.45518043977440514,1.8956430571950607,3.483136993182718,-3.2615268771984236,7.007432398137126,-0.31104411377176916,-0.914924399382034,6.849053480363869,-2.4002554999500765,-0.11036163137409363,3.5780709830271262,-1.8650862525107954,2.0283365217004166,-0.4201834669469648,-4.4302826643579545,3.3820596571973773,0.5741657801165657,-2.3476466381679497,1.100254657952899,-0.5928159204603779,-0.4731633421052926,-0.7817211161740936,-4.842620746740794,-2.2195631041127935,-4.513334362474489,1.9789119566910118,1.321140393167182,2.8849900150062044,0.4907927550553878,0.770325035384524,4.98154698935161,-0.5775580464516425,-0.09966859059897305,-2.0411983179889055,-1.0139543868064218,2.247778785272007,-0.38273144330741765,-4.341889877840342,1.1498562936187866,3.7056622555123986,1.472365380396687,0.017802561264573545,5.240379499817074,-1.2436662129617917
-65.64421064299685,-66.07360300009672,-34.82546967775845,4.083339471219513,4.451777391162532,23.686733448583094,8.628945817398087,6.499648990294354,9.116886832589294,7.620931395915604,-1.1023700441546382,-1.3163500114667523,-3.9914241900330243,-1.8919767276327635,7.432351136150721,-2.0987779520192547,-5.096283967363801,3.8472294687074666,3.362795765184328,-6.8963795930540694,-4.421731562582625,-1.8634861341808437,-5.005822118834949,-2.3796496524068,3.2223983903303335,-5.275613810899949,-1.7293411549570552,3.4144058649203752,-0.6750325084063494,0.11901676505145722,3.0075653862264047,2.8980065967131527,-2.7365358926032246,7.0601967328985005,-0.5680270116865936,-1.9948907467677057,-2.305712360710242,0.3182804943729912,0.44620404261965657,-1.4984718636866823,7.210450037389543,-1.9322703598529913,1.9163526193961875,-1.9186996784281223,-0.2081788895775844,0.8703621881998784,-4.030211171023502,-0.5800314302944735,-2.289731336001058,6.728434982083149
13.9930619701015,-0.7778075544296346,18.846247843508163,37.887225901701754,9.14958490698616,-11.596576092800913,12.035207080677226,12.574551886872827,-18.340325562013025,6.335340276390149,4.393347897479504,1.2797569409943172,0.9581185644441517,-7.755833567607808,2.325116889524,-10.192591742111587,4.012062101902626,13.93917381768545,1.1912376240089042,-0.9231179197458369,7.416892180954024,2.4101356071587126,4.652425320389091,4.255001762256085,-3.9464471898167863,-3.973845960782031,0.112513430806001,-1.6623016989884825,-2.137530130312056,-10.76550893127915,2.959093664918005,-2.6366935442731436,-0.9460539691506034,-3.2912439056904645,4.37736140407005,4.807902116150727,-2.550804692671074,-0.9859542233802112,-4.068755071405389,3.858133569953419,-1.1930773017912986,1.9476207554989313,5.435964415902024,7.23150832988484,4.47204940274445,5.076618331660862,-8.04424765103555,1.6025350421180007,-0.4429044908459672,0.4254840205455362
-14.928786761433296,-16.547909134036093,26.27068067308688,-3.260249264437459,7.038109434077374,-8.907446358302256,-46.03818950919895,12.93789218839836,6.0645869237681405,15.126799517086047,-17.29592482785872,-0.9970575769550086,-1.0292124951561774,-4.27110820211122,-0.6249874484375084,-0.2872241596333589,1.7064414763882834,-6.231467959086154,2.0127283946336116,2.4604103953347503,-5.143815638217578,4.544778430072527,1.7208061617071744,-0.2749920606843217,-4.335581469032766,0.45513141225077275,-3.4229547086526795,5.087165341333732,-3.304686952369511,4.107918008663376,-3.5617328105986044,1.9975074969826088,4.785943102087544,7.180621720560961,-4.300221094036753,9.89629825735028,8.221496971848689,1.5882006179338826,-4.015867716120602,-4.651300472590784,6.9079711989983545,10.873977639913853,4.307795948157403,1.654333750041234,-1.2262660939119412,-2.219760797073138,7.874044125478515,-1.2683979246588795,-2.5159595547380795,6.201340807264314
69.97594550949361,-21.469003390255825,-20.545000187643222,-21.701424608430653,1.090138055511564,-6.358655889139914,13.689151123315506,21.400376311717466,16.606028921984734,2.914062272856475,-3.034511064109005,-7.215911070605005,0.6603034831626258,3.2029380539421513,2.765813034923893,-8.549723173158231,-9.093652526017134,-3.525591240166312,0.5727524826791244,7.0361947874068695,1.5291560328942853,-2.243148977659823,-1.6695366156269709,-1.1637974827430078,-2.1040526408778266,-4.366356012164047,1.9197932784229317,-4.825395857807002,-1.6671025746727521,0.9847212509210641,0.7338952835218734,-0.26306323667951526,-6.038620139448241,0.03240439169884891,-3.089410789153438,2.4521649846642912,0.01746129758729472,2.09194633085676,-0.519274595059098,1.2871310702006147,-4.4662068571791735,0.8868715236798206,-0.9926515724549767,-0.5313988919546394,-0.8718191934548211,-5.4509630299736,-3.312578249878905,-2.615651526553307,-7.640305936895781,-7.808771015190129
27.12769117175685,-30.579836915354573,-22.098621600926325,-7.593648586081922,-74.88941971521668,-15.135571666002356,-22.93375751824233,3.17815136224332,-7.49275064394722,-18.667795287284346,0.46344775256051085,-1.7141482464000213,3.025271011167396,-14.461238239058943,-3.721875563704008,12.587259282264661,18.009641005714887,-4.2456826129626615,-1.7192214772840597,-13.499151995476279,-7.0321786257935806,-13.397175150211261,-20.493338388286656,-6.575454210783959,14.000731362222549,0.4324176306249278,1.1803743866167427,-17.45670687444135,4.807802128610661,-10.061013246164345,-4.02226481615804,5.925521079627063,34.55787077496415,2.741489800858377,4.613194565748715,2.6376287167389507,-27.793908644599707,9.010408499564146,-9.455574334786938,7.406725089105041,11.649950601764834,9.81814052711694,-7.610437933766135,-17.15801039767198,-2.5849949736980573,-3.1006187440878064,-10.400589554832276,-6.950865839830946,3.5180031075035094,3.044825726913057
-29.065107188170625,55.570695726658585,-51.16254534176698,-11.504507626729636,8.349453055444414,-2.581711039202665,-12.05327762661657,-3.0398487149642537,-22.180379550214727,-13.899121857802651,-27.41447714463355,2.4457581780850592,0.061266957715613996,-9.003885086356995,5.630237052004446,0.7696408223908437,2.54800947036878,12.110321050767155,-5.75073296508251,18.756992611826497,14.240601605802548,8.127727012026318,-12.620409222448504,20.726517820445935,1.5642150255594025,7.52603698766877,2.2836687845710277,6.834191721025456,2.928458834738663,14.144183972204338,9.18668179153423,0.19188037669100336,-1.8288947529400754,-4.741705232304822,-0.6051790430632012,-0.49194365843439475,-4.455815032357999,-3.816913862674754,9.139356457758618,-1.9212432039228862,2.064615777492779,-2.280905558950062,-6.586300795555763,5.823701202510477,-7.82146539508914,0.20150724246598584,-4.681819684600999,-14.078914290754117,-6.496779693697137,-2.586165975979054
-64.62016952373236,-52.078692014968375,-46.920043868882246,-8.741219502285885,13.189378759368946,29.847560875645794,10.580608974553884,6.60278458043496,-17.846268254766137,5.2138311327266225,-3.717052416374839,5.693461441811811,0.9676768379693346,-2.5504860804111473,2.080176347270056,-0.8196735374354635,4.9552430533486564,6.711539228477282,-1.6354626846632119,-2.9782970478321786,8.385531958028968,-3.5017612046478863,-1.4651303655073205,-1.183932724961615,3.413806797660841,-3.410164579315863,2.976120859376713,1.018998680391131,-8.691676890899027,-11.136596625318344,0.6715909759948416,-0.568284804419125,-0.3244198418308923,2.407397420476258,-0.41102865327009575,-0.4271759474169757,-2.1172419014407806,2.7224418616517423,3.7603507447601157,-5.248162212325294,-7.763815713975031,-3.583413661902106,5.8969315833157845,-6.490802377612143,2.699443150295191,4.1426819508185115,12.567749067683245,3.2979803849508595,-6.391990725726638,-3.055066720691066
-26.78576207798007,12.134881503836231,21.949392846582196,-28.527055651709535,9.735135317525213,-0.12434931473946945,4.604840222408192,-14.058798580853455,-6.870475101475055,2.7192374244117548,1.07980526144091,17.935316707373424,-0.9834185869057318,3.935488517799185,-2.362067340582195,6.888039725620122,8.519705558561064,4.618204823829808,1.080807385192251,-0.2533834689179492,-0.37421922616132125,-0.8582173450263625,-4.979658965879352,-0.6975914104084191,-7.878027724127879,-5.66111389583872,-6.039207695513181,2.7158571421002,0.8295652033994914,8.095697228162456,-3.1514202106800036,5.854096500356446,0.7755369607371876,4.3373569124871585,-7.050019113934792,-5.810209709566208,3.434994228444533,2.1607551702139856,-6.611876536206908,-2.887832608037376,-4.766841530794564,-1.6913892452387915,5.492389244270269,-10.767148884515349,13.441303894857636,-2.7693339193416318,-3.1635236032743124,-4.629812714862865,2.6881501106365695,-3.374253893728955
-32.16974783751728,17.746392914540525,21.394055534147583,-38.51990614560748,-25.937217161395743,3.0163126697189138,14.160540521864602,-9.879506290038956,-13.550281942713077,0.5461703277240644,10.020073799959412,-9.464012174659086,-8.75941056881891,7.60937367537226,5.021494986073155,0.8699459511348394,2.537958258202051,0.059986865447979903,0.2920789596164917,1.1647153458067216,-1.8829477136578952,-7.3876704446531045,-1.656477613561009,7.2857856019018215,7.205608239976321,-9.648762402982292,-8.139592596550147,-1.7828203864068728,1.3813474429962034,6.588382836904376,-4.94658120605939,0.9256133108721519,-2.9916044048309023,1.4644453827707398,9.44587853298147,4.698469584525763,-1.007465130501466,-2.401599482917871,8.3687212213641,-2.5194730516539257,3.1646466949166996,-1.7880509026162148,1.872783746116334,0.9068757102789264,2.0915975862540264,6.359607365259126,1.9151141036257677,-4.966679319847654,-0.9528024885172155,5.874918043050477
-57.39022647854476,-69.58627364299197,-29.125176384078625,-6.485980762924039,19.760369770555567,22.08171989194238,-1.4043593991455965,1.9989245021515247,6.58912761011746,-3.118192311458155,-3.8617246332587944,-7.71946607578217,-6.046829892402753,-10.742591972899882,10.52224392781311,-5.460853976231161,-4.897149854095423,0.934777312246662,6.573647250450245,-2.631664242760597,-7.412925898209934,3.232414560156303,-7.663475907631513,-6.107741068448041,0.4929144460132159,4.024404424376253,-8.622499847140045,-4.2327479999475734,4.928552471024452,9.39169677826114,-2.337748481933844,-4.290346477688502,-3.325924865250583,-4.569063483394711,-2.2691551567049335,9.05719255475531,-1.697229194641072,-3.688036569267626,-7.046368848576381,-3.961166921435565,-2.7753987275549226,4.1121883734138915,3.483686940410661,2.23797242668208,-3.1754216916380806,6.895467048208219,-7.140216714677603,3.376883362368278,-2.6665761293495547,7.550896862124061
-16.75989502425042,-22.274633559792036,-1.391410833046186,13.346616694387102,28.42056675446579,-38.730305151714276,20.16530598178479,-25.508446838080275,-18.529480982515665,14.375191035668516,-17.79050701424765,1.1346512576382477,-1.8844130896522238,-1.0409179431356133,-10.691672196129362,6.005777279285849,-4.303891659378087,5.426096736350664,3.4289049322687495,-12.934422849679757,-1.5801575185093553,1.9509683086735323,6.2793797721902695,-0.40267691147583085,-8.219522856756372,-2.880092651206469,2.9728053147647846,-1.0507293819375372,-0.24311294567390607,0.3785084359630496,-5.993708078365758,-6.009995510858602,-4.588076974472587,6.936537532989033,-0.9270761232785312,2.3834386498509086,0.5169690452567149,0.9363919990068972,-5.600481795402953,-4.341446882305662,3.697606871834207,-7.304884581844103,5.128437481309052,-0.46692409248082556,-5.824755145377243,-3.1458926177656052,2.5092053810071766,4.754106608940368,-3.8955073329924166,-0.8985813909093645
0.4206433582434328,42.58966829893896,-21.566944385077274,24.446930733920226,1.3059188471794334,11.27959221855377,0.9124570365435567,14.339716452465831,-1.45610422056721,-2.5568673239453683,-0.07582408405578965,-8.124631768510914,3.685129030371845,4.964231332026909,2.7472412378151208,4.47073372451721,2.784945220179051,-2.3717488708114196,3.8368566751161444,-2.480379685354897,-0.6089976952401022,3.9182003085688595,4.15025900019344,-0.905459341765909,-0.17665080167452119,0.4393051129830573,-5.690702618810729,-1.7515180121801897,3.5458842983065666,4.909103046051851,6.918965556610434,4.497046611272951,6.284736897748547,5.732062608930427,-2.6294857152790936,4.5177153032763995,-2.1206612983710755,0.9958440057724269,4.979745013273951,3.5695318503725284,-3.1333491910749967,-3.0341656988013,-2.4059975464683494,2.296530507910976,-0.516303030803332,-0.282172923879744,0.5840125896142746,0.3976456670467279,-0.3966211701445719,-1.9760455012911142
71.74365728125986,-4.614561851212358,-24.273916813554216,-20.737630567530747,5.021118948422271,10.349881162514372,9.477716955601574,16.19424237649963,-14.51226286093432,5.483509477524967,-13.539538727949525,-4.918427845083748,-0.5902274233145758,4.823567861817572,3.17813108765445,-11.037102495489684,-1.4979649736459657,-6.364759001489317,-0.0009633774825879132,0.45317307012978825,1.769163177848328,1.8752589541071771,1.9100891286932427,0.7567851307841285,3.7817717887646407,0.47873925631224173,-1.921785456787514,2.7365915942368955,1.33496621142612,-5.066419275218395,5.498010504030427,-5.484829497010979,-1.5917229876508823,-0.4376395246129793,1.468222970523144,-1.7281399280820842,3.1960548636602666,-0.5127502790482893,-0.27036362390641033,3.497254426894383,-2.0176649616256768,2.413960313442858,3.067615075199563,-1.8054039927835348,2.418445525347382,-0.08038968753333385,-0.004555190617418829,2.8159809896468015,2.6888638135679965,-2.2798290598684967
-10.269715039348753,38.030235558959525,-21.833785012726302,6.108387042013051,26.5802193038907,-13.763763113429562,-10.591579161473417,-7.002662878430784,17.661183899675976,-11.677529576961087,-0.3513311320382608,-0.31565258165325094,-8.247320086892907,1.7279209908145345,-1.0658157193395377,-2.6985892089092713,0.8454172779930952,9.99585137770497,-6.503234227327006,6.705522604908766,3.438607813769438,8.770514312219145,-6.29572168857496,11.327628212193654,1.8625939552602246,-0.6961128923951602,5.982193031790156,-1.6786635676302555,4.04009325185006,1.2907176080001896,-3.110504215014561,3.5316734408536545,2.7837521820191826,-0.6630335074789359,-6.245730750595455,-15.16006161792963,-0.03128626455559369,-4.482658294097068,6.273268722340676,1.129014389064062,1.4925813960597394,-4.350650776721586,7.104077297809211,-0.20049293098745954,-5.839446733695759,5.660569990071079,-2.445747793254165,1.9812834787133726,-3.9980554113119062,-0.01569051951330389
56.62280763077523,-17.880603748521132,-4.07374936233809,0.03934652798671469,-19.843310655702826,5.579347347233499,-21.7212627642165,-25.080637722733037,12.136324306729616,-14.425149822808361,-0.21410668429476834,-7.939105276026639,-3.648858976009055,-11.653619033320814,-0.3745882602931568,10.454312245419148,-1.3171995423589875,6.199515876520226,-5.917792629207787,-6.934972736723497,2.6319589544094004,7.921450939813569,3.622919100105347,-4.673040239716594,-4.185060609365249,-7.250421466494597,-0.33754149829663693,7.754951692326746,1.2468877506329574,3.6061928866851307,-1.0866511105958538,7.455804215002809,1.0413942799924354,-2.8864068428154255,3.938443806464766,5.2915870722356235,7.775943003872521,-2.0598340303981875,4.526786751549539,0.8473190111676003,-2.1806876739823404,-0.9922318860196533,0.5509498303660619,3.060167138722732,-4.551217474878192,0.9090914433209503,-1.1236346054996338,-4.034782559006108,-0.2602250776368679,-1.9820202592169187
-46.7290931969907,-54.616868793023436,-19.66812684795072,4.528807103905853,3.9833774429726145,16.32143107237162,6.701075887761949,-6.885634197893845,1.135939126496758,-1.7470086673033873,8.171354679677602,-12.705944436220335,-5.250451354692865,4.6354754670314255,-11.578787052642964,6.264896173126109,-0.6319526418727855,-7.127142166927261,-12.895663667210117,7.113488184454475,-1.4657112620178643,-0.6469923084118717,11.23153978338281,6.285122459524729,-6.843543411506941,-4.913440358118045,12.903392953179312,3.7626621270750027,1.7008171434329058,0.11613748029742495,-8.3739817946669,-12.290245031451711,4.036542606307107,-10.194241021396094,-5.674867009571812,15.233990392751835,-3.6293272363758664,-7.593179221295062,-2.835157420462108,-4.035287547440739,-11.083541608291013,15.54553592907742,-4.39312563161808,-1.952448428354065,-7.259423808434907,-5.980000351561958,2.862369026173478,5.578607508990881,5.962050386659349,-11.43535762282526
-24.268064674960403,37.736167855455896,-38.36585782656907,3.0060128172382354,24.248503542695307,-16.92001294628802,8.380274896033601,26.56221600201005,12.340730428044687,-2.1094871657035705,7.470461037714085,-8.767419898273056,-12.09776101937174,-1.4182393604858095,-1.5974633983769677,4.818072640315522,4.392303379534689,-5.402393824095484,4.952212961200645,-1.8160631091801749,2.5634861170374275,-4.499632329583764,10.212872989653842,-1.446948324737548,-7.95288995354845,9.06286480987617,-7.077031921627021,1.8254111794893813,7.943803470488167,7.769392120387654,3.680121686862933,-0.896800050752859,-5.626937743858015,-10.573477133531972,-7.386391768385171,-7.636414670984266,-0.5478825850814903,-4.357613750465076,-3.5404318478316115,4.352264357002709,6.946999333405624,-5.904812442134771,0.8006625660694916,7.456921359262465,-1.1414047263180755,2.1664335013977722,3.1351571642933074,1.7779414512177458,-0.4985513506473514,3.321624697970672
-3.293300350983534,48.257995413917705,-29.113709896074873,20.823708880193568,10.961474139985768,5.44283071013338,-11.510885106852179,-5.579174105909654,4.453846259091104,-0.0002664878346443081,10.890988139269792,6.211756985232775,2.696916528948973,4.789163971362055,3.761518697855798,-2.4522173611670457,-0.7706053028216122,-9.671001138118871,3.404231146446502,-10.497383529867566,-1.3060508247843674,-4.699353186959387,3.5133446584251886,-6.41565049898764,1.9242189980856441,-1.8624321595732114,-2.11018752348604,0.3171398030796111,0.3326754381195247,-1.0708171305168361,0.3789727502273863,-0.28987307870621576,0.7766340177844235,2.102124763587934,-2.4504868413807888,4.936556678530231,-1.5484302690320761,2.7994866168851376,-0.8235549438618045,1.1626892249297678,-3.969302682337829,-1.7784421269265291,-1.5371160434310192,-0.7814399015548297,2.8810527907140977,-1.0647016785846382,2.487725949632527,2.704071578489721,-2.4232009643023313,0.8580662719171803
-27.048594456690925,-40.20189568593559,-12.613190495420888,15.89030744852855,19.165929523601662,27.488725200343943,-3.7126585745844456,-4.138545919239916,4.702801556393685,-8.265928559561539,0.06592061527790048,-0.5529807160087479,15.312052956037972,-0.831457722563386,1.9610998621663174,-3.214140789640335,-6.25607154918716,8.87171187223571,2.9262595265644316,1.4659773846118689,-3.0818948913357644,5.298908818992189,1.4614226955175422,-3.1008866614435497,-4.072563055551021,8.351302041846512,-5.312052983720182,-7.422536324043908,3.4793149238802163,-5.54412509130796,-1.0542438146913886,8.21600570044965,2.082472706589096,4.6618643567012725,-1.8238413028567717,-2.944682039682785,3.4767182334824085,7.404792871135525,-5.596188477729806,5.156931756052291,-4.258927071307625,-5.023887537073354,-2.599522477318308,-2.7583178170635985,-0.6791151860435913,-0.12212124774889269,-1.9941675312448994,2.6694015752334868,-4.375804921396559,-2.5549796795701933
-45.67689928485458,9.672548994656664,16.10998848976537,-42.83975899086158,-12.321986435695134,-6.756653728760095,12.600173863517917,-2.9387000849607423,-7.433639092065849,-9.209919777317843,4.362928768390387,0.7577008299802193,15.220259065807793,-1.1713765988101796,8.547928555863114,-1.9869811243217261,1.6646262332705202,-7.119751684953483,-9.206337675268921,8.406681623381138,-6.345426668673863,-3.641093126620805,1.3120535951073116,-4.663445761326101,0.29156505285554085,-1.9962376269510977,-11.100559264253333,0.6170784816283155,6.151471636974941,4.841296577220015,-7.634490775377858,6.118303077501501,-4.125651016868785,-2.242060025641379,3.3550049843004253,2.245009280292073,0.15887099465771654,-1.038796122733979,1.3917629501742215,-6.574944729682201,1.4940273803202009,3.173626780098823,15.551740176220482,-6.369234658787585,-3.3298399571241935,-3.575195117830245,-1.698116847941132,10.621359982037848,0.9091150258403327,-14.805312880734284
-19.56541721422225,20.02726513304222,24.98115156247115,-14.692168424036266,-24.10306623401344,9.360657656747954,20.21824823953657,10.856713190392215,-4.413345859588498,8.646517376288658,5.338815250653153,-2.2562394093388667,5.94876941008368,4.518544322368397,9.125875862939079,7.053066730027351,8.647216570093121,2.2022192172645862,1.17108888979363,10.093458459857581,-10.761269835696881,7.509209100539158,-10.217915918128112,2.575080481908818,2.8071936261719013,1.452998260271304,-0.5369435959323784,4.6687882330177874,3.66081647159015,-2.0367188112622636,-1.6009794337909675,-0.34469556451822514,-2.6103640768230245,9.862842266721634,-1.0560684801278593,3.520345664932663,5.422607942518272,4.89081252027705,-3.1603913092472027,-1.4504377255003642,-6.642353598233072,5.873704258434474,-4.03331347152203,-1.3611261667873078,5.756978230338867,2.056130242568854,-2.670302317839244,-0.3957847804904841,0.29292391957312713,4.363775016997522
-27.214047541812068,0.6946864215846751,12.355372882426877,-5.392772087018802,0.40207815416873915,-5.0390508416494475,-35.66599493370764,43.98249533610161,-27.42813452966736,22.22225583788832,7.205676733819974,4.246709670036826,18.927085261295606,-1.1017764917840824,8.123568778071355,6.282047699088051,-4.718539752858518,0.8002503485066184,-2.1490018361115024,4.581297795954096,-3.7932864751459343,-1.9141775976635287,-3.278936766962681,6.722842242925034,4.594623560506082,-4.197624659157451,4.442393820514757,10.221963722528342,1.851439114887586,10.894523866822555,-2.9018773216626204,-9.961030572647525,-11.589809872892335,-7.076493671982083,3.284670204640909,6.61022296812951,-0.8229299752215921,-1.5255529827129568,-8.801750270076905,-2.1388419708065505,3.4536520836053204,1.2309990103617783,-1.6282368709490491,5.306892495386899,-2.1759125545326445,3.4985315470218135,7.501737060058663,-7.886639738981364,2.6903426915065007,-0.330459863867125
71.2854527245714,-18.92030089915083,-29.24736104399541,-19.87253232583029,-13.068939046409024,-1.925779886524229,11.01158687746932,13.190589078445633,7.278016221519144,7.93678767270301,-13.625330110265546,-3.9963395729561744,-6.27989999375601,12.255835581587784,4.579023289298085,-11.452520890282509,-3.5358728259867798,-5.733310484505048,-1.9117049223429183,1.1048019980917334,-1.8828395567210978,-1.6780141015870593,-0.6688665096695818,3.396870588185,0.6654133363267384,0.7179163968335562,1.596050017679179,-3.0435283921359484,3.8362849638374836,2.3737700963347965,-3.265026666293334,-1.900457338859034,-3.6276229100934696,-0.16906349085519845,-2.9927988228045,-1.3384196060981057,2.7923033435700684,3.743033849500212,-1.3090282946729803,-0.5161868481805023,1.5181657129563084,1.1656349940737465,-4.408785672419885,-0.0591319724276922,2.015222754593331,0.6434023480880621,1.5817942981412019,0.6351966450661574,-2.5557653812607457,-1.6776383437968911
7.370547234660352,-22.026895805679718,27.559724041000692,35.42042398977185,20.563874240099207,-24.20505623388717,0.3940168760594678,-21.360908955630542,10.197631228048502,2.0180591541188106,-1.9081506383936377,-1.5411211967254599,3.6857377907047963,3.0738340697964066,4.084250875058222,-8.296636821018739,3.9320473129625033,5.138808126040954,0.8872512806202095,-4.317797559960213,0.5883405492982422,1.8631651639236393,-2.1821738768794083,-1.6174938731912099,2.6946439080881093,-1.6439199063918706,-3.152101981321984,3.520940797998984,4.789300964467329,1.5192928059835076,-1.7689229768932058,3.5709587687184046,-2.1541467560407246,0.3031110285876918,0.6382117545189488,1.6449159928473627,-1.4137842931884532,2.0457167688060416,-1.825977316188565,0.9038506058380004,1.9998207748526033,2.012155587226794,1.6416824937492513,-4.747216075785128,-1.587214440300479,2.661660298651311,1.8678328676148572,1.5673542559323315,-1.9864659090185581,0.5159787711156221
-19.109882660610076,50.83206708741994,-46.44875838965336,13.308392578800765,-0.39124792210392295,-6.36948508173516,4.993244764087941,7.43816972443873,10.529687604412644,4.347800541265811,1.1016351232487025,-14.64157425454287,-2.003378746463574,5.278529607096214,-3.6442702371330093,4.205321256343845,-2.8191804858986114,-3.1487608256381563,8.439709993420548,-2.1061227371993554,0.03176786968858349,-2.9633900548867587,0.42174392759982504,-4.049238035224322,-4.707374202637374,1.2842863881866695,0.8543687669534745,2.115995733617453,4.44790137029578,4.311626253024471,2.522541617781699,0.6824779061159535,0.4564253883814016,-2.9705573771744684,-0.9621981741465372,2.053663556427945,3.413780593079057,-3.679176264775205,-2.7795585010235504,-2.9060630259281948,1.1605221412784452,0.030580232743003533,-0.33414496831069035,6.018637326955889,-0.10922448693065412,1.8141978888779096,2.8589175342000037,0.8113191792731498,-0.5101358282963954,-1.3448148163391644
-37.38379435839547,8.102872928758915,28.873795987089878,-34.10895763765352,-2.7248092422964665,1.7281811814591939,9.712012923653287,2.492429158182315,-10.03205078429314,-4.063729762915533,12.519846015371613,-15.564656186252437,-10.848910568644358,17.51694284289711,-0.7935815043384351,2.9791191138859023,-9.767325373004365,2.8163449884471743,-5.448804392629945,-3.6877746913169007,7.671587041229005,-7.8556236144689535,-0.5457690189157433,4.478140109349287,2.976137107147271,-7.301691303089867,-11.066453988447828,2.328591028283551,-8.071636104345986,9.943421134247668,-5.334861238472323,2.2716458789436285,-4.088542105293064,2.3573255256893857,2.2790374834370644,-1.5606379231221714,-5.649201010560902,-1.9527353509846488,2.678997319396268,-7.040392462728961,-5.502931665367164,-8.470783492434732,0.9416113517928231,3.9703760651884523,1.2825553597650692,1.1806251097724745,0.2655107148115145,3.0591383099454044,4.617860965091452,-2.600103270765313
-31.386762055668974,-4.7636387871661245,18.439918852436143,-14.20408529513431,-15.285130507384444,-7.5531614167068195,-14.950078960038836,1.5662084984727616,5.378769876547609,4.641076109510579,-8.362329250626443,4.438535905105756,-20.497724507434608,15.45921936207869,1.2701102918905418,2.8225124338762804,6.146135502892708,14.95091902181242,-10.114928810428612,-16.642120942335566,8.31206952619577,-1.8785987772512511,-0.33739729066614366,-7.594301840558733,8.72423056182069,12.311754104626887,-1.4069363931446415,-0.2744314269143572,-5.291422821450337,1.5611555147334928,8.573398795356884,-0.8600816726589304,-4.021656227661487,7.987683911375108,4.877865841289824,9.594714688353132,2.6490284547727736,3.9204189311083733,-8.189404840063792,4.804721016958188,-5.046909778456435,0.5682493096058466,-4.869245605898008,-2.3052393183786246,-7.240955081174063,3.946159638427027,12.457393762219253,-4.995869134263534,-4.3807023827241425,-8.42560190238442
67.09817721436852,-21.456100373359508,-18.16600780165578,-15.199418421063763,-3.2047979231211636,-0.7339850830788484,14.790410922309047,26.44681495531205,14.533070917184356,4.185391781970561,-9.446353914594823,-6.247179333258857,-0.3721319692021555,11.937166918709138,-1.1182578081678445,-13.66774881797124,-9.160224844277112,-4.427491592245765,-1.4294559575115808,2.964792752573119,0.6192533636163219,-2.140396706584054,3.4388238776349835,3.072886298954396,-0.6912400914721739,-0.6292854373041488,-1.594917533967596,-2.1721513559841115,3.8793769657000365,3.5838193964898557,-5.894523413147684,0.7865574256573389,-3.5121566096409005,4.100587913867391,-6.331645155640333,1.6765821407235026,-1.716499246134384,3.6521828654977098,-0.10290818218872645,1.216172094254757,0.2368720797905848,1.324346141374166,-4.482498096881511,-0.6501386705334161,-0.08922910730248669,-3.8601613472718457,-1.1740679795132358,-2.184232549063484,-1.317056346939049,-4.927471706092889
-15.067525590191577,6.432551032969003,35.59402085222406,-27.456040736955778,18.93018703204469,1.7599857175625062,-0.832624972515315,-1.7519732224078903,4.343334631743079,-9.780251143446064,3.8439087851513425,-10.40882155014836,-0.6119628371825462,-0.866333114136543,4.754992880047177,1.0841322000661981,-11.310136801114938,-3.067556768984969,1.0825900315690715,3.7939152974777257,-4.715949408174922,0.9532084845176757,-1.290533147845735,3.8564151092584593,-8.897945575163783,8.167101834242036,0.3003731466775264,9.892011775335742,0.1646140272225344,-14.152143086599823,-2.5273626102881392,-0.3912763306905282,1.0088544090091354,8.075466750785449,-3.5292269031659314,1.0554925628545986,-2.9321380185684127,-0.769037547238348,0.24211532113965892,5.109629123925775,2.745165215311335,0.7232545538278716,5.830669852045242,2.6019725450057964,-1.5474130975849687,-0.6187094622490628,-2.8574427042693493,-0.038282100929843216,1.4220237667960065,-3.008031488291598
12.458560357212942,-7.535597991498885,-1.4713827124296812,26.48239142895641,11.169191219506144,42.876517268423896,-5.593225113737194,-2.5739373293556556,-3.2584571204499744,-4.468119727362598,-10.694819925834926,4.8641181619368385,4.445342859895846,-11.072235958745004,0.7169119030678541,-5.643856146475487,-3.4450271240817942,1.5373949781529888,-4.989483754657441,0.8210539570061753,1.2687624033448437,7.955755204308669,10.255426794484999,0.24509289499349277,-5.209525086890254,0.2989276485861748,-4.001217653410483,-6.705685129741986,-2.3564932316573413,-0.6357020906982979,4.966064262425263,-1.9845542116765722,7.0671101639417335,1.0474548230484568,6.452108382302864,-0.05769033396750307,2.761688284671931,8.569511665838267,-5.991006771752982,0.5834455618168676,-0.45477872746874193,-1.0164984446321095,-13.1435016142928,0.521266239762415,0.17748348545425363,0.7096817037527676,-5.437852669324235,3.217293416551342,1.2523440899457556,-2.358767616704516
-28.59460331169589,9.020334199257968,19.558299821280627,-48.729996016631155,15.8602503572863,-11.42913480503843,19.949044104663475,-16.544544590973736,5.192318596361925,-1.2785543198900806,0.3662846129462907,-8.546623762903373,4.019766413830607,4.289311226980423,-0.4906733367944705,8.704815601024983,-16.19474106730494,-1.9501375653726678,6.124852768499774,0.4988049263224883,2.011949736389753,8.419770693471476,2.9262055241632794,-5.5304861421936975,15.428279604092584,-19.922016385682756,3.7123071021267418,-2.160492153394773,0.7917660690618231,-1.2452040224267642,-0.6045031409553924,-8.931637926648925,-2.217723893067603,1.0853890205020815,-1.5450565789462332,-3.7355999419097476,-12.357423079137387,-4.910361939669393,-5.686867822565408,-2.951249243056039,-3.4505312242053017,0.7664497865561839,-7.547485780719876,-3.718015119600675,-5.390718270961913,-7.542226191533856,2.381308463079183,-4.926806895630194,0.3684390675567372,-2.663576579523813
-27.9560775651952,-44.99252887284928,-13.069389830865266,25.820866744035534,5.227087065309948,32.11725850031111,3.510763563449062,-1.239048940553853,16.50123605777494,-2.8351382321303658,0.2148261079641125,-4.844068666970918,-2.0832072444051684,6.282893601033903,-5.412058808434306,-2.589927464292904,2.9468310853893573,-8.270714478495606,-5.711745841960473,1.9638308616306523,2.9952148098688536,2.798562551805261,6.965405208330406,5.274637073789244,-4.117907084660877,3.5191135198790864,3.815460816320632,5.692185982941681,1.9885624925593737,-0.5228314786339412,-3.329290850026373,1.5426738429273719,2.611174780353404,3.503915263495195,4.162316588657001,3.5858178980338913,4.289409275432593,1.7472164672726234,3.156756666902456,7.032489976018673,2.341720015426866,-2.244374781339143,-3.1612237306431203,0.6876022265156173,-0.9938316889673332,-0.9704733801731601,-2.549962125321071,-3.556611871819126,2.0328073407293994,1.4602926354570442
9.977304934825435,-5.177757903738163,18.013028915563428,36.454970928255804,-6.864047017325635,-6.275619671410082,8.951066940197332,19.325608126481967,-12.295778806199179,-6.409471405822653,-2.165868325750245,26.685365512670153,-3.022310421590447,12.372567221088465,4.649012047290076,-11.07962239017313,-7.362254523695545,13.380063436415448,-2.402105439432795,-0.6423971315339924,9.795574350544024,10.353014343411813,-10.603029665124016,-3.4666562124143705,-5.370225483947301,-14.84488262321724,-17.72944061407944,17.134412080867087,6.303479548826435,6.222325363764947,-6.243197237168576,-13.405799946689974,8.10417752249623,-19.61638405648535,8.518692245045365,11.42411073891627,-2.9943860384869616,-2.996162111451065,7.472551047348175,3.1674797828232535,14.671175334126298,-6.571598274175155,22.020055519982826,-8.307130093910018,-3.675699696228156,-15.54555441735353,0.8794725371347191,-5.563260245984762,-5.60417657249054,-6.340516569130221
59.85153100425837,-25.656276245402584,-14.221116814066342,-14.297418734448842,-7.105713643281838,-0.10295599980369909,4.640272873563632,12.2138111182131,11.267010131951965,-4.122542691536667,2.7688520268802264,-5.618287099757986,-0.8951423105974027,0.551673026728841,-1.7938884030332163,6.891564104624979,2.3362725028330535,2.754360094059579,-5.3372516593462125,0.8194776253074538,6.143358482978203,3.712020543670898,3.5932781955631787,-2.6666839765830814,-5.889524158488218,-2.1424338063418578,-0.0004652972326480864,-1.6412934943612598,-0.7798379647543322,0.5444822895002066,-5.89722510190691,7.332558098275478,-4.0022137162812434,2.2628239953470746,-5.686071793855309,4.805088079908123,2.5252291872530024,-0.3057962561780644,0.0626145002547836,-2.651013764924225,-0.34510491788796627,-3.839821348973138,0.24096800159251794,2.2791106909310814,-0.21464049950181827,-5.751048625652429,-1.8799070465011842,-3.282151573202289,-1.2521170661364327,-2.989534367793433
-40.64720237367286,-58.3282513373495,-15.23810478520313,14.515267610541649,10.477263092793658,22.433322640281656,-4.0848725584506695,-2.700397201873451,16.896925004514834,-4.424673564598797,5.300344004229414,-1.4884750486462486,-1.1388607090830003,-2.729967584123348,9.096241369601888,-2.2539905992721403,-1.8254117471267917,2.0730407013297585,9.815222712279576,-1.5330502077855608,-10.846507684629287,3.616120800933301,-1.6776800240424075,-3.1118913759028035,4.4858951456530045,6.575572000039607,-3.3142688981457735,0.44133306140812695,-1.7707604364923661,4.8871925221709835,7.954815670950372,-9.739614010419936,-1.9879738577301989,0.4951358298373189,-0.83818301456941,0.9679141363622039,-3.5093830392506917,-5.872962412952855,-6.453141940311314,1.421249377477099,-1.0332482740031341,-3.047260854381629,6.713456352089575,-1.0709822361730967,0.655675604189179,-3.1210998769823433,-7.767080739936807,-1.640120008313939,-1.500869668140601,2.8722457738958695
3.075698834293945,-11.523522804625909,14.65577920996571,31.651658107247272,9.442299923524343,-20.807241150561037,11.637410484493348,4.970943600051366,-20.90281855074553,-3.5853165045037847,-20.218895340577166,5.962224279699255,-2.4376391863983216,6.009786598686743,-8.194008255557913,-7.979178701442563,5.742180013908007,0.9994397289916637,9.951761660617604,7.731576027240022,3.9668247323277552,11.044462053709744,-9.295526794227529,2.9859620943891922,-7.003979498313521,-6.6131875448604225,-10.983349836857895,8.323451901249644,7.881698610600245,1.7598347666041068,-3.882166240364362,3.2246465264196966,10.071552085998007,0.8066027586280684,14.054679177385488,13.384479337012129,7.144712768177913,1.9367124148614172,-11.506900903937263,9.432364953339638,11.510430604995321,-10.486114049338992,14.98596666125906,7.1367551836922525,3.8951035587225626,5.094079554696865,5.949939827492094,-0.25543567783990895,-5.374388388104719,10.961483063414219
-6.461053073277416,27.651649082009047,24.594901147736508,-20.221540892156295,4.149208125691727,12.04618480431306,19.83507647425442,4.463978700725765,-2.761216063866371,12.656787355215956,3.2990986528020256,3.712265985204989,0.6290510784440813,-3.3034391731777295,-2.2295631444158412,2.350573255617297,7.081380064390162,2.4931270017041456,2.3613063839998154,4.3209687468614195,-7.8987440184841455,2.2387604304612854,-2.62877428198604,0.8336429490515096,-1.3155360929594033,-8.373296821895995,2.2276507549620983,2.2935267419302225,1.8008551962922992,2.160252653791744,-1.8941530292220647,-2.7699130310263644,3.839304462243774,-1.6394687335570877,-0.11614999267380897,-4.300627033965246,-2.702873285854582,-1.0753987106038323,-3.3618612378074033,-2.2511401111861065,-7.224306144270066,2.318166987145585,1.4261840769947505,-5.918070266240519,-3.4571723268192707,-1.5019259429752483,1.3233248973757417,1.3027612708159806,2.340711357741734,-0.20374246060806253
13.232334746225654,-17.172897986496295,25.119034652575603,41.17007390756308,11.335684681922904,-21.767951626708275,16.54123158073773,-0.17910548163090112,-2.03334388565494,-0.9254791819791226,4.495714924906346,-4.979560991266518,8.938440754192554,0.08968568113560921,1.6119965416818933,-10.998376958488459,13.962150700348076,0.4114884472710276,-2.056620067765178,3.5632883383713776,3.046083241430601,3.7988663231239834,-5.150926856441005,-1.119145485054102,4.112373483512136,-2.7779319180001707,-2.849932741117287,-4.9281243374609875,-3.2063786183461813,1.4320299870267077,-2.1853686466742026,2.10231633737472,0.3721509925465734,2.8453788989790705,1.073038263219854,5.137730090671508,-2.190340718836641,1.372214519114154,-3.500236653887534,2.4290614501462304,0.45233470897993405,-0.6708958129224597,7.601370689513523,-3.8872928073952737,-0.5960015774114858,-0.31766040637911624,0.9495031778254411,-6.500837137355357,1.7226479466665827,-4.229666565773297
60.55183093344719,-20.69846556070799,0.1586238252631799,4.6551734476107445,-3.777130331233807,2.5030603461968446,-10.115854913951418,8.449042025957885,13.080965113966302,-16.41244881767169,3.44043389548866,-4.4892711748244,0.5937584578290674,-11.469217416267831,-3.208308690194532,12.308253726975995,-0.15135375054742004,-3.9068414264774036,-1.0464311644361666,-4.00012432804129,2.933581452536666,0.6639580617012288,-5.761863872928992,-2.583380904225117,3.0203260077382454,-2.627747608320375,-0.7727416314395861,-3.580400093517658,-0.00015945063177226108,0.9205872872371973,0.4158456846072805,0.15038935643876947,4.78137227359576,0.3538495265977643,-1.245968042276914,-2.8715576936181764,-5.229362351330493,3.135449787818706,-0.9683282197608445,1.1655728928225868,0.07036199665364243,3.5008746714281553,-1.4847584672279082,-1.737646237583958,-1.2988089984423044,-2.2158079275569076,-2.9437022977574983,-0.9901825224537741,-1.1323459808429133,-2.2658064140036767
-16.52887230065081,52.47785105539158,-42.17808225122527,4.584886914987396,24.845525398401264,-4.6969391501592686,-0.44961235258284554,4.010950864288548,-3.525275878622801,1.8707344308605678,-3.2550872132004596,-4.538439870041288,-1.1467990457976147,2.479136138994785,-11.461779163972544,-0.7568518223212054,-9.65858666814275,6.118291188603612,2.0034040582230617,1.1121186767819071,2.2971005073298953,4.066668880691421,-5.620201557109545,8.085129447190974,5.331196926670618,-0.2454152729858892,6.380172211015982,1.8370003624713154,3.225837614839149,3.8107072714778085,7.073062819959074,-0.5935929555950388,-1.27499283286884,1.730570575887899,-6.657906534049896,-2.3779441285908693,-4.534191631440071,0.7665244024928243,-0.9504722746064894,-2.2333632493673115,-0.7490430076687564,-0.6430469297202953,8.74000153157595,-3.8036602688936725,-3.2165787312624285,4.592495252645782,4.765430164397504,1.4529557257072818,-4.097258640194576,-4.220146367966759
-30.75921483494656,4.179168823935341,24.18073491502884,-28.617048078286643,-10.197720172371369,-5.869618861016744,12.85943921521546,2.0006006136713035,9.711744036450577,1.9850368266375826,-4.258121115596946,10.935218932531214,8.662751509446808,7.612915252331692,-11.604028614185891,-3.607530338306514,5.399478922063504,-0.6640767404355945,5.664898040716743,-10.23951252482734,-4.268093514278712,3.662129974191441,-1.5923083926891943,5.214690328676932,-4.223079328166158,3.575558777602245,8.166544463662085,4.87787631565694,-5.910714141676426,-0.5806570061468762,7.456284395190245,-6.809524887293764,-1.3280237292640222,5.646245734095226,-3.5361417030924294,2.1941918117629156,-2.0363678891864296,11.872579842028586,1.1107822908916882,-0.6524664535954113,5.316051756618119,7.244503301305429,3.053632112539852,-1.5952557088472363,-7.130561438734494,2.840554430746623,0.9634232793589257,-3.3995464190970006,2.805818919700511,-0.5599952250673488
-11.375938779061004,18.981813230608743,23.465074075418272,-26.09156989234819,1.2813920336582882,8.247708156137412,-5.367719441742386,-24.68735027463721,1.1119812184124205,1.0950441007244112,-7.987369151137699,8.395444000355306,4.020173657042132,6.602041917120283,6.02412061130726,6.28667412670901,5.501537381045052,5.106661395657862,3.407694230295659,-2.5114474894622716,-1.345634140299759,-1.4049319879876103,-1.9925460745106092,1.5578826258353171,6.756190574746973,2.051580891015639,3.802680755474613,6.986647944608486,6.395308909972611,-9.428611702341264,-2.308436557171629,-4.54331298516731,-3.3300768619769645,1.7356676914215337,-1.805615778876174,3.1999405079586514,-0.7839257406974443,4.264869969059898,-1.7290056790610335,5.707849852293964,-5.183439458302667,2.232848394842679,-1.0458891156630612,2.5073762653766614,-5.384498184391421,4.991443273602296,0.811163684447397,-6.003578305426818,-4.798139598455707,-0.6358124070084361
13.450255672083259,2.5055910940194255,8.114165615207943,42.86764946520229,-2.7574105797919026,-9.670961732830875,27.146310678135862,0.867841573896796,-12.12690475605845,18.207103002006516,-10.171422616255636,-6.006459976847589,5.625235414564153,-7.262670004904547,2.2655912810896806,-0.962201844874795,-7.282109546031484,11.694280855674497,-4.608094188018348,-3.4371890461061314,11.209340948340314,-2.1765433723398115,7.022853782094323,-7.89814046701907,-4.867292363192277,0.5156168885749889,-2.3194307200381425,7.878655157512998,3.4779323476968416,-1.0109817231852554,-3.6442895699376994,1.949954547572086,1.155787365980499,-3.0432973707983333,-1.5383268412533442,9.46050386752897,4.169370616095061,1.278053269755537,-1.6075854762878217,-5.864663092601726,3.63848962723597,-0.5781842728679807,3.9877323866278824,-0.963940675555302,2.144262216236319,-3.5271171845856855,-1.1825356862105196,0.2960000722450166,-2.4988558264394545,2.491049783333524
-32.65587997004762,-44.13616352160492,-22.524126181601446,13.582140406497322,12.8288578151798,35.2026830033913,-0.8203367372415175,-2.76165723183606,5.287624958628096,-4.517103035988312,-5.384914917393394,0.1862068190597078,10.064015687373649,-1.1826569021722397,4.015229283261715,1.219951095526613,-5.163352645031278,10.574796923363731,3.705045491686963,-2.0511708991062023,-3.296451963689824,7.090788752830832,1.3441860949384392,-0.683886681587352,-1.168572657919458,-0.12805534855737358,-9.530643302874084,-4.919588094359795,0.3348987824890163,5.89655613250417,-5.191533938613533,-0.17878436103187856,1.4967647906801729,5.958690217684931,-0.6416031296185739,0.06976574747391831,4.788923616112708,5.4015164806997005,-3.7694637647697373,0.9771177627473006,1.2686480206766542,-2.924566400389007,-3.410381239858114,0.11591650267307077,1.4819304182446995,6.080972984598599,-0.1684576306485698,0.7424904739069254,1.730519646568312,0.17733469566356036
61.056466122622986,-32.81794983215339,-18.531891393305113,-22.8694486697713,18.34172562338877,-13.482098074041707,3.3163390734033658,0.05452228408439986,14.02315075848003,3.606376037784062,24.30073752735227,2.4307559440652247,-1.2196200000193747,-6.2089259993380965,-8.521337593803706,14.91696831965436,-0.14997237910917896,8.950411324284406,-1.3195163665072822,0.27512202474296565,-0.4906498449825192,6.46857504725344,1.6943103216520465,3.2258260405125907,-6.576666449887151,-2.457344285805257,0.44832229552931135,-2.5883644123001575,-7.7937088913873795,-0.8929258072989793,6.624409080783977,9.750984646921111,-6.532204926536455,0.17560661110571216,2.3983176040365457,8.231327018335778,2.183273649791524,-4.404714416771641,1.2211622067797012,1.126155393234415,1.117285248347748,-2.84704861670802,5.709228678820328,-0.8333034493564984,-1.8019734299116033,-1.7870697000315838,3.074539655709544,0.9759239535848027,-2.7518046622896093,1.3838029905520175
-7.867780241254187,51.87819985376228,-42.470078591417774,22.043766616193405,0.7291341581924642,4.931719225406055,0.21748418187026244,2.9020822090737366,-0.5817182120113709,11.424406820157273,15.597851958533694,2.2957936071019875,0.18457154384127575,1.3451527054225931,-10.299219423952005,-4.120358992333859,-10.531619223705777,-11.541381317439708,7.416603274060864,-13.64107928702658,0.7404797146407939,-2.4507186281794104,-2.5043330767055942,-3.914892674697331,0.6675056030834303,-3.8626853294715544,-1.7995053371729426,3.876082669612236,-7.026251679231505,-2.9167316937570353,-5.39447809006902,1.3841641316334794,0.5278253785793702,3.9580605310294605,0.4368125400411828,4.750981954058168,2.1965138414045273,3.636286981136739,0.12222701930494534,0.23710008887130798,-4.250221718068666,0.10383313667616814,-6.185389617165713,8.129560312316496,-2.0458139981885215,-1.1010925928702688,2.288717876296397,2.3164346023370688,4.0083012589515175,-1.1921400161354647
6.508330398629047,0.20207425786482164,9.363265121716028,-6.626660855149316,-27.107154177449942,14.38753962516298,-44.85888606597832,-0.6534828139568765,-32.5633531500577,-24.24133107502646,-29.330464507886127,-14.394598036790915,1.3681829778454564,-15.491073573145561,8.337266861319101,-9.006026717891475,7.160594096389268,-13.58211826854814,7.24719086384778,17.465291066103724,6.287474673881291,-8.068337574543248,-17.17450699575681,-26.367047126978683,3.272684255590953,-10.621825165846126,-7.920571566933134,15.534208621473809,-15.163717309703955,-19.976096107224926,-0.031183004163320573,-9.150243548874274,-7.394229269447335,4.128821147965842,-2.158070655954947,13.229373054372182,-3.5418603924688234,7.188624957391327,8.359105255095178,6.918184293388294,12.18194537191006,8.399732445585203,-5.481105874803102,-13.657536065908358,16.296758439709553,-17.825520534050906,-9.421172943508648,-4.801681995391608,0.981366336488075,-11.68917761243988
-8.77496024724835,-24.78444583979528,5.258306080937423,47.41448559574192,-50.35056626836882,-22.443612787588563,12.573103638355486,13.607944335586149,-1.0766977021764914,-21.13153909354915,-5.490813054218114,33.58929486544583,-31.932211047022587,6.213148520090879,-16.621646700884973,5.8047202542750505,-19.06944368257812,0.5839354229484253,14.220378628953256,8.976822328475036,-5.057603291056932,10.962072818881683,2.7683787641602966,-3.7566960129950893,2.5054192322299844,-4.917010381216569,9.683718319226262,2.861564929214823,19.086073390998187,-13.007493642085398,-1.5833568692436404,-5.272236262251447,1.6318666575722733,0.7651033340104358,-4.233802496164591,16.808645814418924,15.001573383969953,-23.40969572294705,6.16353768344285,-11.079474958408921,-0.16568615527891595,-6.6055031651515534,-8.276675862585732,-22.156659652248255,-6.269179565352382,-7.193439509644707,-2.487339305642931,-7.210886997206496,-4.664885836289331,2.4649430417147222
54.58526357237727,-19.518398157762956,-0.08843142961362596,-2.7527195331661547,23.528502664217672,5.768988380189759,-15.892495741461376,-7.828183162040591,9.548274008595506,-9.157446200045827,3.287449100895516,3.5488729091572164,7.073046378495701,-7.021166466541224,-5.294981938922769,15.717232974879762,3.456097631194881,6.51042249202715,-5.5285687576884355,-0.15607771604325774,5.367840639600829,9.90237365747139,-1.708809725928013,0.09119313470142683,-5.592324491802344,-6.883763085485759,-2.058446745315899,3.7385244511610862,-1.067606331060852,3.117583683653457,-0.7720583640961711,3.891692325265546,-4.974461247165349,1.173604943055988,2.5961702042132857,3.247561626169654,3.69030547934084,1.0099073862250494,-1.7221759868283124,2.629007349642565,-2.1212630798003618,-0.21954958325573065,-3.745873097266885,-2.7398230162295114,-0.6970262519456946,-7.324412633814255,0.8548669800926139,-1.3830968516175155,-2.4100595785752548,0.481507402584608
4.31452783195278,-12.901909424198255,35.43644078064961,9.437551210553485,14.768597295623225,-1.4494738275150698,-28.79929831810523,16.370392445648626,22.222352356049594,10.853038742099276,-3.7015394613802273,1.5304136519720044,-3.232520610777594,4.98880512935418,-12.537664375506933,-1.2787353468090359,-1.4592630453369047,6.840139528843931,-0.14427067694658574,-5.316563518777665,2.809649736419932,5.7369293374835655,-0.9193727141978488,-2.0513779147214173,2.9624673770800234,-0.897022716484531,-0.2445222722594565,-6.261403627383321,1.6999888663043816,2.7480955304406893,-2.183551237320425,-0.8801486861296937,0.29077513056738497,-5.6075699996362856,-0.3732042138703558,-0.7210716884882674,-1.8907619477460749,3.7604040358658684,9.059512049442935,-2.3229273950839198,3.422279999939456,2.4089087758808203,-4.568383873834808,3.284129419047355,-0.5403224821706922,0.02126544872688058,7.596177155647228,1.0652581142666881,4.881476869889214,-7.0696890078603065
-25.276752058713022,49.77055190574313,-46.657547473459516,4.417544368524323,1.2436047447863305,-15.143028300951535,0.05894538999021312,2.830839034532657,9.370729759229365,-2.2113314879951305,3.8608608593081644,-5.695560428002272,1.1048958662337915,2.64149616861089,-3.5944390288813306,1.7498178557007065,0.8011026930834247,4.992772585911712,4.330530263525982,1.2062601171421221,-1.9700900735501532,1.900016956485455,1.7798624192427253,0.6132309687691575,2.0387800091158024,2.896257830316599,2.006462657215612,0.4306403498921269,-2.553568019575954,-3.3958706833294303,-4.160985940050565,-0.8846006138800083,-3.598105241853191,-1.7768401724194014,5.304901601157365,0.5055553678652882,3.8384156840170105,-2.7147561991530176,-2.557960573122925,-3.140471357089472,5.325299719516362,6.33291535380553,2.612711659997499,-5.749014644573049,1.3376495504493344,1.541481646744378,0.2914906009230086,0.4212892831551154,3.062377594088315,-2.410095035905796
-9.046181777293645,-30.307680526061315,-4.796978833968985,30.56425673463485,18.605282395486906,37.82870606755037,-4.048211505879568,-8.160038808317774,4.746849259093529,-4.735396972538227,-2.543942479975086,9.84550467602724,5.294948001768863,0.8997339714157829,2.048632094555718,4.971468054539131,0.6621250803562428,-6.638750679365322,-6.9299087248731,2.7559378617751755,0.5444127729096455,4.807309459762731,8.88837026058335,4.850015327851619,0.28493325958686244,3.2681018277691143,-4.0700003107184415,1.6139778345357294,-5.270696114040647,0.36559870859830423,7.7909544302255025,-2.2523268777773944,1.084477402040231,-1.1883805913928918,1.5975456610601346,-1.4199008468655758,0.9167168552165234,1.6180550727850789,-7.3425101760828175,4.489348801275571,5.03929152873615,-5.6731989996899,-5.172799325817109,-3.692390104526106,1.8170075847095506,-1.8594935328012436,3.7534424044323518,-6.53149889401499,-0.2994896865454552,-2.332442334619647
62.0777445509474,-16.88679518280785,-31.52352989763899,-22.880487552756485,-19.659056547808728,-4.13813042544328,6.7823928534406,0.8540987299132017,-3.5769380066732035,8.086502026437211,-6.642010734892309,-2.157638121160341,2.5209819845765713,10.918879401131168,8.787315002840003,-11.676896540487192,0.34559635179027753,-0.35144808866802646,5.415208202113526,4.625969560967233,-7.458975965364022,-2.096899422975093,-1.6264011917584704,-1.1326582179924538,-0.30719261441755225,3.1252516202311402,1.333716677003253,-4.082127674875457,-4.24025845655813,0.7203441563108457,6.54797589145352,-2.1494462089626465,2.6811584525187775,-1.8627048488545683,4.666104791912749,4.84696056197721,1.0508612932113985,-4.147889922032992,5.640300779881099,0.0257966024644344,-4.895584950677897,3.916394150084477,-2.3511921259004285,-0.6114068795912421,1.1302565241570595,-2.9979745311126353,-2.271222118799953,-1.3921376300359702,-0.87940337573277,3.0364884296016204
-3.061656529930528,-28.405727999421792,14.760551400055355,34.9342624870481,9.622610187301238,-20.500467676160692,0.049348978688411364,-5.772040978809719,7.549795768939718,-7.618557665167269,6.199915036919765,23.2689296818846,3.229270482384325,1.2019000182974862,0.6490441981233006,3.9839426898933428,-10.260253206164837,5.392158495730687,14.3370628397161,-2.4575126344510907,-6.064880413200571,-3.2922234564151616,2.736225635347457,6.170687322746543,3.3853532216926627,-0.019333829626107732,-2.001019342323537,-4.28503134036177,-0.23848509975168095,-8.993355715624155,7.6849820422597315,-8.019559869006928,-5.341295209570784,0.0980548227054187,-5.908608547365886,-10.159495823825806,-6.503150084445943,-5.973493771126197,-1.0430892546626207,2.802919553222652,-8.256847513378275,1.4610841478238101,0.2865462560895531,1.905991569506929,-9.36753024998287,-6.625045300865585,3.4581532794588496,-8.382319146465985,7.398606232775891,-9.810385202956086
7.090868642997592,18.47133464047271,29.523506301102834,2.351807897589628,-24.620504141104163,23.930627783292824,4.378714942525585,4.300882957185701,11.186272388126378,-4.974599464383706,-15.945218210773499,3.6993480993612122,-26.2030423429644,-5.826508487223334,-2.162046391567691,-3.285763419075746,1.1347235308958976,-0.25999478638605045,1.5852239663970717,4.152363112339623,3.1178845756059803,-6.634733292286084,4.254739793070003,1.3430413469389797,-8.488906186711931,-10.411884896286393,1.1482479613613685,4.060118479943507,4.871483923099521,5.439794017085355,-3.04352808606736,8.058871022057115,5.476324952360014,2.0047071030707424,-1.1635944515864354,-0.5757580762295404,6.818751028226216,-3.734148945081467,-4.08828642169455,-2.4775233905846425,2.358984919623702,-9.83541861159272,1.979831565832902,-5.349010908907092,-0.9134422023687554,2.1315811927303705,-4.319807099244253,2.072439696988039,-2.697437503139276,2.977623432524926
-24.384988834159675,2.309280920764201,28.735630318041338,-32.9757366816645,8.425814520284494,-5.48357267341453,1.2553728546956207,3.1569215419905183,-2.2828109131477605,-13.461021405378128,9.48303075356527,-12.813131901511353,-0.44234211701882215,-4.0794661489703765,5.3573346676814575,0.22802384148814933,-7.36954058821695,-4.642541927944573,-6.525070523452929,6.803235190181485,-0.7859881064352437,3.46706619678349,0.7710164107488338,3.9735321978295013,7.802413575960993,6.449805475725084,-5.589657403707426,2.309314430865078,0.19056239627054292,2.688958146147741,-4.753672904952508,-6.595149665818555,2.117145309851361,-1.5963646318380662,3.5721254454812725,5.118643166630047,5.079806093339569,0.1639642531051092,3.40765534309548,-4.897055655582901,5.168265291185602,-7.376465499316538,0.47969831538645524,1.316485803528481,6.812717181860723,2.2357710208462023,3.35518710773997,-2.5029370556803086,2.573335556672003,2.8476802018143306
17.9740948094555,-5.371932504018796,27.90904474137292,45.61088331178287,-5.334731864911686,3.0465172040055246,-1.7332975664994428,-0.36963468461940874,-11.999058719745285,-10.462067211650984,-3.1691193895183885,-14.236386734860561,3.829573202237277,-3.2740448953120906,-1.1711986264642529,-7.581069613074935,-1.2021852824240808,2.63462211150989,7.821936111477364,-2.578440287199466,3.2833809572814,-11.821943859556878,4.854960380554095,9.211620484265996,-4.93805969383114,-3.985472390023222,1.9950752349384258,-0.13876941200112505,-4.300104978914489,-0.9862273448019538,1.0945515764117668,5.64086443626488,-4.003638718037277,5.018810314414929,0.6769268826226628,-2.4570885979633204,2.826163339895313,6.644698564186135,6.078417573977762,2.8199119945682267,1.5033423420867493,6.506824745923463,-2.962125330974546,-2.218528206938946,0.8008287404427099,0.7822152783002464,6.458616335650709,0.7381916746958723,-3.99436283709242,4.997019890514453
-41.29211098118722,35.39313479593595,-47.0975592333714,-10.074141931766631,28.069496699385258,-17.493202690155695,-7.590916078672129,-3.4525870068369544,-5.081812447905866,-1.132832931354252,2.4795777875578797,-0.19759798893854486,2.63491013855168,5.446207204110848,3.9178148698963904,8.23878531809454,10.194420621748387,0.9450129115796934,1.8177020518657505,-1.915019592665862,1.6852969508291569,-0.5689238764739457,8.028737271807008,-2.819251350635218,-0.33123589964668904,-3.8749717426291483,-5.809080187313399,3.0084378504996687,10.45129227341109,3.8941867015154163,9.705729150772585,2.1024102722517477,2.5545536262088038,8.459236727253067,-7.187792295397832,8.73947091005673,-6.361167540319697,3.485131030900423,3.81883110502473,-2.423996628319306,2.053301980595206,-0.9314490728859169,-0.017568893019879444,-2.378426864795237,3.4384952085988854,1.2666981513203635,2.686392783691047,4.838259777698993,-3.1500265670496246,-2.09958695578156
-1.350497895448166,21.702745315074683,31.336183664002846,-19.834529075547703,4.020677881482625,14.97871954779924,9.433248108706934,-8.639574384234784,-10.287509676059862,3.8196980585333904,6.3572523055275845,-14.054016690483893,-7.654088503398703,2.261500824626355,8.00984529917561,6.207583353695879,-5.134611586663747,-1.8785625111256568,2.223949204250745,7.930459266420703,-4.3115668903079465,-0.42651890725274394,-3.334331607679251,-2.199359766254594,3.9910742749739576,-6.979831896598958,0.5434486952172216,-2.812017310853399,1.681940440727953,2.2498485138539,-1.6396074044027436,-0.5299439732903218,-1.5658979157066097,2.7789207549193873,2.2314670950679307,1.8939643799554835,1.1380698621897527,0.9536789586219674,0.29269457966846874,-1.3422445862013417,1.7818556032265727,-2.942592361419295,-0.30760179423616696,0.4385809247590017,-2.634654969731183,-0.36287097683034425,2.617854561788192,3.7267242702318315,-0.17842214994544192,1.5924067656099512
-17.753775905566215,-25.706836493225673,9.420685932230839,17.14792302636226,18.273727093153777,-10.795549357040995,-13.656878254538064,-2.572045054128804,-29.23009491791921,-17.39621148300718,14.381428334472522,14.938891680534553,-18.325722958964246,11.032378940908332,-13.2076389653019,-1.6582441990480137,1.5325757313554504,-11.629084303512105,8.192135274466684,-2.415460295289948,-4.80189031889806,8.728921268335574,-2.9370199467209486,11.427016576112562,-14.824324393288244,-9.846038133961068,7.417786148336614,-6.5704853326311925,23.135647597709948,-2.294701481118172,4.762746485151818,-11.2120701318782,-8.026933181175687,-0.6700821438277552,13.6134373228361,2.2251989468351967,-10.878812548375729,-7.985800046606632,-9.269378037439727,0.27182852339677177,3.2498444480444864,7.295549730049075,-6.4032920961282995,14.612556784196025,8.358251822928242,8.400607962393606,-1.307666048405962,9.216426021215236,5.071966510901411,-8.172880608631973
62.20127438569606,-7.012498515755481,3.09928177433002,0.3393277694918846,-4.797326381603603,18.975371797649153,-15.33352440018619,0.4925781334051287,-9.831133480414007,-16.730881402634534,-15.103493401494658,-13.13411461162965,-4.091958678375013,-11.985880777028306,0.8775830232599541,4.594134786556301,1.8114572228234602,-6.357562335669084,-3.8148944619433363,-6.7607707146737965,2.6528799632892164,5.351046664555012,1.2595705562815391,-8.635386494410298,6.641439071113539,-2.981880777356382,-7.02990890937925,7.072865565123198,-1.0912517083651894,0.2716957170682777,4.9333699281352414,-1.061309752711952,2.434222608523982,-3.172002145811391,2.3091099329170404,-1.6347632302405994,3.5986935860519167,-5.817887268259811,5.56337229757017,6.4058750067905565,-3.9087980510900797,3.6359227159572773,5.013875879398809,-2.6585698732704617,-0.11599403914635717,0.21822573244561275,1.0404391516871814,-0.6022906306626227,4.0514545077538555,0.21804653124321371
64.65660679533708,-15.42632673112937,-28.568148303960264,-19.799514736775322,-21.98146971717196,-0.9115430949908226,13.188246333186934,20.119094755652537,-0.34153003188731995,7.5263198029215435,-12.229376044258661,-12.93374587907749,-11.270766153112218,5.560635336453077,-4.284591759676846,-16.194176330302433,-8.801662240299688,-12.152349081385337,-0.7190272323169505,0.8648590842080627,1.7655649689213597,-3.127661977177972,7.9020436318170475,-0.3100717582590019,2.6543097372889517,5.847446740541302,-3.0685521886644462,-2.580946784375559,12.288188633017132,3.900996292913744,-4.7008213025920265,-1.4916761156823235,-6.250720445178393,0.7858975890634358,-10.181414076301335,-8.023063667938658,2.199098897059346,7.012513577667828,-6.8737272596782555,5.793454704314141,3.015061809438205,-5.556784230928482,6.944572122264756,0.8686256134198491,-0.4994583726410698,3.2470234295041664,4.336261271101323,-1.6919951383829503,-2.7249456371287715,-4.851600447065034
27.26490904857492,3.5766743936911767,15.73065795278263,46.88270468851133,8.19331577617317,1.4998713334747946,24.90477233109771,6.306389083369927,0.09261303299312426,8.978700551493029,-16.345086728330124,-4.838578390955496,7.536957936960069,-6.099619289624885,-1.440357587292837,1.3425777828142742,-13.700171439182169,7.817583132082735,-3.2497902375257905,-0.955197963905255,10.450115134195654,-6.26792032502267,6.318106276175094,-6.106204553768904,-1.7060354575178587,1.8248734160344913,2.8744097628474714,4.399497310720248,-1.1762125542740902,-3.771635220930102,-0.9396050117863941,1.1361368714370885,-0.4217053903553277,-3.543520019179394,-0.23421542895445993,0.992507702531458,1.5157546010021623,1.930128930411972,-0.0010970567783178096,-3.732023747422064,2.681458260592549,-2.2326646027054804,-0.4870581184803544,-2.277095538137048,0.7605967854804083,-2.5916857958556805,-1.8954984799199437,1.901762409771699,-0.8008326707294658,-1.4230638754867608
-7.6604574713738325,21.266966858231434,27.035209791102442,-28.455884455732214,3.124661125745648,7.762258034865732,21.828122306207952,8.783412109151996,7.749228268807793,3.392032891675712,-4.541649857609655,-10.665937968643236,-1.8915587020189382,-9.28697301115558,-0.5732982132694666,1.4433975819447393,-8.880985425892032,-2.1438329837514787,5.390222645483414,3.6568134574730524,-0.45973391358154114,-2.003675954647908,4.641105656174015,0.09392818144699353,-0.9268964932166831,-2.944606314989832,8.515838840627438,9.647945330653771,5.719883364943073,-8.701124350419676,0.3761972898096526,-2.2069392194801387,-6.506656802952437,2.5994774111193713,1.896616740125047,2.546067824638072,-4.66851938533895,3.38752489498239,-2.865638081238611,1.535401360100987,-5.294814761152484,0.8636747172115941,-1.486506985048034,-0.1991315148892505,-7.264753073254317,2.7486875358501517,-0.9370385671468833,3.1742458640321676,-0.42697732265419575,2.8901291556423327
-0.524840166764582,54.040890792816974,-36.14505742570108,17.937288459195123,0.17915836913442681,4.566254659959859,-5.412316816183586,-2.2873927488665675,2.0801422166074106,-2.458117976147313,-2.2456219059743208,-3.6504018421014095,-0.6748723912251205,-6.32979136990698,-9.834602750113959,-5.640763622372462,-9.072191102716275,1.5762675559409682,0.8746462599009669,3.93471361285459,3.8094790785873816,8.342514959341218,-9.670985764452258,13.893128397358712,10.099889810820587,8.978800126305119,2.739866010983543,-6.398577303317805,-8.637291204644344,3.2767869407020536,2.049683447848563,-1.821373569812649,-4.281270711887254,0.9857516368550758,2.2176995365899455,1.5434656823758193,1.7858133975844808,-4.3061780297443795,-3.525586378335753,-5.6122578654913005,2.480721157610578,0.5570020295040352,7.909299568235091,-6.297709447061892,-0.2681225956060642,1.2636055461646443,-3.192987468764807,-0.6835171337235045,-1.8062392905556441,-0.11238725329280955
-27.013808090673074,-38.419303609853806,-16.491695879478417,8.418706263488168,25.06329359010432,33.523505142935505,-12.6664207330831,-26.79154863399168,-10.84058570929212,-6.659309399663531,2.8714890348013484,-0.6311220789724211,11.409241058211487,-0.802287478374413,7.757260223465177,-0.8106787241483315,-9.805300292839805,0.49299958482911793,2.6878056069816574,1.256146325402041,-3.072221707105856,2.280548029490766,5.8566874115982746,-4.9651353455430085,-9.05330160357988,4.633397066544134,-3.870241931776861,-6.990740825134233,-0.23327775962328265,6.23748330386086,2.6448390267836204,-5.915253226927154,-8.549609848737438,-4.416415513609863,-4.991463432296086,-10.000388807884583,8.060852577661636,8.541597823795632,-8.80761536126667,0.8317066779686584,0.6251744613026805,-6.742532283734705,-1.8608948755422992,-4.19234746050885,0.09167154715110871,5.592694569511258,3.1960947135195203,-3.1955167032218097,-4.541109405422345,1.2873466819887038
-24.307164369063514,-3.142028503092755,32.73204171533024,-33.577116581274396,24.044875346461286,-10.482553541502702,3.6007166795353447,5.098872343468777,2.49162056249051,-17.416004164028006,-0.38762058777742986,-8.795267826322705,-11.413951599539262,-5.943840045948669,2.4073444182789316,-8.964066092988118,-2.502774469534621,-2.9268786698797675,-4.935933258264607,-2.3036921832659663,-0.7413865911454599,3.9001782131384584,1.7210080280480204,-2.323993747197486,-6.1010479175853645,1.7669894296490682,11.480421486361706,-1.2200022320143256,-3.51283165755255,-0.8816508751406116,-4.2880781435722595,5.421973178049273,2.68886233774393,5.0508756019657834,-1.3644439039735334,-2.293215072299713,-1.6502790474347777,-6.273073252422458,-8.202576706743217,-0.4337169791148219,3.3916104370519107,-8.060708123343867,3.4479445765423966,2.828960261334985,0.9165565432995059,1.058740815528624,-6.7135370526840275,1.1659878142536237,4.660405743035623,0.0675535500576363
0.5507162421164158,15.810214091962951,22.67612978498482,-2.5468426371879915,-26.35847063365825,15.473146066732214,-2.123961078905375,-15.961042481860162,-0.6507161553022616,-0.5996284392972616,-5.405850505619627,15.813030291272355,1.7553350874543006,-8.501301295593626,-1.6670630865222307,-6.160960460781305,10.236996731505098,-1.5721122489257462,3.2802913526589084,-5.044125224005162,0.8281245250578234,2.5512904433961214,3.6060816937656615,-4.666403797515703,-10.170395351011292,6.217207909274917,-3.0484326605388268,-7.997203690323079,-2.620608106884438,8.40993703011232,3.478250082683199,8.07155645446325,4.374627801361571,-6.6896296752598845,-2.575158577120875,3.8222206823448426,4.2791374636943385,-1.2597068084189686,5.063094339763392,-2.8504901391980297,5.272847515408859,2.443974178836022,3.569485369719631,-1.284766906706186,9.73404652615874,2.2001698935824465,-5.70070853058917,-8.857963599669377,0.20974580296553577,0.984562879520029
-22.638707885255137,1.9852778148401922,35.6883290056888,-27.24152271672057,3.2949370833543155,-5.769330082801319,-0.7426931791076745,10.645833343134619,1.7863483200695214,-17.78042563389823,14.381311372003417,2.077948074945838,-8.912255507750688,3.2327259759058786,5.539987754252577,-11.578115849867254,-6.778743540190529,2.055234962183391,-2.736879665547919,-2.7112300489396604,0.046890684353481996,-0.9548088512825504,-3.984287752855618,1.4116120985782885,5.391690080798841,10.820831069386665,-3.540528054705163,2.433319873019709,5.340605989333756,-8.429064155964701,5.755320340119636,-1.941123343830212,12.067290613888408,2.460828116585498,3.876206656350001,5.526153793970074,3.355258489263928,-3.4917694692404324,-2.4607103373309096,-2.861717309649713,1.2297192945664541,-4.50924540082435,5.465792125922874,2.2278313573453596,1.8203360664718624,-3.0216946958144146,4.510793429567683,5.59052147386185,-4.023345075444372,-3.789255583579122
32.429881545956576,-35.19652832121499,-7.119748480809746,-3.087039084576624,-24.216296519787623,-16.1706379276932,-8.21650192525421,11.78716080472728,6.1022106739862565,-16.874331394555263,25.17378357172201,-11.903400891017409,9.187782991317833,-14.093902640973903,-16.892504121218984,16.973737718927975,13.453553601220511,-1.7954303105435898,0.5684060876096461,-5.746297888857186,-3.834437592954786,-9.994203802268354,-12.945573819401469,7.554649901928954,7.915315406279641,5.459931345457949,-4.729838694844412,-2.153933314393833,-3.937093525035175,-8.43768310067651,10.096029135828337,-12.413482177931837,12.933013381426083,-2.8753581813778126,-13.240917975242178,-0.47291669488505406,-6.190459294997584,4.261902578548974,-13.03483383285441,-11.951703908637276,12.171468236191243,-9.884586724990001,-3.3690434611942366,7.566851298274353,-2.9714848707167705,7.693299243858712,-6.279959847751957,1.6892378413188305,-6.443112535996705,2.137111859662912
3.641375742818443,19.550593812278773,19.061455910429455,11.609658167000214,-46.41663549025537,11.439139144875268,-16.36487413911436,-24.919258447498287,11.25653356249661,20.719747139128422,-0.6579358585781422,5.119917000344279,-4.743179686192888,-1.5047894503936414,7.040672161452361,6.516936288433209,2.853751499315744,-0.4519673537174367,7.824498086967504,2.657242776085142,-4.140717351637694,-12.030954328571688,4.510851528430764,-2.96391840987192,-1.212552723899358,4.08143664827143,0.9846143903788636,-2.496009902301396,-4.023379868366867,-0.026172224183587577,5.052096878166199,0.4526427518588558,-0.5756110102642792,0.6143874168597552,0.7237272157394373,0.22160585945058225,1.3673586184067719,-2.6116588056694314,0.19356053896243625,-0.5244737298457312,-1.589774200379012,5.431566938107008,6.91257632419244,-5.156212860112947,-1.787966234494006,1.039391870728108,0.9223894292704913,0.7022599770461534,-5.650787580663516,2.1242951536776755
13.56847946818105,-11.236962881699682,20.529643521535746,39.87410815497369,-1.9945817073654324,-19.738920904198658,5.235121395025596,-25.839241889236654,-2.7775095718436975,3.0757821394976848,5.241264622020621,-2.4814660188103854,3.617298514785844,-2.5803614119217144,4.503812707065186,-10.461199338466285,4.732470772065226,9.909754144404934,4.143237838204276,-3.2306924595700437,1.2772991488937802,-3.6216502146061758,2.572122315553886,0.8533669072495198,10.026312774849547,3.160090201963911,1.7967403413730763,4.184308992282335,5.085498793219328,6.406736250798708,0.35666510135057305,0.35565333762222795,-3.214428040040969,-5.603103446010038,-5.9810749125415805,-5.660212125512213,3.9888966242774364,-2.6678291747181557,-2.4630077187360664,4.212215270263233,-0.7285531855257273,0.690953494834067,-1.0550767963375205,1.5384191421679958,1.8524786478696986,0.7735764003814843,3.518390461508203,-4.703106574105717,2.7131788380918413,1.674662032620859
-33.12960243973128,-21.62416460176163,23.13557375856974,-22.50614841397432,14.165544692664508,-21.419363829223258,-43.98647559684551,26.171581314020194,-2.355267139619771,23.14346756334183,-6.909433417793099,-5.428848205451251,0.4004649289538315,-3.710833743353661,-8.702558625152088,2.47866924321633,2.8493503221790184,0.3905829155984871,0.7560137912148829,1.7766364736003615,-6.339332736956577,12.541456513491706,-4.4539050975789145,-2.601222122711456,0.08068673886012027,-3.4011714648408353,-2.113150632294615,-0.9617027849498153,0.7418974121900431,6.260437397978454,-8.249426167463799,-10.041719573115257,-3.519831906158617,7.9809018773312586,-5.480044921559435,6.808718162368695,4.986362209424353,-3.6058469327355316,-7.856927174082347,-6.45318271590404,-3.46615404290202,-3.574514052973091,-2.398073373468579,-1.3145156833724179,0.44463591552829623,-2.6413082932190677,8.43402047571358,-16.70436782945174,6.349639499595105,-0.5097162177342491
66.01848254904324,-25.088540646696497,-24.590676085359533,-22.333675560508,2.7941029759392295,-6.945547756053236,11.595477134030778,8.234061138371908,7.286800018723085,9.77488753347306,-1.9459255555118025,-3.2232142961040537,-3.9409774214303193,4.959572290217115,-0.0011170775755651656,-0.4790993166189992,-5.452553511058769,-9.243503350908826,-3.77211331916513,2.2496279889466746,3.1407548997222996,-3.771722891365511,-1.158371522493206,-0.688177804627238,-6.208878112208994,4.302345079049236,-2.612915303277484,-2.5950846026965158,0.952065155257845,5.703701247182333,2.059051742065193,5.366670148708418,-2.365215413791935,-4.090164824062087,-0.7226050195834495,-4.207388060457134,-0.7529552642251481,-4.382556086229012,4.465034818238763,4.435041524644899,-2.746842256733619,1.9154245324539418,-0.09458781109076686,-2.5042680052803186,2.414399903169816,1.5557685554442449,2.6861862159663543,-3.5646907731988637,-0.29077050798132914,2.497600411705765
-7.202701047463844,-23.39692057831801,14.708252902795445,21.340732493384266,15.398506055280434,-31.695565871435043,-4.377730739142196,-20.185474687642596,-13.64633069252099,2.7536453510245615,4.8811792189349585,0.584590894464995,2.852646295604885,-9.227062758063791,-8.193354734345899,-16.123778276378026,20.0737261185508,5.741880425314085,11.573182391725018,-2.9436044054911576,2.1512250702384756,-3.2123916604477896,3.9607308007404525,13.608081170286859,2.3204321037341975,2.283951319507198,0.9874034960492231,-11.139178628473486,-8.401927617650994,-4.177490606671457,0.0673334130752858,-0.7684256328010544,-4.696458483668777,11.82400080354502,0.37849168071821837,-3.8198582795362874,0.45917793682981534,-5.26414766867986,1.620655239938108,6.466020189202335,-5.515543967970913,-7.826018555737453,2.762783994627218,-0.4389731580433011,-5.139786048929271,-6.0027300186684425,2.9178718819248983,-6.041363562171541,3.7113385768235765,-0.6842361331715934
-67.99422997084449,-2.5585630777443273,9.658604552790939,-51.38369383363144,-40.15879223082724,-33.540232756109596,6.96880803878136,-28.869583940847754,-12.01011771651944,-0.8830918027654299,21.95246189179252,-0.18144223276904045,9.467930997066498,-3.7302883312947532,0.6306555121962045,-2.9869351912324524,-7.746562697096989,-12.859935089448994,0.12261294053514446,6.171631056811172,-10.747923397420953,5.978012858308645,8.883824277941684,4.882669790020634,17.759878309614994,-1.4440129397844463,-13.963828565711513,-5.12258554629907,13.932263727428394,2.427027937776916,0.6411514441135792,18.742192356355165,-0.790688756041073,-3.6826053684549866,9.463348505842827,-0.3940520211605107,5.989188738297695,10.958453223912855,15.640668682078854,4.533587718767222,9.747551301652498,2.375401720500002,-10.2564390254342,-7.041666304841994,-1.337297709649617,0.670011990430552,4.638526218376369,-7.2912847062118855,2.539386994439742,-11.318311536082607
59.50458188148488,-24.063605673218486,-35.738705588183066,-38.126271770689264,5.08238499934668,-8.788540396463219,1.6711694177211116,-8.717982450007314,-0.13617220020211457,8.524610404601356,-8.56131929715705,5.952553319407333,-0.9377059606606237,10.184606407178064,8.910436956530086,-10.517402484365016,-1.731445722053715,-1.3131971154564814,0.2672074472059975,3.1608246591786524,-1.6951343863352473,-1.3539302258780423,-1.2116475059793923,2.892618951761704,-2.4795411378546675,0.8001554075500333,0.4361422752476851,-4.3716999373436405,-0.3914139673140867,1.3500125153506117,-3.925558064534081,-0.026990523248552268,2.396092332689173,-1.3323930720448327,-0.2867053300252301,2.146113375463767,-4.6746015537161165,2.5514135597205923,7.13704076847454,-0.5895751913155474,-3.213205764126162,3.335537441261415,-7.348609797563837,0.2589367475958027,0.32838386119908947,-1.801472594777685,-0.9198894797345059,-4.8277159442916755,0.22450316379789334,4.264596307472804
-9.020121168881397,-3.0504432538838264,33.59325086545151,-16.483353421643404,12.650597106193784,-6.943589739609959,-6.660577791301593,-8.203232771188214,20.130628079103538,0.21821487652703156,-3.412351810767792,-5.8077689451452805,-1.3347088492983998,11.255525907207096,4.4037687582381295,8.855928170177311,-1.3985281646999053,3.621523570025386,-2.911465914093339,-5.033774622108292,3.6505916263194216,-2.7396267719246215,-5.858112979428085,0.8279575580968581,6.866317321420326,0.45172027385585595,-10.32757100346224,-7.079261579101938,2.5898512778247347,-1.6554014040019207,1.4782609554471302,-4.41161717714515,5.215340286059436,6.04827813991849,6.78178833568177,1.7524966841825684,2.9279690751352456,-2.9845223343245473,-4.17531970153026,6.458281920188243,-2.3801503270110445,-1.8323219515280127,0.8287454583123735,-0.16824121638964273,8.429310594253478,-4.328032851804101,6.952361317513457,-0.3296733946307875,1.6415342052743391,4.2505010532775485
-12.586749087580257,-15.263041468698153,17.161042919878245,31.92312299355648,-15.140517359366163,-25.276923943985643,17.864569892701883,15.601168944104119,-12.4641472282786,-1.8024104330045063,-6.110299339215841,-14.439615030790732,8.140921316328793,5.400538355485781,4.758328638118107,-7.650148452026603,3.9672021956401187,8.35242900412629,3.48422223518733,-6.920775188500862,-2.2639497331103806,-3.3182724253381,-4.540633473920309,12.229503539818307,-0.6958253101396008,-6.3372158513515915,-1.3804434884022916,-0.7175015137462953,-2.687320093488228,3.6830371775681754,-12.061761492885099,10.956720800190915,7.884702053470348,-0.4408028143346657,7.53451296971288,3.885612042768332,1.097405933603166,2.2571566414226103,-0.3786430022505823,4.576578607654488,-3.380486485910195,1.5875777157519728,-4.703628518759374,3.4553125238010667,1.7750848770349799,-0.14023469514481,5.571326355845574,0.9847153076252042,1.3186886478119915,3.1617634748620915
-20.520389451639378,-11.903661658017791,34.52047029244366,-15.990182599857354,-0.49336787808452853,-19.267390934731928,-0.024291941237202883,18.083221147663192,35.23902706422098,-10.730561891403601,5.835454774437074,6.931229917815993,-3.0092825924996034,-0.8005507266910629,6.575567784717224,-6.3064849690278795,-12.236948964780174,-2.9981211318128955,-1.8924728054535662,-13.571012318815558,5.236824620585913,3.677421557206957,-5.759671910214694,5.251053333272553,-4.237550010530767,-2.8910777523586186,-8.316630003074065,1.0721192652759184,0.8205684900352613,3.1457714909763785,4.64008348034165,-9.41800718809856,5.16213712429039,-8.653867982579358,4.177111061340761,-2.34659785644601,-7.348343202617993,0.5608550485379742,6.717473862428825,-0.5949753150135481,-0.963590494478594,-0.2735797549262391,-1.827831417941343,2.328731943001381,7.213189275446788,-0.68672411943589,5.148005313083794,2.306715447201516,-1.1715467493068545,-3.197035925084149
-2.7467337803309304,44.044287950868785,-27.858840001175704,22.74000807314856,-0.3024655386228335,4.398338085619839,-4.869466850261109,1.743408505932744,4.709299558879609,4.714632646755082,3.6780385920316774,-2.0514160561946992,2.9787388954194327,-0.9934640752331272,3.587590022149541,0.10193678262359099,-2.0444508183431824,-6.13963378759111,7.4773288380888205,-5.6817433683961545,-2.8649785971173984,-1.1799590238700433,0.6180404204492624,-1.3413650825579275,-1.177160824294133,-1.4817763948293834,-1.3142932980837225,1.6710430321311445,3.1991679023875617,-1.8466901683672141,4.322462930204155,-0.8268705815758054,3.7791404793364487,7.7088718431189225,0.5225324655158754,5.976953266576666,-1.0395528787506645,1.9155727485034246,0.9543282271904521,0.1705017430897415,-5.191193540395276,-1.6185641314441874,-2.690183490969495,-0.1189986715872112,1.454868874925979,-0.836072573618399,1.737413896886478,3.392108477276739,-1.2482429175729797,-1.9464442435968297
66.83223171000138,-7.9333761692139015,-3.2147655491926805,-0.33154677490130463,3.935659849288459,13.941690617309868,2.5324092400681186,17.8870377158603,-11.47384568425131,-8.424747101425712,7.8319048515410605,-10.26807453281596,0.5052398652778882,-11.421762069787828,-9.938350856702815,10.53203817496205,-0.8074150421246367,0.4195854418002395,0.07947245951208359,-3.947917063754339,2.069157153316381,6.3576051887285825,-2.877078093244467,-4.70270341905262,0.7103586656456322,-5.079650343454127,1.2784715473883872,5.13500149323429,1.2951284899572535,0.9506520460011226,5.1889945937964805,-0.47971645473393837,-7.381533159552453,-3.84575222066977,-3.1797368377948327,-4.406423962594001,4.219219856852943,0.12268684318755063,-2.8907335154857154,4.665068637856188,-3.213225206669166,0.019752681997070035,4.74482114818884,0.49598865619139765,-2.4667397705421297,-4.223564527340354,1.8896676141606272,4.777870787753625,-1.223115801322222,0.7042679451110883
57.54373723079479,-21.82464651316083,-30.7755147736467,-30.77503203784489,-1.6096919588670666,-6.545975345553008,-13.699609242122744,-29.9416082081135,-8.835999201073701,-3.459088573304649,3.698111594404987,14.764024527470239,3.8220091682018227,8.083257072010728,7.267169876183792,0.8501698414311328,4.5877029822273325,1.456785091023859,-0.7769701807537646,-0.5359256387211104,-3.420177761835618,-2.1320699998669164,0.7819458755329304,1.5679710633546626,3.3216191107172013,1.9133175876393504,0.5082295403665312,1.9998933445890492,1.3316628430310358,-0.39057190466233926,-3.7283238973670083,-5.017323487698633,3.335804154566849,5.459081497453535,-1.6773789740825267,-2.6789590892071695,-3.5265224345348014,-0.595919286467167,0.7090778718843579,-4.6988679976153,0.4914077037369715,0.923497230831156,-0.7602251976176343,0.30898252841772533,0.8096816406928186,0.8966552116936323,1.9673254687936528,0.12792649769789718,2.618690136598956,-0.1515617699977286
-49.72396043932027,48.53996935026548,-61.31931282433626,-13.359510097612564,2.3501032398480532,-23.326240950629714,12.072279107954039,26.259309433936824,-4.079669577358301,-3.887219869777001,-5.916893193524623,-15.847601490699912,-4.810669057134329,-2.0695182653653195,7.250610682013417,14.600130762934414,9.617622864638385,14.342222850902155,4.220654176903332,10.401431457391368,4.720062303173645,-3.6776869270905497,4.6889800328986615,-0.9366087603721337,-12.37597468749737,-2.568950488282573,6.496702707920721,1.1628017269033721,13.087999107699568,1.1381276036781853,8.893968318247142,-2.628313280650178,-2.807445908621426,-1.9135538155829486,-4.50181091555922,-3.609237155133373,0.10212873828280047,0.29719536280492376,5.361133659816391,0.01786373459853201,0.6951280520746711,7.157584336707666,-8.820658594327188,7.014275061377169,-4.995782901660998,-0.04857804651582697,4.695337546747881,-4.989934478875153,-2.2781530404220955,-0.5318593102475561
-4.736269279579799,10.157216217800594,33.979766209516974,-30.18728815442526,14.868743365273904,3.4593249062481615,15.2995358254306,-1.9788180988179127,0.6145797233886454,0.31305186944115454,11.956533736829272,-15.805370835869597,-9.131966746310171,-6.205764355123257,1.481343833927938,-0.9735732734997327,-14.228772174335166,-6.9167596178087605,5.497297654102654,5.448792215934042,-1.1384190412757513,6.436303259002612,8.882861644465159,-5.2260709394930585,10.756461810690599,-14.401700419060388,-0.7384025169765241,-6.592036526279737,-5.372104417085175,-0.941311197750261,1.5644242780057165,4.430340325136723,-2.8448246860726383,-4.488208133349234,2.1883415498602816,-0.5668411975264847,-3.483031322200084,-3.3313132460813812,2.0704272860981634,0.7826481521862136,2.6241237059359293,0.9183016515595063,0.12789711349996585,1.4951406056763947,-1.4756333242598014,-2.9933975704229705,-5.63823995610379,-1.2430474653799193,-3.873697038966451,-2.963029619448066
-14.099333755225885,45.7502074518297,-33.05409769367707,3.8770253042168203,27.350236881238068,-3.2765182686208605,-7.430752553261025,5.140549195590835,3.610046709403649,-10.024146289365136,-8.576204383661311,-2.9709712399212655,-0.8029130192434586,-4.184788931695327,-4.974027135503631,-1.5154497370114783,-5.46720669468694,8.61777246498242,-5.956211587993844,2.540801251341749,8.528096867452856,6.730827403304678,-1.7442753369467652,15.641993617645968,6.590284499293773,1.4036156960300226,5.780025590107765,-0.4207781852792602,6.464846196326779,3.771344367029128,5.1461566173330295,-0.4222927264213581,-4.325774989834689,9.102934347294285,-11.471997092499494,3.4930927972718813,-9.474985145089923,2.558793522100139,-2.4280182639349897,-0.6367984220098354,1.8979242689054425,-1.5615384341192575,5.120091836139232,-4.798521290409881,-0.6993721930928535,0.4494009935948929,-2.087217849749852,5.487647402114073,-5.9675801143662754,-1.6436539561052055
-75.57189715809973,-0.41434756656119603,-0.18326010207968482,-58.74035451700574,-43.72509284556411,-40.741270528220255,33.61878123901473,28.680458534171773,-1.2801817376591267,-4.875591383441823,9.072012030453603,12.485466029651915,34.92351368556356,-13.985494267210502,-14.250114784266897,-7.798688068429668,-4.226323940724411,-4.905519650965713,4.06576635975984,-7.323134840280108,15.042766913343051,12.388408715629353,4.511063694120073,1.9244490488299684,-6.741536913199067,15.771527837848211,1.4151426656829371,26.807019576378597,-1.3810184307131872,12.053780781330088,23.61044800128173,-14.949634989216028,-17.402134989498293,-5.815400322905344,10.306854640295578,-0.1576270812661995,-1.3581148538368615,16.759028102216156,16.463781328064275,-7.46920343921792,3.8710797477294308,-5.1513092278583255,-19.70762273609076,-18.360066628661652,-17.0066969911639,4.228791155674896,9.89923046053485,0.9065576100811296,9.495084499283273,29.85382618160467
-19.89709598719806,15.490126150360886,27.057809516732146,-6.956971897095481,-32.96468890070313,12.183044855488527,11.946165262585618,-10.057535760820139,-7.097585479065644,1.0071385183049433,10.203659897802613,-7.897459002105804,-0.43365479408064755,9.253813802370255,10.721278221956675,2.788105809230701,7.465282447514504,-2.768881029472256,-5.177316723206693,16.01485368997198,-0.9332413317715557,8.116231203600728,-6.425911147589053,0.5278335138866899,-4.707974326620231,2.7346935787046274,-7.584102979305991,2.022440399136541,-4.020269425968057,4.041389243154317,0.5373697807318788,-2.8881511323420463,-9.154899661431157,-1.510857884763959,-3.848411937839765,-4.826094164202006,-8.538862570985827,0.7222075600177414,-1.343840902895298,-5.700109773582092,1.8569619305273566,-11.650971582297226,2.4682446720268065,-0.12484850781361587,-5.01012096066281,-4.289946860029433,0.38040602373162125,-2.7918149753233323,-0.5896171810367242,7.103873222126894
-24.31651784314809,5.960000305807862,17.65137423075277,-26.119695385002956,-11.64286720237103,-4.574300193016288,-6.3173084226651675,1.6212786281251303,-10.17692454907769,-4.056748204667002,6.8956264289397184,-21.267674568781693,-14.633644926923594,6.486687532786849,4.6059394142854275,2.63761392583071,-6.6230354907532725,9.582008330861065,-0.9710457825107784,-2.3671223227874836,1.6149772324673746,-7.20366536195029,-3.7275926108156328,-5.83301435704599,16.42567237948267,17.47371886685833,2.1133673141854774,-2.147592328658478,-4.538050414005771,-5.279832470084143,-1.613120656594561,2.0608964367714506,-0.03883792905400693,-5.389751788722591,7.381997046817171,15.765207648833,4.882970869725541,2.99576364860571,4.124514295806971,3.406829807957336,-3.3481403499797024,4.4252706195330695,-4.77518589831911,4.082917896761049,0.07978263832428223,12.735210201460765,0.7292011627429539,-11.49544043284709,-1.4031239688022707,-4.395860861001283
-4.590427899102658,21.1326892293333,28.021510092807397,-18.65056392198945,7.759770427810632,13.985737909272695,10.358921978578833,0.052951425302470254,-5.767513329538002,-0.7322584758083521,14.453506065713507,-1.8756177908803402,-3.2413391010404964,0.8643055612287994,-1.117869784428442,4.206063272160588,-5.2322033180419725,0.15214342061769282,-2.8628760743393618,-1.7326621721497732,-1.2790978393695203,-4.381731715133341,2.755437390371129,-3.352671493516795,-0.10563888691662561,-8.868675183651495,2.3261594028855654,-3.7379541453022216,-1.4146434752073993,3.044848581587829,-3.5268733114001876,-5.463645483358538,-4.376503487181845,-4.588558877783869,-5.012477542427341,-4.172039568408138,-5.512965574064911,-0.8606666297913835,6.164954963224692,-4.408074077229948,0.21406841148967473,-0.0021186386993915355,2.2591710279793227,-2.609342202129272,1.8068188783080363,-3.4393785173939166,-0.14914990839224168,-1.0809578864410878,0.4182702612134878,-4.392794689080275
38.22929557183197,-5.740986212388208,-10.157255272247848,3.564882637551734,-52.85098393731695,7.1878018553241105,-3.52031184829061,24.471167576797633,-18.44725227411218,-16.104038094130114,-1.3635174385592013,-6.873541687690742,-11.71611694646235,-22.6061058135039,-6.329577403105343,-1.0879061628811049,0.6335853202760163,-9.181873107987006,0.6866314510369895,-5.697981776193566,3.3178672297225575,-6.537886255022032,16.03020002510752,-6.059127290552987,21.051647145119055,9.450531813855356,-2.0296967597282873,4.774127167893514,13.204449518507476,7.949545598617097,-3.3335071977065684,-2.1116846641111158,-3.1727362809244033,4.250503986415802,-5.413332079931165,-13.826262878064558,-15.150837482661132,2.101254313707091,-24.53284098792346,17.080463401931876,6.295964624979193,-2.2544363463096824,4.532136292875099,-8.771152292478792,8.603321906217639,-8.997935950168028,2.15949515920862,-8.806325450228439,-13.42467622366402,1.573257040772001
25.338089480543083,-9.88072101110712,37.3658516642155,11.425823329718977,31.277798308398317,6.884803624100009,-32.42776009692969,5.994126140640169,24.37784142659886,-1.709949469809299,-16.583624690519304,1.9872647987119931,2.5314434741066254,-13.905711779902767,-5.346607582357887,-3.9376897556748647,1.2699779252964158,1.384434756062665,-1.5823522411774635,6.403298874093927,7.128449941539432,0.7988436514092115,0.22377333569594338,-6.980653520708897,0.0985887979459457,-0.39910155397264263,-4.237913812331968,-2.7162009668934086,4.141760929629867,-2.527086733196345,2.9110591670635184,5.482589399741892,-1.4542355336065835,-6.989987706898743,1.8507199253940319,0.7757673078926871,-3.978947611889863,6.531007815216514,3.8607548203047783,-3.7344884916772596,2.0973879413695125,-0.7948876276930348,-4.535075006652241,2.804438041060256,4.48846888916,-2.2733758463814464,-0.513030034839855,2.060942084680474,6.0451332849867665,-4.3505043518222974
56.91679946849678,-13.585958356779146,-7.5804998328826745,13.309168428352347,-33.5656587214316,9.965001089016456,-7.546965943466637,19.864038246036337,-2.1313335799526927,-16.780454014190546,19.28383219627595,11.078877471440084,-11.904187659229956,-16.454327998055632,-10.403749917123257,7.889884747066415,1.685717310065997,8.891126042881467,-3.926265572381969,2.8427868624686785,7.965155376601642,6.9996915563179645,16.129780645136087,3.2109205404585026,11.509707721586562,2.814474443108591,2.42553683595542,16.212196171408337,14.243386776653217,7.754443637417705,-14.466156023505496,0.6991797199858916,-19.7244498699505,5.9652434958588865,-7.8496377754502324,1.944947607285882,0.7593648555118518,-1.9712935918807324,-14.984635644627186,10.75452214027328,-1.523263335692127,-1.0782534544450137,-2.4758135923976643,1.0032044149832848,3.3486951200295367,-12.194866333699105,-2.748657228468749,-4.896681167584366,-11.510940791061081,6.17169320242675
15.77198874325996,-12.673029214954465,26.65895339934615,45.40517928563153,4.577818771678338,-7.856333323809969,7.237310515676384,21.719099885063066,0.6704765697815668,-21.71198660167562,-4.906415577019081,21.63182244392023,-21.1428103125434,0.3205538102347498,-1.1078685893808842,8.377746264140413,-25.040354816566396,-3.9856569877880044,8.4058743849027,3.806145925852633,-7.083152722496955,-3.8073204250547463,-1.2662260284386926,0.5351699601594468,-3.102920661281246,-9.102608116999924,-0.2742738889502247,7.369498038734758,2.7913522159614503,-1.4586849307118752,-0.46584210659725267,4.273531148077977,7.354780311557932,-9.51476073154403,-8.195964801064916,2.0781803010844593,0.5126792613955228,-3.7566761244238145,3.8667788297753454,-4.026766695559637,1.8104293764620998,7.523995227154428,-7.84335777286112,-11.838521983202284,-0.29823791661984766,-3.7323573002816364,-1.3024744216910418,-3.1608560866500195,-6.542629006963387,9.070890919554243
-15.979291332427472,3.386063787527642,31.605447536953804,-31.03189174735873,10.300681617572144,-5.6679699005210935,7.895720725098617,-6.582088134213929,7.260042491385826,-6.691276753414185,5.5123983743986535,-8.458758090861487,13.567410161046313,-2.2350563989745322,-6.877192606936517,-3.1408373796617863,-1.860346603654946,-5.167689399904062,1.7658055161159931,2.315738890981473,-0.2507280849194215,9.695983625825969,2.3460118392293765,-0.7569854820114148,-6.881705023312643,0.08678633777915883,-2.6316827532630134,-7.194992105705412,2.5707474339776235,-5.627081108281549,-2.4935406618542455,-0.45595611992194496,6.304576080406064,-0.8884858999356127,-0.17387359905303823,-3.234308680190486,-3.6941538330623187,-0.8159573111680063,-0.053201314973821356,1.0805875418584239,1.180898195703235,-2.467688615717662,1.3890374275781845,-1.9682580082992636,1.1392251202497123,-2.518930239408127,7.0870041766640615,-2.9834242576943044,1.6480954865394084,-0.1561523825378885
-24.949031771031947,9.784640082267115,27.134736123510613,-21.31154363785197,-10.072269988469573,3.654258752606945,2.803252444295874,12.311783495855588,-5.772869079999702,-21.312583729712316,3.3980047601683623,1.9912703704278238,16.024613355757488,4.53646162651642,-0.3314192354945727,-4.534206220103016,-2.4282968055091096,0.4984474376306664,-5.9636399835061695,-8.650203640985977,3.4740202643342655,-4.717492485769651,0.73067902546327,-5.993152729816241,-11.450355918651344,12.821199609535908,8.732906353479033,-4.017485815096195,-3.2931571177061967,-7.228569537069239,0.03698946076155878,-3.8333202776378488,-5.592265755523974,-0.07031231494297237,-4.752143505735349,3.350135304913697,-2.1777708289246758,-1.4732980158887603,-0.3522628449959755,0.5935178612466976,-3.8241569788518976,2.159775640726134,-0.05626814400224822,-0.5700462847114324,-2.2524477329537267,-1.64540783740611,5.272239075029206,1.7293325329724605,-3.8795137553566716,-2.0057431688853953
-29.97934060332817,4.694612593071128,20.543411972676026,-36.33857333838113,-0.148153006121754,3.308364767688611,9.365248655405624,-6.1424821593845715,-23.502456571796174,-11.513431275161832,-5.999396706850843,2.086090809388494,-4.502864300246419,6.925208753974056,-13.162569907487537,-1.7277291547461204,-1.7795089088284912,2.5631540732000584,3.870850152853196,-8.964278523182667,6.698140348247138,5.681899243349048,-2.5232578764369933,-7.62876047821396,-13.597877899587562,-9.550089608924283,-3.6524550588956664,1.5996003338632927,-4.655828482154869,-0.29151314198880485,-5.676764589372942,9.529854189866128,-0.3696673012189942,-2.7304635565131603,-18.050158132805322,5.338097129626355,7.5549371577794515,-1.4084729786491166,6.1773683922756835,1.062579221323005,-5.980779073961342,9.498944926797558,5.944999467703209,-0.7263307549972292,8.451432768117678,9.170761913683371,-3.2172047438785123,-7.2899986568379616,-0.14218383435638762,-5.248283486117484
-9.501214424584006,-16.36074714513905,25.9771737432318,4.379037443343273,-15.069469360678175,-5.579120653184181,-31.122528571588504,23.28702593335123,12.413947953060442,8.518319902906306,-9.793345770518233,-7.865646851432949,15.849018602560996,3.224777158058809,-10.522138714078663,5.1746118151548846,0.01231074838640247,4.886821462997241,8.88558402589792,8.861456645490096,2.661587364281314,8.205561462825226,5.172016888544388,-3.207726357656588,5.372850829305274,7.075226764637483,1.3077340295499067,-8.597960330611462,-2.608944284932572,-3.4156781359788053,2.917543264757839,3.918766668550058,6.305481450726649,2.945890184570494,-6.66233476102184,-2.4864280867376842,2.692522994857006,1.7304262977877987,-0.6862050043048393,-12.450541884246071,-5.8987933395164625,2.827756633367781,2.629491501584357,7.264755337536768,7.456763312915353,1.4160206523096592,-8.521406017893405,-3.5096554849127264,5.195557892509206,0.1674182260352826
5.63374204274447,-24.246637762101525,27.928485518282656,38.39498500363614,-16.702257904189523,-11.309645803381313,-11.012382278449325,3.0226543617398516,7.276322418093242,-14.813532197286476,-3.707900069942502,-18.55379107353319,1.9423103601649343,-0.8769041060940237,0.3787174844166404,-7.785913811899126,4.7016052312961705,-8.1869639126981,7.165594727985827,-0.5677811144827698,-1.0828151943044546,-2.565843615463269,-5.115335949506478,3.0988751204548164,-9.50492830527231,-7.960604757994191,3.629224632129039,-3.414936233202151,-1.2899846713083425,8.359518418420022,-1.720586514670277,4.588138073106601,-2.6708299045961508,6.622510124162038,11.649904370657493,-0.054836771644276465,4.408805606411653,0.798752831060568,6.027099047857572,2.5325645469326785,-7.882034232038143,10.50987546685565,-6.059153986008305,-2.483766553502176,-4.71226980405334,-3.295800356428807,4.957739814080495,-9.671954852493565,-3.4572464842256165,-4.136779072207562
-4.349619032952091,11.822569177565834,39.87522338181594,-7.803734564156073,7.826860546816428,14.12150782410883,-1.810249084630787,-2.0224260078849086,3.37944696502046,-1.725374779467252,6.040673085504399,-7.241876479192245,-4.870463144938534,11.626883742197435,6.495096932969593,0.8265970826196668,-2.2462890814512173,7.521881608655485,1.960079137109072,3.8627592781558273,-3.9718423452557268,-2.639488373280378,-6.296821633208069,6.485412977626285,7.546500351036309,-6.401170555153702,1.9699576782870436,3.971053309469541,-1.2647098795057092,4.52183674634728,-5.213615593695984,0.01294349315225011,0.702846920963977,4.574170752387535,0.8222810727888683,1.831348781074708,-3.897910929135559,-0.1503185313193224,-4.846120055114018,1.6209946079880178,2.1078688980741838,-3.5666469570019546,-3.4964297539438633,1.862979235578777,-1.639330812786233,-4.282604769624487,-4.007368789490597,0.36685938959651987,8.602507850476314,2.088476756625648
-4.2606740869289474,19.20263758484571,29.831851284511565,-19.959055625294408,0.15872118432956908,13.742460758695714,11.466960113093574,-9.234351765310615,-7.680712283917705,-1.3370438799592197,0.08919393891139604,-8.593078827906787,3.5817813868905524,0.161076461781935,-7.185517559826808,0.04508888013964415,-5.153705568401706,0.8044716596695333,4.1498672836198365,7.09645280323951,-0.010145270475488494,7.049831543929734,-1.2453406747940934,-1.9493097309522034,-5.700324492223003,7.463609659043811,5.755622870567112,5.235773149836661,5.126990751268299,-1.1458228908439738,-1.6932029633503531,3.887721883849114,0.37281945937941874,-1.695190451565912,0.19369551415016323,3.9000367858471194,5.025098641300325,3.1077041634560123,2.9422063474817968,0.14402570097696032,3.0603239531949336,-5.030300902074074,2.34339289655853,0.9838717021490809,1.1217020972758238,3.4598601428665243,1.1787129757595314,-2.943323452702329,6.905122714509285,-2.1840802321163006
-6.361590366717696,48.34273520110458,-37.54635656739469,9.61212849452941,28.176454422145834,-3.9426095806215753,-2.709358332290336,-5.911439772234416,3.6465923741580077,9.801459972190429,9.310983369075922,-1.1420400060952907,-2.1315592524712152,1.2982762059377144,-8.377067514535698,-2.8006157657552455,-6.484573809325722,-13.59322327334418,4.946401348643266,-4.084204969010135,1.4465773637831505,1.7709685034158094,-6.00890104162395,-5.355601032129081,1.082723954109909,5.575894951133753,-6.555575106468627,-3.297591119811489,-6.148058527041497,2.8931989919537453,2.9521478779065253,6.098426055329705,-0.8912556313141333,-5.419180803517889,0.7099691708031725,1.121013806482819,3.9971690211592708,-1.9635205718292235,-7.753429003632579,4.230656449730885,-0.022165910055528253,-3.1934545357388564,1.0298437563617313,-0.9537697371839781,2.70562616045236,0.9781582695679609,-2.150718938794709,-3.49896134825999,3.4498584826439096,3.9652939020047637
62.97779542535366,-13.043929888878711,-24.96462348333592,-12.171215308178233,-24.74571132053798,4.959441588980221,11.336243566719823,14.982860477535509,-8.962617102127847,1.4715027424969573,-2.918727183272019,-7.422915306882135,1.3634600003312831,5.341849242060688,-4.708110788369976,-2.086639828527938,-4.422889745375735,-3.5277918907421144,0.172541049002904,-3.87764311297901,-3.292720795757828,-4.613794366589854,0.6603914096984822,0.11897785006196926,2.5450048134394376,2.594892145922783,-0.7506453027361208,-2.6022465588965416,3.824320413730205,2.155952168033882,-0.2170089169169525,1.8450413375499919,7.348582000542165,-2.8176785217283027,-3.9105447459339913,-3.4143991851588695,-1.9278248690267432,-0.08071729314134198,0.7495458007233614,-0.3984953060699564,1.4202459364688136,2.360216195840641,0.5258052663512138,-0.6757456934060266,-0.600914406109059,2.1426697958711527,5.848641833033028,-0.6788383610314596,2.1819402372198313,-1.2151519498723347
-11.57892751624848,17.547320756303385,29.334754245728746,-26.17091624704172,7.358673197501497,7.0237896787532135,7.0223640604203075,-5.20316030986609,-13.039120396665233,-3.4742964132572345,6.1406839064496825,-5.533331773060349,-10.565924196517459,1.1736862481027195,-4.583977932848958,-10.158201296351686,-11.421966388619746,-3.437785332513293,8.38445217569299,9.594764073029479,-1.0901094294213334,7.481832633025011,-1.370698937730303,-1.8526534358140092,-6.302385852108031,3.1385402803914064,5.8389747705657005,7.4303764313728795,2.692029531111242,-7.277581986734926,0.5126681040690876,2.147582101674855,12.301220233023198,-1.6218564858035527,-4.809965969583565,-7.089356619580584,0.9848003203039438,0.10324248303386728,-4.584438547175886,4.744207871775436,5.079684322769633,-2.4549788489178996,3.594387643740842,2.0506609192869774,-7.276109407690172,-7.493413712660771,2.99714903364558,1.2272707668610925,1.8885785705948088,3.1149776716078685
-24.38840358499756,47.09456038976824,-44.00130304229024,10.150406479764213,11.010874230904948,-1.5285448653154259,-0.9733675173759663,12.036172715641158,-0.6706669290008056,1.7719527802615163,8.468664059415861,-0.6238166155617816,-0.1987820302155169,4.494702454052291,0.5847848720648652,-0.11974156009312859,-1.5507660385257271,-5.8630684949767895,3.7813023786880366,-10.077670944941577,-0.7776080579055131,-6.013031124228812,2.791137510158332,-4.370731368100706,0.814637340333831,-2.8665754262103023,0.30779258959927536,-0.16756522809055766,1.829904779724084,-4.192456853728196,0.639733551760136,2.556116462754642,0.625535770271421,1.6041218208460586,-1.5107953593885506,3.123378247905699,-0.5589349711588938,2.149983991386501,0.7562856181236851,-1.0054297023268985,-1.608122596636363,-1.0635492965927398,0.7107703414687355,-0.7422810953805916,-3.6209189917156777,-1.6190016360466706,8.036122573643546,-1.8032397381699732,-1.0968897694861333,-2.3520948005050855
-7.72612288028609,44.94758089918674,-27.865216245977106,14.996366600911651,24.72618785190726,1.1526520606919506,2.5596122129923087,3.852475177234106,5.368936713767809,0.448924868633257,6.798580747712089,-2.898973456192186,0.2751630775644139,7.596390335477891,-3.9782121915013695,-3.624666194763188,6.708958629341839,-4.859950513616762,-0.4422536426873898,-3.9487321716946044,-0.037590337195759126,7.167989417800961,-1.3458939574730904,-0.9108566986084379,0.42301803183710307,2.071743072383896,-4.648111095957674,-1.4490437505738853,-2.7693601358256634,-2.461487262067937,1.646751243100361,2.548507486038268,-1.024174523892969,1.9320260071458626,0.8020271607808114,-0.4465454110877376,-3.2311047896232234,-1.0636158901229227,-4.123403547211032,3.9142606386740613,0.0020703449984599193,-6.257555632633577,0.9848652887279918,-1.136676341577158,1.3545443281925975,2.732875788919925,-5.086900497214789,5.962754130767378,-2.305758566635626,4.742736590535806
16.318740784193412,-13.283901229687856,24.264987754311637,48.419018999059006,-6.648957107416105,-12.897384880474425,13.811512265670244,-2.425765255753116,-0.2537502945390639,2.432332723870366,-0.3704419961451933,-9.385072097749427,8.382293482433226,1.6716275154365294,-0.2688528324723397,-7.000735300744783,0.31488759028437846,8.030544409549915,3.4224843709761537,-1.6298616633295584,4.602403776886312,0.4070294810892875,0.6090206869307437,3.4323663446442354,-6.382187375852015,-6.098283012223653,-4.026653178480218,-5.596798387181625,-4.832367394983896,-3.833323574718987,-0.9389594875767459,0.9596948324889466,0.9212908828852902,2.9803201586377726,2.5425188265443355,3.282442205736615,1.7612396806928363,0.6878910201192285,2.198300080518281,5.171272643567422,-0.9458540907035198,2.0116479308031723,3.2538071394593824,-1.1937568759359733,-4.49728350138126,-0.6980437744475927,3.3664107880115237,-5.769064768847743,3.35863307869819,-0.04180521341710764
21.66634312940882,0.4418212756140116,15.632960515162585,50.16647433886033,-2.403727792715954,-1.1081954724262362,25.287774295372166,-1.1140612837887325,-8.822640153399234,9.434103979194443,3.3898870927995923,3.781720773369238,2.0502592292383266,3.300625055311796,6.974254656874046,1.7874848815749325,6.433180487684098,-3.993177116200528,-20.151401373003036,6.231350903451769,5.29245442872608,14.333908826608296,-0.6984000746169883,-11.408623746625207,-1.4207570909805443,-1.1467090120248553,-5.90600657079098,-4.810752204830135,-4.35787562561198,-4.263921040213204,0.28787241696858884,-6.795304888950897,-4.962286880255924,2.9970856350351918,4.064208825352152,-0.2872754046090099,-2.3832144645233906,4.589055338482135,-0.5126757253391575,0.3167019463355478,0.7493041803321404,-0.3002638932117753,8.990063168447929,3.862036520109174,-1.6003409392857773,3.2142146494659456,-0.005629938702483523,-2.8704384344784724,2.992842526687056,-4.863606033204443
-3.4298309857123446,-20.90602657205842,13.43922719403326,22.865601098988037,22.718354296995617,-14.619923143125018,-2.446482355400735,-15.676633116112225,-10.625201795860704,-7.1651505163732345,1.6009565000029058,-3.3979041078295427,-0.8704674433708048,5.985655943610061,-7.757457397649074,5.875903751382425,7.212964054536204,-9.74606296735549,6.440974845013006,-6.1548150211836825,-1.8087963135532263,-0.05312095384101822,0.6665740092065764,1.4625977191989306,-10.310659134514406,-2.3406275722754057,5.071263870305185,-7.886705423882778,5.4593312677268,0.21681778852913564,4.221148599183966,-9.589238717256716,-10.512955671012534,6.668867650546086,19.93156255295923,-9.421300416664701,-9.408425896482672,6.1441812594987235,-2.8871944177571973,-2.2957088279986486,1.9174897030063276,1.37311987655641,2.412715630023051,-5.413228374754035,3.2114167113160903,4.39917175303601,2.148682280489292,-0.5205184237864462,-0.3969472512618407,-5.499642117933995
-5.145621854763882,25.64704772554868,-4.303473600404235,21.88819036123575,10.775184528578718,-5.037452019892074,-3.74859367348989,2.6492126906061424,23.92710726572386,-15.194079726316716,2.4602072618956656,0.2816046594140536,-3.784320355378834,12.15999969545873,2.3013869042079085,-1.001488043652519,6.937913668590076,10.278374067415653,-4.449824054852137,5.105964681886416,-3.74864939241584,8.74620612298718,-0.877330701946295,0.3415272757394116,-1.1672750529670417,-1.0066319306101201,-1.5004644013551005,-1.312883549020447,-5.518657252428433,-5.414503606565601,-0.003650987212395345,0.7877073856803517,6.711883913139043,5.896008329661569,-2.6430732535346886,-11.586685856857086,0.6784989718171287,2.6077297868279903,2.1289634827710477,-2.0156602643204624,-1.3560638221737464,-1.2469624376671273,7.49986200362858,-11.37324752658782,-0.47926190506914357,4.336810163940151,-2.906397065421886,2.304487666162326,-1.2020649072366139,-4.411780798457507
40.26741709224269,8.247703082854008,-18.616765572204557,1.2520245947389026,-33.845543760272086,13.631968805799627,-15.028507205018837,-18.986141986332903,-28.7702909577997,1.8989231489014264,-12.241635307137923,-5.969874306810193,0.4536384607866179,-11.699420076522493,5.510159344950232,3.560689275431822,-0.8957200567368552,-3.286256538945987,-5.85887156643572,-11.99435148479899,3.2765150072283658,4.93425746100983,2.189827952833083,-3.299345391446513,0.3747858815003093,-6.991718853073216,1.8582717529274584,13.083948040709165,2.6093560169850263,11.219222194879794,2.9624756301740516,-0.7338662957585391,13.954464778450152,0.9764324940406028,16.95872274513372,-3.3251439064886235,4.134927871962795,-13.57740884442345,3.1920547611096723,6.080784103087865,-4.603043047674604,2.9480033807782546,0.29944521587263523,-2.717009212200715,-4.68883199242668,5.801666336690191,2.033418851874072,3.8828245642354147,-6.078685298429822,0.14809804310755048
-64.60461724935945,-68.99457457034237,-27.61520063339966,7.218269448755068,-20.537605087211823,26.30922356381672,-4.5598350846998255,-8.612201299350689,-4.239271205607449,-0.5025243016585091,14.343802930268495,-11.127334536645353,-6.798639540438735,-0.879532119567497,-5.5890192096352935,-6.149967336882231,7.910142179092842,-9.954197919073449,-9.047183767525912,5.400169247874352,1.127033263021112,4.268663906255038,2.2514950535574947,3.7888026387240323,-3.117158569593274,6.670957286111044,2.520273486055204,-0.14177941128863564,8.924677695615848,-2.451550884977548,-4.619650338086121,-0.9983349915665535,-2.8878735135736253,-10.87315783054227,4.895718861911069,12.498879486371768,-7.745328658670267,0.3890823985885074,4.491332611210275,-1.6098012294087884,-9.699083646357996,9.822642422506627,-3.729719067639619,-3.6836230125597567,-9.05413375941276,-0.4682788221304051,4.421974907436114,5.26294728928951,-0.5436034645896745,-7.466411926134458
-10.596876056702598,47.62545997088173,-30.980634653087883,8.045426088530428,13.006442147168157,-1.4054972749963057,-1.700700984686556,2.0058401153054253,6.607071382265142,-7.144202972617516,-5.864653112447167,-10.511789357005163,5.529773619023718,1.6876107749824831,9.169023144813698,0.6335879658985654,1.0844929831337444,1.0001381611661257,-9.47905679181738,3.184927906791607,3.91287564977428,3.8214633542127343,-7.826800074058894,2.5303992087567253,-5.516826154988252,-8.217536546690349,0.3988334456464582,1.1143586332772308,2.710006754170447,1.5007402426720948,-0.5871334763678482,-3.247134702149168,6.117122188941283,5.414875853143148,-7.540702926120633,0.5095305253655582,-4.124745595056099,0.19265614845194176,3.2734289532792773,3.677438889151426,-3.4288434153335023,-1.6763667073959103,-1.9764417368310074,5.010732088088698,0.49742157809003945,-2.6568034254010655,-3.398877183619195,-3.286196051014805,-0.9949419523528171,5.7585007575557885
-23.21941138949143,13.848065669150031,19.890116823335656,-24.395408538718744,-16.039588313557264,5.720273792535933,-4.11501087622886,-8.376654183628457,5.229296818908718,-4.061552065216007,-11.893060955311638,-4.982476640876035,-4.888495885857686,9.62182939196913,8.935312257289448,5.111187743909278,6.664490037756,5.611431801157303,-1.1263488726734698,0.2843079699174151,-0.30230317948623225,1.4047582651381187,-1.996606122855719,4.3529285166976655,-3.3817618528966955,0.5845143175424569,1.1120742805968735,13.379131014774725,1.4563673085819255,-4.645176508037829,-8.270275071248319,-7.58259332336396,-4.3513973927091465,7.485955452682656,2.798213533673408,0.636910541157379,-1.1474565406142372,0.7615838773572007,0.5863559109677948,-2.82075838855877,-5.68296838645436,-5.370728930194966,2.5180728692465593,-0.46176751229496354,-6.58154119456277,-0.5879722807580245,0.7408709931585118,2.4449322759761833,-0.2116457024834895,1.979849434696843
-47.02519276884824,42.01972363976781,-56.84818322804567,-8.421103636391953,8.36504967087585,-26.581950142226887,-3.3006843355289264,2.30240281112356,6.028009654979478,-0.1564660155096136,-4.382997988440148,-11.168346434804706,-8.08920639659067,1.8014704992818829,-3.149867011982144,6.523228586991945,10.695602934088589,-2.6118590742491965,9.361052906141783,3.137774007594689,-1.4487749159855805,-4.563300019311758,0.6105397681129875,-1.9798426879611535,-3.9127030772106846,6.256615489870606,-4.622369686669593,-1.3511352141781268,3.7360858324514576,10.018972007516728,2.9160092588858277,4.386835794957922,-4.686142426400352,-2.3074764191798636,-3.5178158927064453,0.7178211688050162,2.3685388461683923,-3.3041985044045616,-2.0985613582090012,-4.183377854091294,9.407599835906646,1.3726028631434373,-0.6023527835440506,5.016285933210814,-2.279627782688368,1.1892718891496916,6.429580034509129,-0.8075112423300723,-0.4798129420402604,-0.7096409289367881
-56.491561816811064,-63.531839826363466,-37.50105821222858,-1.3054511739831844,-15.382470268415394,12.124047092905524,11.857813741611526,25.79064035970425,11.501101252048622,0.6086057348938616,2.098337904823452,7.189738157449708,7.059338969887689,-10.690157171133189,8.757595543617734,-3.9575811581102234,-6.970015604337819,21.205018385550517,12.131183430116382,-9.481484593231853,-7.066520440527964,4.216606493197877,-15.56008288733164,-6.888326655702277,7.10224888678776,0.7371090738092341,-6.334368600306452,-9.730447980793063,0.9368694613501746,3.1784396306235627,-3.901556416196185,-7.748342773671656,-8.017136801644419,-14.265662628829393,4.372397356560407,8.191814747449621,-9.30116148293083,5.9769393777980735,1.8467448352855922,-0.9498261548283434,-6.768651887361504,10.832295753148726,-4.079384809462494,0.8743438558680543,-7.387424148193042,-1.8373423143675074,2.0455718301284453,8.492988964426747,1.3766813173872898,0.7408205462679786
-23.350109892141568,8.264467591913851,28.852631685036407,-33.76739041575969,13.39706287809739,-5.938121970591011,11.955349333965657,15.829735085122921,-3.513703848298804,-9.430542456363977,13.653989491559187,11.134556021312404,-6.050577468556351,-1.3923514648177724,1.8399173325887255,0.719916325897531,-0.5046661189286513,-0.5644052124410721,-0.44301424808831663,-3.9630883786355042,5.915601195170247,-2.3193748505780074,0.24615455023872232,2.5486026132851665,5.6670969775910525,-8.31611787341697,-10.52450540896419,-5.735697472805347,-7.823873062944182,4.389572008969334,1.6381995463040682,-1.9237732389291435,0.6286116600454722,-0.8908009079758563,0.45603392513771634,-3.1260766831658597,1.4441474697224226,-7.228846690445798,1.9788382365783124,-0.6512393626515132,-3.121192387463129,0.1961111584420688,5.848599089799337,2.723610201282955,22.171882366045253,7.739549282732681,5.291040980904861,-4.426379277940294,-2.4071188366144542,0.5634648581746183
-16.471740915296955,9.575408683213698,23.620455493825965,4.559154411652252,-52.277335665095436,-0.3503870555953412,-11.002668051141596,-29.727192552936632,11.53531969992302,8.300408912654506,6.6980030686495144,9.931214915029074,-10.513201462650795,5.874593789820108,15.806286341814031,6.424706847189325,1.8424307581882933,3.388093625406472,-9.173222382010064,2.206196465947249,0.6656720003163783,-0.4963210273028748,4.382955584522266,5.388684976814976,-5.503683363271822,-2.292949127968897,-0.3007548802423141,-7.059013370368961,-5.628586727756549,-5.083572796683006,6.542690870206828,-7.41267164032437,-6.040215232642791,5.974279065179263,-2.1498076591911577,-1.0039786944005946,-10.202790163624922,5.34486956147303,-10.839468095603925,3.8326203299698673,-1.3559064391080595,4.066180230996615,-2.1880814241201962,-3.319677311259682,2.0682726916129397,-7.544090332307379,1.1092902610814888,5.423548059003706,6.203069343807671,9.81363357499397
27.100615154216694,-0.44972404482999884,12.30799613279185,46.00772573805169,-3.9879356650847955,6.971544597062835,21.224970562193914,4.561710650329883,8.292724602177056,10.831464332850555,-1.3339640109556576,-6.715662706624083,4.2901529996761925,-4.12868144702463,3.2789902571050242,5.495078889150975,-1.761642565246913,-0.6252338114408676,-9.435248536481245,8.88639874044603,2.7647584113733568,1.6074928699006024,3.089279609517177,-7.84674990262722,3.850008064170269,-0.5524364475133279,8.636881435997228,-0.25254320270535463,3.063769970197933,6.3359458382981435,-0.35398771526762896,-8.052207043621005,1.141843356124237,3.334347603694901,-0.1684536264712729,0.8595828177016182,4.789956814799138,-3.495337411089604,2.3409578944652174,-3.681514523524238,0.5815709227971422,6.3736500485648095,-1.1071791344869406,-0.8415600338300453,-5.228506081090434,-1.4291163113869594,0.077183089212881,-0.5983855128017158,8.392942205869353,-0.28458405077285986
62.05878971681153,-17.463341858942403,-30.076182765190506,-36.28718396733929,10.884656865176433,-8.52893459754799,-6.41332568318106,-19.028064175131,-12.293908400449233,5.665400553486374,-9.652303856355664,-3.734154769925145,1.0469417214753511,1.7236433242568432,2.405827571584368,-1.0642316718475324,-0.38273540266782985,-10.203943288310185,1.4180858349905947,1.1311967108159215,-0.48283983945322756,-4.407130096726945,-7.486035070368074,-4.867852481686768,2.150279014806911,0.969641083754304,1.6786009420268426,5.334870124618572,5.847885960983165,3.1025790053243503,5.356237306333017,-1.4766106486551736,4.495003967285414,-6.229452997685324,1.3835222391206814,-7.66453929615214,4.922153952860479,-4.861799738500195,4.142617269858356,0.5598221520377114,-1.4331866092101788,0.5419022346900231,2.8210695131659262,-1.3893738313075992,-3.2555851189431912,6.055508972692981,3.4956521016017303,4.408502353599413,2.0636032602367615,5.816176616290598
-81.75539184446882,-69.32400750853081,-49.84572480725599,-0.44153587124863364,-3.3033551423282073,21.091974040841155,27.238153269596417,12.75606828304915,8.265607891461961,21.569046022981265,2.3478046867207505,-0.96459465142646,-5.278738682162809,1.4522881227219573,-12.827515631130769,-1.4064161816855343,7.42926753943056,-3.837337927194917,-8.093717005432028,2.6818925840806584,10.563005048813453,-7.185710711523138,-9.869856066264294,2.152770122043727,4.8567644840852084,-7.363344856005858,18.220616649299174,11.143849664126245,0.2716072838087078,-12.053895511931248,4.589555427638872,8.911199162051826,2.360515195505528,9.715512107974279,8.240833840682116,-9.627157663918943,3.9250433515861705,-2.276410030449108,9.732862137153894,8.644289440857847,13.337609590430002,-0.26238628343918285,2.2596890971493244,-7.684380682139205,8.611582959759282,-12.498236692157295,0.6425483445306469,-9.015436830006406,0.6055849888738793,1.4471926354095028
18.112317823863883,-15.051798935030929,25.405764048589077,49.212142444278854,-5.56092585378288,-13.752811940708341,17.170496903858073,-0.6004482121009184,6.594667653357337,5.817231513238741,5.221543519117153,-13.44249527763613,3.958849222968635,-7.943799650496035,3.373528932652625,-4.383178096019923,8.511935982127946,-2.904445041031886,-3.4019450081934437,3.520181016877845,4.401989979117766,-1.599475546857829,-3.694076289097087,2.3126117310901884,-4.840293959450579,-1.8050056191646295,0.3492090895927126,-7.250512343677726,-0.31757825441980436,1.5748403404819296,-1.050408761902094,1.8903218401278294,-2.2471030824487945,2.545096627202256,-1.690918191115523,-2.2490040020798614,1.7419950236266353,1.341782580984147,6.022433313665317,3.4212596764109975,-2.1096189380010184,2.7402088028111287,0.40953823101973463,-1.8688802848828194,-2.32194950080206,-0.0487658568456019,3.3832271477936033,-5.25955750821252,3.497084953511111,-0.619624806190246
61.115077662107865,-15.73241725282697,-23.14700619336181,-9.682225144798425,-31.497635923103033,0.16509253796379253,7.829977970567238,18.197723976222534,-10.722654172850607,-1.3894380496669851,7.030899821062092,-11.540242769604884,-5.0056827881948305,-12.235256742649142,-9.47695254827212,14.616384567113814,6.231602428205865,-0.4548900662973136,-0.8871190571514633,-9.50200056266837,1.1816335236338955,1.7682806361061474,-6.471492632174333,-3.1851590577461857,2.0719687580653012,-4.341148667595527,7.56014041719005,0.7189527805373962,2.642881909268686,-2.775076242283215,0.21707360995003983,2.7196209316831323,0.8464696336807218,-2.5799617271873347,-4.422967226205159,0.6945612216434051,11.05040993979955,1.7745017132513177,-5.377004454590887,-0.8957041980563424,3.7935382554806796,-3.3642598116637945,4.6344430196497095,2.788245570698452,-2.15553354642785,5.707070295295299,8.253967739155117,4.900044851399723,-6.429055514439359,-3.513650266182654
66.13409102632906,-14.053385897003583,-23.824274676026423,-21.35620665487354,1.924884369778807,3.7669438429510187,-3.767573540490401,-14.772825557727879,-7.207167324282488,3.584515992237776,-14.28931338700519,-2.2862941218977197,0.09254487853901075,10.355507421426344,5.665417484902952,-5.698320226652497,-1.9688356438838757,-3.9502749106710104,0.5459185341981063,-1.1208469589210388,-2.7308977277830344,2.763564948541748,-1.4521938579292606,-1.086121344794484,-1.8373545104926055,-2.4630952680560374,-0.4565024988200416,1.5011182193641228,1.3129508483253394,4.280788365605481,2.0535253935767512,-0.23095459433586193,4.355742866541886,-2.689604075800741,5.302414105886644,-1.6725376960662877,2.4162016289605854,-3.8225125338603725,6.498923172231957,3.008024614253445,-2.3307338897229113,2.0751687399696697,2.599890748205045,-0.09826400944765744,-0.8373728892474817,2.3152634876906184,3.506175313356497,-0.9663258040437933,0.08894949691352194,3.5063137693693434
54.731855797233735,-31.619425322765757,-27.572320010245562,-31.211321855463325,18.205845636870983,-18.288183143009785,-6.2196864632396505,-18.244621932824717,11.414867006150274,5.811481377729229,18.372373489402687,13.879259486581152,0.41036732648978475,2.399784825825557,1.2525886731391243,5.5486308335035455,-0.03054080367189594,7.385202037209098,-4.312533748819617,7.28729197371397,0.7930741976088346,1.2350406462483114,1.0783006591190534,4.942519121828348,-8.15685702863102,3.3387181383997997,4.428139911117353,2.9551259619383483,-3.07691858842699,-0.009198445692729328,-3.6113730756813247,2.909419347166122,-4.226030014572611,9.067352658501969,-1.6694373810419427,4.493385487448588,1.8100888297258564,-4.049027498553544,-6.335288858768294,-6.464741996799734,2.4214248368999542,-1.1480878359336921,-6.709243111119485,5.15643887767484,2.3382710599672043,0.7230001647546203,-1.6659857418929127,11.39197519688242,-1.7288802063194106,2.8891399534430287
-20.71406396337169,33.16339994145018,-35.57631712851544,-13.55034454148618,23.177605264965955,-8.90294443857097,-3.9015610475922067,13.047883111930663,-10.441872072942044,-15.522898024366047,-18.480339240470812,-1.0991167644178663,11.620845027413559,-7.884774532138734,11.175125524762898,9.083988305598439,9.672616342350942,5.228185509629807,0.8007209779784719,9.272155850137523,3.8677127792498056,-3.571660380288682,8.040201936436118,-3.9437111765539186,-1.1241797544706622,0.03253347370585445,-2.8357933376175413,-7.607369519802009,11.190453209849682,-2.6536018770334375,8.857856489057617,-2.688882062526682,6.246955003382029,-0.4356916580044331,3.6745411121800022,4.3464993752838845,-2.971200805167689,0.9624299436359532,4.668187403167587,4.616524267888381,-3.2558323931334483,-1.8582728187501356,1.300725931230706,-1.1157681471627228,4.976863113152538,-4.798808515843449,-5.14494533129043,-4.559423326748394,-4.718884532651418,-1.5087737693467105
29.007042078945258,-6.779773665747492,27.5164519549653,41.001615848374584,7.2604597666048045,1.7791120786695445,-4.813420393575927,-13.144325433139436,2.0120460093823183,-9.155077346271936,-13.40308266802975,-7.921382181195856,6.070402868462645,0.16914044634102054,0.3604082151310084,1.780145411107908,-2.785449356901463,-3.3842376177563853,0.9905862115997863,3.2166922293600577,4.959231580200397,-1.5319822592287773,-2.630188507147875,-3.779322198031922,-4.208220500485296,-1.7894148423645195,-4.677912675500423,-2.9258673286900367,-1.4812653395338464,-1.1870719995528058,2.6783560304852885,-2.3793198798284707,0.007566295199113537,-1.4285274366374607,3.302437834594132,2.138842904690136,-1.754036395263917,-2.6105427631016567,2.342951846337524,0.37993353514944567,8.33545065910276,1.6376580412753798,1.6934100401429693,-2.6114390843211575,0.3500792439745712,5.668212754778658,-1.1276861241531866,-0.08796428746865109,2.907163422381539,-0.35854455896983356
-11.478666835115911,52.44136639420619,-40.00339030463866,20.84459774680899,1.4102964850065127,-2.330948854833556,1.244728841927006,11.215278519528944,9.867903341209809,8.934048433581292,17.03725180672633,0.6220581011253975,2.447190584046941,4.960378498460039,-6.006998811020483,-5.570871468531207,-8.691881659968152,-10.368495161607218,5.3703347155539,-12.721235573819524,-1.4366626424504243,-3.22440667414341,-5.380191347501634,-7.86014170320752,-2.0931047969610685,-4.280278843295435,0.8771891344055602,6.843464316263803,-3.968159141297222,-2.9337208872517944,-9.47206823994688,1.3634855000520307,-2.665253051608848,0.262106880743812,2.464913214441778,2.051054575337728,2.569627556351425,0.38492826786635775,-2.357065780540333,1.221136581339865,-3.520981100990591,-0.31628403073857086,-7.005193494657168,5.260545595310678,1.847425322486501,-4.284055454910541,-1.9560747062659187,1.2298740593224995,6.348533124573964,0.9840710348602438
-7.0183607071669325,6.741138710003377,18.997537482675952,-3.421560264612682,1.2813960781287645,7.208180082814335,-12.617972851358397,-13.254284543096505,-6.159293460764888,-8.493293467642482,-2.4225059024668103,-9.989300289360154,-14.567641147997703,20.099607645154343,-8.628818879049485,1.190684755981136,3.0527400119978365,13.048764245968568,5.115987074496808,7.185084913716297,1.242663772991369,-4.4936884419862,-2.448826281883032,-12.33907619057621,1.9982089350736958,9.88988842827679,3.8936802802416857,-3.2279949927070173,-7.318865558412818,-4.857844808602112,-1.3683370640766874,0.6049513096343043,-2.848385487387422,6.816579203413819,-1.804799330881203,7.6535063729562856,1.812636676612045,0.3092267165529286,2.6867901403239363,5.707851458666492,2.2284076988351074,1.775714509523104,2.140785950886588,-4.960900605521268,-12.485302659852774,-0.3811921210230056,1.6300516449741287,2.8725527875209496,3.986898565534186,1.671634169809248
0.027508424203358483,19.34546548903564,23.937414706532394,-3.9348376245528445,-10.606590474386486,17.562764482747635,18.09354885153312,15.685163049583892,1.6094079743945202,1.3465216033753202,-8.660410585022397,4.099655745260208,5.93440276739714,-0.09172626254875017,-6.915082948948595,1.431711733241377,9.234862840090418,0.5319868722282279,0.9229214609360034,2.5996600859419496,1.4166671273172073,1.2729691536735763,-3.4119077518271004,-0.5341895534125312,-11.334429971227964,3.37259022144956,-0.3865282366915716,-2.2449666010770146,-4.704446871528369,0.7982595927499313,-0.3699622510560335,2.9794705100797763,6.631848425348463,-0.6498293486972748,-5.646806172705845,-4.276120954255434,-4.357498909560808,-8.41780054335075,-2.432161140502243,1.899411601847972,-7.423410095023603,0.11936320524850787,1.5142523820431524,3.3614050044555315,4.346918148023268,2.409109755173906,3.788155423820602,0.37814146423536205,6.7830398603894935,-4.261527264283301
0.9074327089728694,19.111594285452366,27.404668105843207,-15.013187732051069,-4.097061336538755,16.33438762118335,5.41788702101672,-15.491118150006864,5.976764202477961,2.877274622242344,-8.45408450725064,-8.102250145406348,6.305030396759414,8.10071106320465,-0.2652504326450892,6.6797522147028054,-4.5148319101360945,1.033620706846591,6.285813659180146,6.766333345269723,0.42326213834339793,-5.480728216063779,-4.192481647243756,-3.6587487935397465,0.8648735145977478,-10.106078098207421,2.1599613719206103,1.4703419713777004,4.447110198146139,-1.2642989571816636,-3.2885592030554127,1.5666852844693682,-2.1874462844932396,-1.0458253813412106,-0.2686209674106067,-1.637900188157452,-1.1986054364073142,1.1756700169134062,-6.00511799425373,1.4911843827711413,-2.676980770203048,-1.1026002416556426,1.7235056506127542,3.8980994881407973,-4.319659876780001,0.03952957971784926,1.0626737177574714,1.7159333175552325,-0.48975406529878307,3.0337961338340316
-102.8597197299554,-85.23470967046248,-64.77937498175021,-22.557210466626,-17.97525060712111,3.0921493078802382,16.006136294465946,13.79032051865362,1.7466220471974383,15.717203653848648,-9.069337769826896,1.5789603820232951,-6.23891331798986,-7.984553646695492,4.163958696368481,-3.56641945670685,6.649724582403032,15.680691916996832,5.583916619041265,-2.5991405152198803,8.599714742898408,-5.826352289228129,-24.278897679535824,-7.0216422378891865,5.840154205751178,7.225196313003243,1.5351785765644532,1.4221788018068207,-0.7474358636755184,-8.875044928588101,-0.9411125578606672,30.234977643561205,-0.4878902362825069,9.926733087475201,-3.7844690862063697,-8.485753190518526,-2.4901626936247103,-9.342094219951832,14.843707331144316,5.599759118447582,-2.6593769199586497,-3.9159683271585277,10.530401701575366,10.741349609603612,8.186727299580772,-4.314571646433089,-0.8796070158155541,15.342465206278309,2.0550794067270903,-7.236572858826306
53.34782813582551,-12.335645046005164,-19.252218636480002,-8.56763634382103,-6.979000596890132,6.1454571374423965,-6.308363701076507,-1.870749247464373,-13.882671962642107,-6.172685462431279,2.432367424545441,22.26953592127996,-2.2227060024445895,13.221073379189527,-1.7089465631138403,-6.100503524053078,2.819593639120334,0.5477925830658695,3.6404414745495655,4.680789831029249,1.2482253655569147,-0.012122701995198977,3.969794065818706,1.5284535102667056,-1.6495152426531328,6.0275687864541565,-7.6268627449931685,2.3272837892411853,-0.15163320999174562,-0.7100965926958791,-5.183193298003941,-1.4765122493911993,2.8918373067835996,6.8882050898492375,4.185836404495107,-0.25563375695169394,-2.73022210781515,0.5748992267385684,5.697289872409537,-2.1786013056618128,2.4948005026792464,1.8191947342863812,-3.883015189654356,-0.7271263463367627,2.9176814409170166,0.65191033595367,1.4879393636891696,-3.3987798985950772,1.8453807583267836,2.8560662629888656
68.50260109817947,-14.597672388996823,-23.133821014932774,-9.010317226641707,-34.631937221743186,3.771553122793501,10.158627222764212,22.55158681026302,3.766707625946398,2.33671678265554,-8.107331847903124,-1.8519979731050584,-10.697052729503431,3.459281912486435,4.312306556614795,-13.58059853446741,-4.6858167973560025,-5.773523848205335,-4.025055802442208,0.24476975648822494,2.6197967400981117,-2.0258165701637596,10.50175620255577,4.385474946247309,1.3271994866943058,2.619241289538757,-2.081667408764054,-3.388853466629342,7.423818111747748,3.730720337195246,-12.040666289597326,1.981061654468465,-8.455632745365692,3.3511695796612258,-8.289208607291126,-1.3860443444491044,-1.8963480413874703,6.7504004277061345,-6.000153069563526,2.5788743268048897,3.1881283707829557,0.14848841400936727,0.6068389726331955,-3.3751421472435013,5.195878322308493,-2.921909951470731,4.162369135756346,-5.765403953907146,-5.9563041729054484,-1.4233324355706627
-49.7262934834073,-55.37139889374792,-26.524675900610575,9.450590815392664,7.080247856272648,33.365538039654155,2.955539370748852,3.8775255636197774,-0.08582043690470867,-6.721716747353733,-1.3396097815856314,4.803553978917684,1.6960760689874752,2.8888332131233434,5.588096954511888,-4.103320624887333,-1.9534107553348272,1.9411876344952954,-1.209411106638495,-2.162342355829286,-1.251710367400602,-0.34815802236939153,0.8423551643566255,0.5766316504808091,0.24442495798889236,-5.522931819427913,3.0937884683929635,3.4356083456794653,2.454583011412441,-5.247095860912354,-4.22380689593008,3.0592343521470395,-1.4139256707449444,1.7719943031190089,-1.8249695766666556,6.748329790655405,1.3058106698942127,5.509937794786592,1.8774438893892729,0.8792272070909766,-2.809557503484989,-4.335558740073006,1.8108480438495722,-2.024201300258766,-8.455594943474548,1.3946973462723582,9.167917062472355,-2.216848649566119,0.4310608382149532,2.6775797528701593
-7.973128134746507,-2.2198571439000983,29.348819312655536,5.022198652237757,13.89415643486547,-5.270251143469886,-38.30626232728945,38.93071970835548,-7.519576169283357,20.493736698945444,15.89754178999716,5.74748060784333,14.495458778143508,-0.8014887459868228,1.3075814479641186,-4.51127016055958,-10.566951971419638,1.1186297276676007,-2.171958852859948,-2.9224758651452123,-4.856403667588528,5.20529077353188,2.4366987008929826,2.2557738242368655,-1.066727383362572,-5.708392493606068,5.024192077563844,2.221807772739672,5.148431615651108,0.19211009573077586,0.308143771596907,-3.6820253285982667,-0.2565131476449733,-4.373885106610423,2.2556921524743596,-1.9664127018052824,-6.216141005509721,0.5538035764354633,-0.23380417687319935,-3.2797479567426233,4.4937536768251904,0.9368960265024353,7.533955527222338,0.7871709170544567,-1.7971269542906807,-8.546476617773973,-0.0938883671080131,6.064921976933158,-1.765839073186478,1.4814307665858364
4.996530172360139,-4.6689922680562645,32.99756718421502,2.0671898498669945,23.199968533802313,2.4707352697880234,-29.50575497742764,30.281868980959295,1.6354219879368865,12.345510052479678,-3.9368918652606175,1.6235706246695076,-6.014223718419926,-14.488573357626686,1.4769949818755492,-3.976228209137451,2.996981664828893,1.049429739735891,-6.892595129954962,-3.8000145189003542,-3.932429941130803,-2.2390175773948,-6.5228673037469695,1.3667649262788049,-6.605717890183448,-4.302058238568475,-3.8284618370006527,-2.3219507704638906,4.059418373206939,0.8088249248131152,-7.82257916227528,-7.956818852548192,-3.8609544441725268,0.37545918787249066,2.355351906577114,4.116459387277601,1.8738149173747947,-6.37078361890541,2.1945557134566944,6.485902496374668,1.6431142397303586,-0.9774611820800887,3.8291448165522057,-8.016704442581474,-3.41341222160121,-6.084702161982467,4.98314643592788,0.6512447997978672,0.21231458257255834,-1.3862832690301163
-1.3104636397781093,43.08040028093236,-36.8128425812387,27.38112998542718,-56.838560796418726,0.016298118600177724,-32.694849947632775,-46.74327100413692,13.031502381228815,-0.0609374790733432,-7.511407837321917,11.69210726027474,-7.799837902062537,-19.37864493270088,-3.6656006585542897,-6.307415890275325,-30.05017282116638,-0.6023709603732098,-16.258713313351798,4.735911729354646,20.2324205014394,6.122294172767737,-11.19011199220262,20.624421935665683,7.09919360919641,1.2802385502566052,3.151071864295407,-10.543440135293036,0.35562491927141654,4.342846338498955,0.4088621227295229,2.7291892504261677,-12.65383718812837,1.4583024707280279,-1.9761757681455865,0.3620432685415438,-4.987353604685042,4.4956226563881225,-6.847634258465984,-2.3186126290253233,1.872829771756641,15.035217293174279,14.478547344248032,-4.689974461645955,11.99921819985113,0.4266173088144561,4.958398398406172,6.881812782197022,2.6523405866664027,0.5750254067376921
17.71170060067437,-8.947839251708116,28.708994967723775,51.613782647242914,-4.3309266625078395,-0.5547262578219396,4.212363825387569,6.3663210756949,0.19589826154107545,1.6104159943917922,18.39946138832153,0.6963610136859502,5.508420504802347,6.225881703778304,2.0400153638860723,-6.331565888431064,10.179414595408323,-0.3897332104476422,-8.040436150312742,1.9086114264878171,4.093417093078977,4.409894454104062,1.1631430829281357,-2.7636013444158056,0.6082771947832507,5.601288713075254,-4.740285906008031,-1.3198827446607755,0.7603012113024128,-1.8556133430070394,5.081532966123013,-3.424873501809162,-4.060200804746008,0.8328445600037532,1.5086988760170357,-4.055819484449923,-5.21784406871297,4.524790191430449,8.863510541030651,-2.123794363433742,-3.1084266589138885,0.9210325952314049,-2.4297345830600614,-1.1605699548252617,1.2352968777009607,1.1106190122675197,-2.8153600543626434,-0.917620396758226,-0.6485916640092112,-6.076446917012355
-36.93835672906342,-51.42358671512771,-9.190444672757804,21.337396466965373,0.45457416604149187,30.406231056685037,-8.05491264730442,-4.52237308571825,-4.3534236052781985,-14.664959796478064,7.022268681672995,9.150122565493948,-2.084616790778836,12.113618381253273,-6.871406560370213,-11.917793074444688,-4.921391400958599,3.1594526486134344,10.833389834530033,11.45637788522155,-1.9092012067628659,11.247651701874332,-0.868611704813437,-4.165245347073123,-5.1641900840263135,5.0245850551871465,-4.695700384264625,2.6541076381211695,10.47028007175062,-3.5326551674443625,-0.12727091249460365,2.456145711863343,3.707636889750247,-5.678208326514649,-4.307262648807853,8.293161853100505,3.3775095049250248,-0.16441792737064673,-4.365698957112824,0.19895292321005756,-0.10246720620601198,-3.072460851010161,1.6046223468441645,-7.5330353891670345,-2.696898091979951,-2.1630366319180867,3.4032822206994293,3.512247621713662,-2.0009986685285885,7.009801951763196
-30.373906649458835,-20.765168527422524,20.063093420922446,-12.15349611351667,6.3406419071933025,-23.741730176836654,-48.21003559007132,28.46755546073592,10.614556277153943,31.233590805190946,-4.6338527286323385,3.3236420118265726,-12.789337386682702,-18.61366943946878,-0.2018164399682293,0.25542977509488163,7.69573508434936,-2.3645428215892372,-4.665741211828645,-1.6348078052081227,-4.585962919664392,-0.9239955510422297,4.017642503735899,2.3671382027350565,-2.8962779586932137,6.437653128214197,1.1888022848626285,-7.9044408993530375,-0.9006984626329151,3.9485302074209367,-7.189198079566808,-0.5869755734222486,11.137195085777618,8.342980332825277,-1.6974943503803268,-1.3016412394105419,4.823871736473001,-7.827618860821624,-0.9504932968433819,-11.313195907089153,-2.6527713877501498,0.11114106653160247,0.19100422880450202,0.8056683507262111,3.578452326030065,-2.297613024307878,7.872925303481982,-7.232152789069233,3.7693170571728403,5.147018096695942
3.315976820122988,12.970791686453978,31.30356229634044,-11.772204811506672,-6.012235062847513,15.376403025045704,-5.767631761727996,-6.278765957414564,-12.646234017587652,-14.515693945184974,7.057343846089689,-16.94987234470196,-11.392990385479637,4.886453240033062,4.570639160751864,-0.15290901328063633,-6.113253158641616,4.973501627044018,-0.6631735534708244,-0.36571326871695,2.6836669662438255,-1.7842287089282587,-1.5060835365512797,-3.088272451825137,6.365896163934384,2.5422427851145706,3.593632711986157,-6.044409103245446,-6.146876481793087,-6.631847915908203,-6.168513572244814,-6.842998871276422,-3.704251122524579,-4.100141404556194,0.2552719975872308,3.8349721975385465,0.4435619358582061,-0.01416937566644811,8.029252395844134,-0.05878795436403078,0.334699180262259,2.1922103617296145,-2.3776157112673992,6.133685690779672,3.860270311985801,1.1776520195967906,-4.545603916887636,-7.4402212241677885,-2.724509401077267,-1.2639468211911353
9.183811592871098,22.263351128342936,23.915945329405133,-15.612457347896239,5.920795735067645,13.577702894427315,11.434756540798725,-4.240683625680331,-0.31880819673547917,-2.4490955077664447,0.12500860760650503,-11.478682018907227,-3.6758823772786484,-0.4101174012106934,-3.8456528221596824,3.815235472908668,-14.587521027076281,1.7800878807289615,0.9399252454891903,2.6856071198866154,3.849052062497909,-2.5780496928386887,2.3782783825621014,-11.925464083089313,3.188806123839964,12.796767569716046,8.542242303560695,7.421717682491807,2.0134733555628603,1.733318802228929,1.3888465874621467,-3.7036493543682587,-2.4685582045467194,-5.739448937553661,-5.802286737486761,-6.252474436577614,10.533660344884332,-5.820781840743712,6.346855770315733,6.057140991170946,-4.442796077872026,-1.3429118928785884,-6.022413831162094,7.430034436162738,1.2824270764452312,0.7128890559247276,0.058034176119855986,-1.5509176279456063,1.3325124848665229,-8.095767901706898
55.980756166387124,-2.03812310634968,-26.09284234607282,-10.175102676161506,-48.16088390783176,6.748656785866492,-8.773515528919281,0.6787282170021337,-18.007926036096066,-3.4397823268849157,-19.757592212370472,-11.066083976225164,-1.895235188532932,-9.826411567004579,9.80876986470046,-2.0746318615465333,6.11098739965296,-4.875079922841807,1.2549435305809917,-10.804814201181502,-0.9894048245456969,-4.135822273166577,-5.356113770692823,-7.034229302227067,7.722418202903023,-6.161568636567069,2.1019414945285355,3.601137959146722,2.4970743494798833,-11.741879144171547,7.221756665103001,-9.359848727030034,9.533599586775443,-2.623816413843176,5.332674276214243,-4.142751007625969,1.7977402297861167,-3.1500415511472006,-1.516486252205448,-2.414184623732496,-1.8778177270872582,-2.689325050139832,2.1725499758450817,2.948518157180381,1.3673457225256094,6.463494925995273,-3.7952811839702245,9.084791652930127,3.84242574684566,3.6802069944265567
14.232040879606073,-19.849577291349952,30.607025333863287,33.288691559167674,18.51384761270521,-9.266149521077125,-6.789359853719889,-2.1273750303033996,3.3720203817856276,-11.734745685374683,2.265604028539284,-16.816908518908814,2.3735683759203687,-6.334311007367275,8.355363980543226,-10.096806940451733,7.3127671775569345,-9.466526800325967,-1.3981380668061762,3.7818822533059144,-5.126069823228597,2.4146303388277914,-5.104351694203596,1.431988748214597,-7.626398643934443,-4.923745822090449,0.8601724579310827,0.31686566456884,-1.7560373836778007,9.106834399199807,-3.432489334315382,-0.7921942439747479,-4.814397091667824,5.337661912321225,1.05206301548793,2.0119647269836256,-0.840585850175843,1.6113551930915968,-0.047448578314081974,6.004950344599949,-6.343913909519438,4.562284753811962,3.6688788953373392,-1.6504928684531595,-3.9980235668601125,-1.6432697636797058,0.15489976881325412,2.0876540682822475,1.5872650383004834,-0.5955586651274402
-26.727822983010707,8.201025939168865,17.87757661629004,-11.129785905073062,-44.659805355827274,-4.291762717890073,-3.304929551192944,-28.668216599039724,11.8536767864031,-9.249449547974304,-4.47609830067508,-2.3691706169244857,7.4595726645537415,14.812223211505755,-3.489922280654129,4.441353438520595,-2.6479398913163847,3.7997254496137574,-6.615513412729987,-4.483479538627662,9.678155467529223,-7.657108073096264,3.2894061486690087,-5.579799092676646,-12.951355222211294,1.7101490716649639,3.781823177839986,0.3539865853064793,-2.230038962533868,2.32031588195001,-3.6345242818235373,-6.9604274779662205,-8.796714835333265,-1.3152051653164238,-2.9103034456600465,-5.030534069928691,0.17688770152484062,-1.0589973690586754,-4.780472996972413,-1.6119999558543907,-3.473842151326577,-0.8507154089411997,3.4670496788314114,8.737346767860693,8.381544834993257,2.05047928926547,-3.4433464812983945,2.421140068752265,3.256725961389553,4.915783571666664
-13.489401401041114,23.57005026522816,25.731116880589084,-11.011599332099012,-34.37154086630973,11.438817260003377,7.429115513825479,-8.809203899425587,-15.762146580043478,2.985823614853865,13.86052718123649,-8.50365884238906,-5.681587302579413,-4.685066222601396,21.137296270376076,-1.7746083079082435,7.328778883263635,1.3620266907892877,-8.328661086882944,14.163147011061309,-8.748645938005918,5.634940143784707,-9.490377860501924,1.9670508633257198,-3.488532852178926,1.3954809066305414,1.3052486441069624,-2.6951685376852024,1.0327511019943736,-5.6482071051896,-3.370732573831964,-5.254932340931474,-3.5755762087516243,5.5317473181529495,-2.1220501998249555,6.716660022441638,2.3812835233856373,4.817592359437576,1.2064957203291666,0.4728185452260448,-2.2151427878016037,2.042719747636594,-4.885964927491875,5.521444087779173,3.760345682200968,-1.076889677016877,-5.333476878444095,2.529543657904308,-0.7893862154934567,14.894117763262548
11.803719558578294,23.396662699974225,29.087351440445488,-1.26147506600651,0.48302817630561773,18.98858091953343,7.626205465631896,-4.008497424867452,13.935353949587315,7.497836581820542,-9.081248977954772,12.116429149666928,-0.04812873487290276,-1.8745963030417667,-4.604163462992625,-0.68109067913029,3.1381032350065547,0.29327918788379187,4.699411179041411,-1.835629598874087,-0.003953491922442665,-6.264895747721854,-4.446533506629527,1.3681158743922845,-7.69885777572851,0.06703370504213074,3.0933599451635807,-0.05680812363192875,5.760130443812981,-4.672588393472712,3.2997746969292443,2.1621462955600683,5.069723441402779,-6.26447224805239,-2.9712620438206656,2.1710961411357,-0.4097646100225317,2.0408812900720568,-3.0417746575672058,1.534418719144005,-0.8861603236186106,2.551990093478353,1.5062848900914916,3.1037832231752307,0.9059521947421426,3.7748678201241606,-1.7690712361924357,3.6923638179530016,0.3107900451132454,1.4393657096271086
-16.759915952365024,40.8969748480589,-29.40680053035674,7.699104259360895,5.7328693053724615,-9.043341934100132,-0.04279555748510289,14.64476599598595,17.057669802864933,-13.76316516093861,-2.2219455339644023,-10.673749794515375,2.7752070671057947,6.508198515408859,5.634089114192161,4.2308414254206586,6.350917198948292,2.0299691251491616,3.731142881274744,2.349040981503733,-0.5417333253136861,-3.9576212655973135,8.576273314416984,-5.227749303823016,-4.728536512085386,-0.4496533616495209,-2.031873799688282,-0.3781586849120759,1.0726730817447352,2.706879652564838,3.087682649712174,-1.171386021108406,0.2738427403358091,1.7101781396910534,-5.226837828458779,-1.7820041351466345,-0.4465998224954023,-5.954941872740482,7.690802875229292,-0.8554075392762956,5.623986183053804,-2.914766568120428,1.9928517692394359,5.191343918532179,-5.745442875729385,-0.6508502398543964,-1.9340155691363323,4.747784257484711,-5.178987192637807,-3.1496058462546697
-29.890440526007936,37.71800777300018,-34.62584782299001,-4.849870120144917,24.530354092463828,-11.142385614110012,-1.115219503834254,14.328987830542351,-0.8564881357701919,-11.58272219929445,-2.009041106254135,0.5323531984965195,4.090581220296977,0.7855052686767816,13.024852261377275,11.604610750380003,10.276370777596844,2.8229340375966334,-0.9318182392445717,7.564503538773481,2.2776054704102497,-3.6501815981021615,6.88693889748563,1.024684148785681,-6.683103218062389,0.055276919058413955,-6.000976518149938,-0.9686342606201777,11.24482237895474,-6.134483156306463,6.603191154521414,2.1096191865193648,7.916366612818705,2.1663694638513182,-3.116274241685118,0.9576181538719165,-4.318267728746991,3.71262369824957,3.818865049349206,7.266164064057293,-3.3689023376688922,-4.692593206918326,-1.603376024583068,3.5712061129831962,-4.680595367927342,-3.3852523116189035,1.406897820325065,-3.008969332238513,-5.013099903411989,-0.21976787845291423
-0.7713581017889964,24.83489524242929,27.122281480469713,-4.5210938691779825,-9.944983742528427,20.632711619343393,8.970271604223745,10.299222956031885,2.5502044121111616,3.5384095912497777,-8.452889429510396,-0.027286969064050867,6.435522518686443,10.102659832783226,-3.9912022469853286,4.3040046867085815,2.8154286551462735,1.34341603646128,1.3872591363231532,-6.754134908209918,1.5046409103357625,-6.415848642611222,-7.0607980413036975,2.821492392270499,-10.452381612640702,3.323680325921021,3.8102803222032215,4.552230874445225,-1.017253433943735,-3.261166289751978,-2.904497604234818,-4.99461030124042,-1.564708157188099,0.4447694319681423,-3.777238599987404,1.9233286514431631,-3.253485108752183,2.3663305281626785,-4.254031759659292,1.1769289322646397,0.03675011172937059,1.8264059431009092,4.331902177397177,5.207682865762448,-2.321368360405205,1.8207976085591402,2.9998009707815445,1.1454821588390431,5.2974946051634095,3.3281677345727005
-0.8022544129536253,-27.917644306092374,21.781417452056093,29.703788372905777,15.157280616408489,-18.263359524629568,-4.032356955395518,-17.866326359422473,-5.39149016481241,-9.379786995630683,13.268414459731622,-5.006872282016784,6.521903000154956,-3.047012775106654,2.0404142578129,-12.233410068277246,17.425882443314347,-7.074503510844328,4.714202100706362,-1.0981104737171483,-8.298056059630287,-2.2670703024617094,-3.109348963335478,6.399135924569757,-3.5511059382452177,-0.025343885766972385,4.9581108652665495,-5.491071046922064,1.59689601510035,9.607117970844508,-1.9432000528982685,-3.439784011878401,-7.009158300786092,2.476504002670427,-0.4804304303225098,-2.0974103340930967,-1.7068553248940745,0.8769653498745626,-1.7279617404446772,4.40192697359528,-5.956908244643103,1.0752989593393234,2.746795012706425,-4.370681586331082,-6.156155497759585,-8.514109842091612,0.21637055447040668,-0.4205075811044741,2.890174252142183,-6.244483165613568
72.25315933361532,-11.123196924232266,-17.480051872671815,-8.407461279237879,-16.379804849408615,5.629176088124365,9.798030664400223,16.29741246629458,-1.303930380539171,1.5805173611157088,-1.668073997657541,-13.888173097044854,-4.988695460999376,-5.371553891965642,-3.8062205253061543,0.29483906502164936,-5.864876327430524,-2.4042884469395815,3.680264560526925,0.258471939243814,0.5625236388253099,3.2476118564537013,-1.892970759983596,-8.587407224624448,4.429552881392898,-3.167371688150131,6.85947737626609,7.406129511825413,4.422865073501674,8.087035150053156,2.010125502241954,0.8930292747639224,-2.1570793058194155,-3.036215200076584,1.075909893128546,-3.8371762861478724,8.268733001036894,-2.296760037923923,-1.3624140925611994,5.030616350577106,-1.8083444750432687,-3.5249613852439943,9.578092583716312,-2.417959340501375,0.3302575588710565,0.35264589635376864,2.7074353170129726,2.05911124783695,-2.39658627923684,-2.707368119269043
14.720812880322626,28.072056843637345,24.35933096208884,-8.67908448418549,13.623711673309641,27.869207887377804,-8.257312828080012,-34.78172258040761,-7.302467470609474,10.189192919991275,-9.158204779165526,4.975635953069924,-4.542467034789305,-1.6301593593219053,-3.5949858727388118,3.1145917695534457,3.451310230256586,1.2634607146233487,-1.9298924578309125,11.781272983427378,3.0849260826679608,0.03369987940305115,-9.623235071008354,8.242947371995797,7.207561601336,0.9784538498793252,2.1519157379188436,-1.3607966718289894,1.1341298316018416,2.0630364178745912,-0.5635233668813083,1.1412982448130367,-0.5416935896067464,-5.20771961255784,-5.310747857491581,-5.00727059867501,-1.9526401311413761,-2.166223170799215,0.10075151573008151,1.999798334767717,1.7344276777732905,-2.3750035038765183,2.0586143818879643,0.3660772328912968,-6.03425303746914,0.44043232809293015,0.5187885634537021,0.8895226200400038,-1.4004284780301346,0.04531410752217365
-23.19402975865428,10.855443767528334,26.77437727683351,-21.24561361531863,-2.817038413623362,1.8136373339864276,6.794262237131542,8.123658777302598,1.066311912954603,-26.767502231277255,-10.20191817456734,8.686344712878073,5.184156001056146,9.109167742313442,0.4151742644212573,-5.727128002017552,-3.1619631228893716,2.3821716715057555,-6.426210108947841,-9.607454739030308,3.014732717489416,0.5952903975853742,-1.0427939853753523,-5.837323871460169,-5.2118727995739595,0.06135756631886537,13.672934757987255,-0.4738433202176142,-6.159702231894199,0.5100196222668689,-3.0209193786028843,2.132593265374519,1.7069673931094558,3.0358703100213464,-6.322378210780985,0.8495528069644568,0.649209128087832,1.5119152909544535,1.3880267910056525,0.24857306322999162,-0.6891379769318162,3.0952329942283345,1.7777201510247496,-3.4911797132354376,-2.713730868075715,-3.870771477366152,-2.743691346605449,3.5749656423854224,1.9670608298187373,1.0841744984573778
-9.492497997616615,12.724735767821882,25.332261596670108,-20.67374231070898,13.733317252523484,6.611324074701503,-2.1119275589817352,-8.639845350470775,-26.162879806669004,-11.311639634990971,12.496814353677657,-6.3888922047509515,-7.610970804984634,6.881879816409893,-2.8942234982316486,-1.348390875862187,-10.51765560927632,0.06965122283284554,-1.4586591525318713,-4.132647117536092,6.061922667434576,-4.754745101234189,-4.677527741910605,-7.29609762022926,-3.981841179106031,15.678609508153148,6.565181684789685,-3.030383003669261,-3.0983733289767583,-3.029945260418052,4.258138432907755,-5.833175487801227,-2.797470543766931,-3.6786793336482195,-2.3679432195799515,-0.7767971074015694,1.9836928935747358,9.176373590148325,4.865704634176223,5.622499359461807,0.4939741644547169,0.8573352731618021,0.5023215822334177,-5.481601497886642,-2.212585816018859,-4.014328396098798,-2.3709411182630014,-0.015716980618766984,-3.6135011937896833,1.431955486245481
-13.654451676286417,20.19065349065679,10.898690730391435,-6.929249899546889,-57.53903460621303,5.595843542173601,-4.337272166776574,-22.289197417430145,-2.044769678102877,19.468215758621838,-0.29489203559503396,-19.822763681458753,-28.768451581580088,-8.448487080353246,6.572328528251852,6.14702260894043,-10.998354863679886,4.378005120568938,2.396318162040222,10.4414497223794,1.5972784777551754,-11.832002441211387,1.4770787087334933,-2.8525324204049993,-11.047658329239235,3.239112250446028,-0.852640581735967,-6.9592198785174295,0.417387747853428,0.11859737587378498,2.5909085458617604,0.29113923201032776,-3.0976236888491187,-8.579372445137661,4.793035571528158,-8.756704061762557,-0.7577923255346183,-1.4156832005843316,-6.113869708393806,0.43029091918335505,-8.829715604698336,-6.168742947885069,-3.6601705280240484,1.9154600988101453,-1.4155829601920238,-5.988109458516457,4.535038957633263,-0.6323219753294854,12.406589769738556,12.402848431973167
-35.73258967142262,8.264636991875793,13.754744354982886,-39.8220855860463,-10.291994715437125,-0.7980464826315091,12.124714387722792,-2.6424979776907307,-12.034527188555403,-5.729330152388972,-15.093148660262377,18.3364547433424,3.5861880341542567,4.265051426204162,-12.221955325226348,-9.351241037561909,14.695770126275367,-4.195122113804289,-5.407029257508583,-13.88514878987588,6.016831856218883,7.460716741928087,2.3217141238023684,0.9499654449235325,-7.408202801328747,0.3189752615289728,-3.296925600091359,-0.15498132750297286,-13.373070313438179,5.206828275913868,1.2936974066825153,10.179090178300571,-0.7792704910633609,0.825480679824427,-17.32458084712984,5.684690460627744,-0.488937726866209,-6.887083595463844,0.8605839339092071,0.1624574224045447,1.5179584111517672,9.350959090241982,3.2762977935124376,3.482611478056489,-2.327066638729612,4.6191063417310945,-5.062724970484786,-1.0105833356639125,-0.3609798297058517,-9.97150164928644
-17.40428475061238,3.3483437998996526,29.60953815652517,-18.978051073545327,5.810673432715006,-0.04776352656517275,-14.211671797258767,17.696349368247535,-21.720290695841847,-2.105779245185829,14.4907766415191,-5.476524618362558,-1.384409642001707,-4.541493152681044,9.461332709052751,-0.3778927015264324,-3.1230740352347537,-8.63953113687336,-4.49971381479704,-8.341132124953077,2.9925697347653535,-7.1873544844076545,-1.646154182769505,13.478832423752083,-0.48277064181218715,10.781303466429053,-13.083011684049326,3.3794316335894545,5.901153355150146,-1.49197803380999,-0.46349109210936235,-2.65569204662664,-1.429805150014201,-2.082455723889086,6.180704846777612,-3.2766605739581194,3.9647890748349583,-5.286526830572671,7.499401824207021,2.9793977954510806,3.136548762769551,-1.3189720839005494,3.160376438987433,7.980848375210042,13.367105522181886,2.850553516757468,-2.0835580187054776,2.0922666116998734,2.3243512262259576,0.5537160938482855
-5.326619026845737,12.839413422694614,12.050194164853044,18.54526819256617,-47.065557740445776,13.900343905970407,-14.267712660184522,-21.041723492719008,6.706352666742584,8.965800940506917,5.64933257493317,7.1820512335429125,23.86948512695514,20.841314197740175,-14.54760348375592,-11.013659961017023,4.2214507487497,-5.836918728149429,-2.191828356166177,1.3387267305458213,10.408351404530828,-0.8027671613967715,-5.977244461450442,-9.498235236518465,-4.282152908308772,5.592286829916871,-5.0803726082688225,5.40269262653515,0.6841533511398775,-7.227806237150487,-1.8229209905337034,4.033304442752293,-10.247680432154274,-6.937781840002874,3.7122353926517553,-8.223418699831404,-5.106116721269208,-4.603523658226483,1.5813732972652332,-1.4311131817390967,6.445682554828022,-10.755885079593616,-3.356212561784924,7.157868123167475,-9.147329202837874,-7.05377160427117,-1.7336105710221783,-10.90081843040343,-25.106539876445726,-1.138827258099758
72.36111286790602,-21.917803973492553,-16.39730114172248,-12.043596973870574,-13.04827827511231,-1.623053648793036,9.683902027237613,18.510277074921476,16.072795072386942,0.9308546739181168,-2.7065460770194036,-4.832983097530658,-3.1328952914881305,2.8791337277868663,1.2852620119721523,-3.396026855567651,-4.157691079353479,-1.7608994088687953,-2.743113515041543,1.1961916928129182,2.090299340171712,0.8482326381046247,1.6865611321468044,1.3400115045002248,-2.2228064856843934,-2.557316283095929,-0.7164590953623253,-7.639417641298429,0.784454540149011,0.36560657562493315,-3.162240650565013,0.8810287637810339,-6.120377545360373,-2.0228371000921515,-3.9309903306306637,1.023532001674863,3.9975999171906635,1.5539972474178496,2.35124258535048,-1.5836502903603642,-1.543742844634218,1.529749343311774,-3.5984619426491613,2.62609511722251,3.2639701244953256,-2.509548485727651,-0.19193032053182368,-0.626345702195344,-4.185885289774265,-4.38523450052792
-44.522284482243236,-18.768912009066717,8.453329367564757,-13.183231174507284,-26.509261540267833,-27.48654958556221,-49.69917172136369,25.64840446926662,-21.19343822386572,20.96948133196391,5.52680807203538,-12.572254857951197,25.51880490633316,16.553969573405503,-15.111509780076624,-6.897403928450822,-2.6581387370644394,-0.6242598442697079,3.4339348611413376,5.243618113018617,3.4146274943448818,12.318340976454293,0.8633931082930332,-17.62684483719311,7.59735034635468,5.551561512982801,10.537799157620853,-1.3523427102699812,5.19671664012057,-9.414322335848126,5.493870242297774,4.966332262776261,9.059566475339386,-25.782839217860232,6.4786335359593545,-19.33281060824082,-11.314951644366335,23.892649668186653,6.100163383689932,-4.413846170803479,-15.93230131480472,-10.261937143188776,6.754923873213493,-0.6831985469696621,-4.073211585141677,-8.501274839906802,-11.901736602317126,-6.975619370478,-12.163240531897227,10.644792838876029
-7.567401772484149,41.42468735951207,-28.020226870996986,24.200315846445168,2.9571935824164215,-5.499411786557468,-5.221395859120465,-2.3043776185835045,18.227584719533688,1.2648894963539237,14.971786949088532,-1.8807852379333083,-0.47865864245137557,7.610322804080403,2.6925997900312524,-2.7039492926054933,0.5144993882706624,-9.370919057671426,2.278664048290345,-4.543004226928164,-2.879096290059356,-0.7798541997908882,-3.4939670296170684,-5.674515972145109,-3.261269130016688,1.2399007730996376,-1.528581731685745,-1.008934665449855,-1.222261218272262,8.189080374457708,-0.31606586827452987,-0.6395273464993746,3.405393900723276,-0.7947648669897228,-2.6317178313595506,-4.9688743543375695,1.919011306107561,-3.2912042253446554,3.459355220962455,-2.7634712486990454,2.461770903563572,-5.118895412922706,4.085483367390217,4.7163291460005565,1.6791829477760722,-0.2765114427707563,1.4271069694307368,2.196206422236227,1.4884653144798865,-0.1822559936255256
-68.70046883573987,-66.65302679704344,-50.00287612312652,-6.56793769170317,6.417433808820317,20.109592030393756,8.35980210376899,-3.0266734890898093,4.45902799449159,7.849108984041551,-10.191371624013641,10.003362546045759,-0.3947093411735727,-0.9195574486242102,4.1188552198304205,0.8202513977691899,4.9194568068348525,6.206160590105398,4.5958477587394615,-8.54546551173701,-1.9026473280580822,-0.4538282031310816,-9.547067787114743,-3.4044429987995266,6.648652759128086,-4.325946263199187,-4.656616169401811,-0.15381184424309097,-0.86065434192933,4.52659619707487,-2.019347864452821,2.421655666321067,-0.204659485746573,9.291346839023099,1.7829445749161024,-2.672613472613598,-1.6663646417644895,3.629147127291795,3.4129900533790383,1.6618735809082403,10.51023923755282,2.0266572055024765,3.5860873773107698,-0.5443247609874354,0.4241703107300098,-0.386056239460538,-1.0188147731474568,-1.8102000935038367,8.346593150885706,5.316502028419036
-15.32110907711754,1.1410065964782643,22.675123863077875,-2.245687524648602,-2.622156045260411,4.448138201055575,-40.33545648630317,20.520778006972296,-29.64819807903041,18.273778895912017,3.812071421125981,-13.114537761639154,6.134852472097522,12.444899886692246,-3.1046677771546496,3.1074664213487218,-13.76685196019645,6.458330065231586,-1.228096563955391,0.7780527392092764,2.1219622666639193,5.824649083496151,8.86887651784894,-3.7087079866264823,1.8523799246870913,-2.4707519259921855,9.631458459035134,2.7858229130204584,2.0886851271492355,-5.382848204484988,-5.486200964880645,4.870773576589768,0.5174469390925489,-6.037615159784229,-0.9628509486615012,-10.66658541118388,2.613718602825258,5.812326894022672,4.058843982531553,-2.0317135858565813,-0.9438691858352539,2.7544598707825325,3.707691387617208,0.8938724951204613,-0.3081524609137644,1.3167224360311598,-4.2074420482845,0.9949622240936263,5.394246838199435,3.3483018500968376
64.02935236374714,-20.686615784708547,-25.712965593657216,-30.12184538390891,11.28920219543025,-0.9269857696566322,5.962283872224342,14.500690220546947,-6.83810580683092,-0.3343700702559328,-2.724064026199248,-4.874353548849782,-4.467817619485023,-2.4719980661129486,3.412108306930317,-1.841062470736833,-3.2423585275062856,-3.9475152801767455,-0.0002972273664384504,3.683063703194085,1.9057323564524122,4.081826796383051,-1.9011527064584515,1.042187931629275,-3.547659902313037,0.8616557530639797,-0.9155765656683286,-4.291959291543939,-1.4345187957192407,-1.4993789902313002,0.5003268479021368,0.37220647980225585,-5.709249322718629,2.213010749092338,-1.4322664370379032,1.8893751703858541,-3.4741435730036603,0.5253418543884698,2.222178235433831,3.5051614031130582,-5.147335515523589,4.783786827916395,2.883789865634624,-3.461051096978572,-0.20854175088428714,-3.823114329454804,-2.113724001439461,-4.314407436706806,4.492080685217638,0.30704113455940213
14.951221973219315,-4.649614024216771,-36.47552542162934,-37.7491086749795,1.9315050304157775,-25.809905141289143,15.107212334230056,-5.772280740116126,-12.161282380357731,15.825507561533566,0.03096097791034342,16.877201360534297,14.579763477021443,-20.115782356578936,-12.64315408033529,-4.570869582994381,-22.827554145688254,10.116358714934123,11.545809134411742,30.871382799468385,9.515357367734868,-21.047387897056325,-7.4155370473114015,-30.41910540082757,-6.15441679968972,13.686967435766377,7.350823367083992,7.920743212840913,-11.606312236396086,14.630001012191883,-8.013630117198382,-13.222288540000793,27.934908694633144,7.762121778674817,20.76321597485335,0.2019752745208357,-11.349488691134098,1.5135239127918971,-12.076980765799574,12.32896174475323,-5.996883832961618,10.756040072950283,-2.347721127592297,4.324910587266511,5.062532477765245,-1.5430671986171596,1.7331327483619876,4.631823213779661,-12.830503473301365,-22.511786932590223
-38.43812442787881,49.829614075070154,-58.60535393090744,-5.282472744762527,6.393517664258452,-15.756654931807335,0.2124868277401666,11.342145946748403,-8.499200535574884,-3.0477092660164185,-4.811015538131684,-6.272330472483161,0.2539346422550209,-2.2082226084910044,5.130873972279318,8.600696943695311,7.024191372914356,6.076535609503021,7.471174475805923,2.304915057457636,1.0602964607225698,-2.077171140525233,0.8968583227358966,0.7551950594316923,-1.2020539514444073,-4.0602265285079735,3.5792553498083293,-3.0084942230764073,9.413985502600983,4.08768970952495,12.618321142737747,-5.299685020722191,-0.3509959597632387,3.0175558929413597,-2.6092821561380086,14.999720105926322,-6.357632252848787,5.5912210416780175,4.329534633682593,-2.3995046803479747,-0.5244966883089973,2.7954405826693662,0.8615042228908952,-0.4257380328071209,3.8425942523920633,-4.852579393809687,1.9680054925056223,-6.269505648744362,3.6908140204490922,-0.8808527187673594
-19.85452830388942,39.29973553384613,-38.774055366285005,20.07783187368007,-29.477044559489272,-13.901478848874266,-14.881172646568118,-23.654213465833866,19.116717743075817,-2.416157162245387,6.861665540701509,1.723959004026225,-3.4333191552654574,-1.6765865578069363,11.514077779282921,0.8866621614327922,2.7651407874564207,-4.551909973106741,2.9466451076737963,-1.07114397768213,-3.5011153714139303,-4.010451498385027,5.720174435275628,-3.9561001059282113,-3.361120473485839,-1.5896551972974144,1.1661380232249374,-4.8648652213271095,0.18280763482283574,0.4719624769222697,4.046048545136053,1.0644125093471903,-0.7341686568945478,4.448009348474182,-5.35188933394028,5.07670459902024,-1.3524885766264814,-1.1531994472340468,-2.915858935116789,-0.9555670923854901,1.5851049747987014,2.1207466250716167,4.37722171181145,1.3439973884103262,4.333307799755501,-0.5009786539335195,0.038046720652396594,1.6001860003495498,2.710162837947592,0.7733054492577605
23.765777269154142,-2.2624799036439627,19.385377348050824,50.08698784726977,-7.543221305505679,-4.589920402853709,23.467877184494032,5.102743993776429,-3.92483909534512,5.604034370707319,-9.505360807835851,-3.0470900190345853,7.377412488428897,0.9379479091392977,5.323881041324548,-4.512766685758881,3.3939384426202763,5.2709049623540265,-9.202824049953943,-1.1900715115413016,9.581050931137568,4.341776965760841,3.5682138681033604,-4.107601830446206,2.893654707444351,2.6967409789922345,-9.6703715723488,-2.210164164192407,-5.742711723578881,0.7336321501029641,-1.8037474131509892,0.2177849980131847,4.508383975929209,-3.2976887513656985,2.376884589943831,3.346247248558016,-2.309319718946346,-1.093310400050347,-0.3524099598890788,-3.194256854224593,5.1718841636836,-0.5057206340961904,4.347833993963431,-0.3995294005054637,0.8598276029499303,-1.6211092597911654,0.5390218659921272,-2.2376818874552007,1.9062334727219306,-2.7252075447517976
-9.296024563117646,16.946291683868854,31.969426435504786,-19.161185830499022,9.118324953830008,6.950203957174871,3.973773536699232,7.1617376898892715,3.1933333330356675,-5.042008684904269,8.119306936937932,5.179243469256744,10.462261810892063,-5.829416191735175,-2.010812900354555,-1.073803113899846,-0.33175642482354767,0.5263043294901126,-6.230473082482829,-5.65855094641549,-3.693642359990573,-1.3367768182652255,-5.2390104928909915,6.316465895257768,-12.342264806957267,4.925281915046999,2.068680838581484,-2.6667838179400674,7.58394696420398,-7.900318871547009,-6.07608330760784,-6.2669493158080005,-1.0348904431518005,-3.9340300012752856,-2.0479592278847814,-1.5184304194283156,2.7750137768674112,-3.0234255064437128,1.3278991342526723,5.37529774373303,5.274602069233113,3.599764573636998,-3.4272067803237682,1.0239816896445584,11.527980699126319,1.0472087457023684,4.5683778546715965,1.1797644060730104,3.446069544884593,-3.332473433647943
8.811250433427048,20.550141998780713,30.348349328538337,-8.917689781404688,24.289408179211875,19.801728634191768,-2.478908760463923,-8.679204971070746,11.05585134401719,18.162542341789344,-4.215531417589831,10.160449442427959,-12.366960849697348,-1.5653489201274238,-4.656230638910157,6.51924684175195,5.9102628207685575,6.0207868980963335,-1.9536768012097794,-1.1800672984227079,2.8046610798128677,-7.998486171647046,0.46211200933803603,4.094760955686484,2.6734862200708838,-6.122502981774873,-6.813707865057304,-1.180212309649533,-1.238136136069076,-3.534568197864446,-0.8350641022903297,1.2868919346784717,-1.148029737658365,-5.259460006132633,0.35959249615873806,-0.9259772731394855,-4.225209050758299,3.49870359314267,-2.7080735327025818,0.009386980766780026,-7.180616318056732,0.49302556917495344,-1.1247273375508475,-3.455381995146632,0.6966459971449206,2.972898327462414,-2.2151156260029485,4.457931728300709,1.8837456439539713,-0.010676711273336414
-30.12474365094583,53.77100836908215,-56.803044459251915,-5.546280987804426,6.189837118979923,-17.112572634510048,0.8258621098498554,-3.777871872599621,2.397146368995495,-0.483345831784939,-1.5884642708412027,-4.066333034199895,-6.339917869205553,-1.0834684658387064,-5.6450056872163445,-0.6514054293034739,1.3610017885679577,5.893724716246617,4.111485610053234,4.377058655250815,-1.748289002266304,0.272974434305874,-1.8322061960449643,0.49572338578550373,2.6484647632624267,0.3551444664986355,6.75106435570091,-5.239292292130592,-1.109511923503042,0.0982809786345796,-2.999306307575429,-3.444003282430181,-4.428602033066274,-9.308705851139981,5.139565568688877,-2.5032472554070955,5.6941614498566615,-1.6598888147294353,-8.67335779030484,-7.37335596078773,7.248039533534104,8.803839359685822,5.458470177521856,-5.683409514661266,3.8686139611178993,2.4010970997600585,-0.569139877598975,-6.724518571109767,4.828167328660043,1.5685111670081822
12.80813363108606,19.749012489965285,34.73925432999065,4.188254942659757,-0.7245984550915445,18.929380602574575,11.41336036315402,10.497534662337019,17.600409260023252,8.999042241542723,3.6068832150882857,1.9584982289841641,1.8536758936371451,-4.030994748964111,1.1007717654122557,2.2341380118435925,1.272803462742719,-0.10797851565756997,-0.08078528161102622,6.07008025994332,-3.5631678567961944,-0.6140801815146141,-5.2729853641277264,-1.2724583068781825,-3.3516085586224307,3.767802519332596,5.310901711574879,5.057502844956813,7.838983426185688,-6.124902795130512,-1.0741874640334077,2.633880771765916,0.004232711779474585,0.16007784021068636,2.697117160494691,-1.1468035042451175,-0.980266280872532,5.614539633647073,5.040790633038945,-2.003861825827379,-0.2455340578880502,3.201513404475254,0.9309268324237165,-3.3775535062098014,1.6864471922146687,1.1752973983881765,1.9182820023199099,0.37693456313140866,2.4932145346058214,0.36664180666628116
64.60602586183192,-23.776258566607673,-9.359273593531213,-13.534923499800117,4.735011656283122,-5.816241687092195,-8.959816828833285,-6.444641824390918,11.407967543281789,-3.4597046277131334,14.63388017790682,2.221079657460219,0.537922731207227,-3.7251360124567783,1.098836898033537,7.637208013766925,5.947427332578016,2.475432665034104,0.547506596773643,-0.8538788002496054,-1.1654761502123228,1.153159798358241,-2.726531105654248,-3.180614247932752,3.330870773856487,-2.2091012827959435,4.502025410810231,-1.516040610328576,-3.42083234253092,1.3995919579521896,4.1500711176110965,0.1913322247599333,0.6952087916074412,-3.959975941118994,-1.0248385975142735,1.8128527198870152,1.5764977242399263,0.3533368135665836,-1.5338521964972587,-2.2434931424057476,5.6132351539577865,-3.407960583651957,1.9620167440538896,-2.7994232230547653,-4.046553684405843,0.4060675277771964,5.434501912257851,3.1713252454269067,-3.1350726341924844,-2.305140267220899
-34.039793404450066,-44.294470880639025,-20.248961182064,13.759299345359342,20.56462332366846,34.71655539133767,2.9476708817080546,1.342761027520159,-2.380048783934959,-1.644004472861467,0.610359941987513,-0.5776947098456656,11.792598577335594,-2.8001318459328517,-0.09470774545829937,-1.3935632448328497,-8.086756059448865,8.029321719438459,4.661126210144742,-3.222175075764031,-1.5304780035853458,3.610376938770505,0.9741982086622538,-2.620641511486502,-5.95224859188489,3.611873874356304,-4.779318627770521,-7.268614769653691,3.992694441499682,-4.835445862717157,0.3059974582045672,4.095623312500284,-0.31390233166563364,1.3576063965408167,-0.45322693503018324,-5.123775667372327,3.5404876427555956,5.975049576588283,-6.018826139277457,2.503950928153881,-1.9358511453538692,-1.692767789034347,-4.92612544334949,-1.0717461643119357,0.596619147402789,2.400143149951614,-0.37671071160068764,1.8555213712646004,-0.366561912053419,-1.8567427668867837
1.6570824243215099,4.456067251491106,28.73728580232781,-2.1635536722612856,-9.779590888453964,12.083499109924352,-16.22105195608089,-7.1721969715816964,2.6916443875209466,-7.366067508671395,-10.890720813062917,-4.184183886552821,-11.211612392614446,14.807639639839579,5.124222002554364,0.9576495721711193,7.909128648392451,16.857668466128416,-5.428054512662383,-4.028167908765751,7.7377867040393085,-9.056316868948763,-5.8569668068154765,-8.788060433996806,5.589879474682762,-3.623551090265067,-0.11957517721972415,-11.28761842814455,-7.777243462041776,4.748953594610904,-0.9645036426703272,-6.78242882242655,-1.9923815309578625,4.624820568775169,2.418680268060082,5.704487399084763,-1.3517112721435287,2.9011355259486336,-0.725770861708545,1.0892044319294245,-1.1916373550685022,-5.045700294712726,-5.757594424926336,2.949248897375821,4.462211918652298,1.082654021805036,5.312945133331761,-1.3370353750819137,-3.0756551746842544,4.8608237755347
4.288535369429715,-10.241025295940416,11.80877091504357,39.995481504759695,-7.98831678498753,-11.789932002782837,24.766118773790776,8.740469657996531,-5.46807394127732,6.472759757046735,-4.767313249048968,-2.0062136705133935,-2.6065421172368577,4.308329308594387,-3.0375856508141794,6.252593830577535,0.8464826962139375,2.1110238033723867,1.3147010568921484,-7.2993627047877965,-0.05357588793973852,3.132608137409714,-0.07334650412577785,0.4022644103163358,-3.2162601206726187,-4.465949314980326,8.634619301268062,-10.23756462176259,3.0798562699981487,-0.531598413126148,1.6626154315897244,-3.2014154469841847,-4.676912298865869,6.551206213911787,10.55205486576105,2.857840506401138,-4.997562049687689,4.006338976237503,3.716053981565979,-2.8601042890653843,4.40113146941823,2.8514769970494873,0.40801939679078675,2.458680501659715,-2.3087347727951144,-0.13432246251006252,5.826838376679166,3.310828470110925,1.3438457025895791,-4.988310440272894
22.428937997591433,-4.963910685718376,13.428057536873446,10.106849251542222,1.5704151688530068,3.217070570401332,-6.783599929595612,24.329305787761324,-1.84345983388941,-18.54881248724713,10.749728200066345,-3.146983058069514,-4.906951942850027,-18.42718727463774,-10.402445210601723,-3.2385173502575624,-10.800863879942638,-7.004165281123134,8.016770900444433,10.210569438271005,6.044330997926818,-14.590003846919014,3.1267893921378977,-10.328642501221221,2.200443972620687,6.07540197385792,-8.7518640858092,13.065474477174085,-9.91236442881661,14.815048285969294,-6.6950534385508815,-6.6770536324619565,7.656571448698648,18.008674115016067,10.564843330805518,-10.13850809544324,-16.3149924249064,0.09191483789149106,13.180397804202002,0.5740035838946179,1.730733755435112,4.230285405322871,1.1752079278554162,8.130828308892678,3.5574694069196346,10.830334148373607,-7.461899724985033,1.754628064561035,-9.026552024655466,-2.05014102775751
-21.014528150191918,9.807149653777744,24.778274532073716,-30.858457157227928,6.953442473228101,-1.1263580810945892,9.483138816365663,7.288650084617249,3.1750841242200685,-1.0529761852116948,-4.188111122552462,7.799870322583759,0.6010784066187812,-15.445531902848161,0.15925360550931772,-7.655072928083264,7.403214147501572,-4.58825171202267,-5.133498331668043,-9.883371437502001,-2.666617887155802,6.753276942733702,3.1436824411196347,-0.5352252643300865,-8.901500133019452,8.272762549648576,1.6750100131645265,-4.940052982245157,-0.775653523827513,-1.3247767352860746,-1.8687101133508166,5.623614739709359,4.042601701336039,0.747778293511251,0.3754688094414886,3.3126466993885146,-2.907102031389465,-8.645979510257614,-2.6020178477798126,4.281934844018364,1.9372664175411445,2.292764595931794,1.6469645274274536,2.420415080437661,1.903792806921416,-0.49925121551600193,-1.6287169489686406,-0.6097723524304387,0.42791626395427673,-3.447158713335115
68.15857068153683,-10.715239369044811,-23.01765974980889,-23.337764173549466,10.58911653685359,8.696957766308735,4.0018158171543785,1.3327511987032357,-14.530957899271508,4.386594344281354,-12.125443095756077,-4.6701552447864625,1.3806610710954548,1.8088093223248718,-0.5047337509890806,-0.34079193682035785,-1.698152485654273,-5.022296858417889,0.21990446349578194,-1.6046104089838462,1.4191758189440313,5.005554040327721,-0.9550417801196872,-3.1809577569797507,2.0858555916806703,-2.3834258198209155,-3.561361559191574,3.6920405869720807,-0.34626515939288566,-2.7475684150004183,5.286264916203751,-1.591630948530879,-0.6847146319096878,-5.79042201030585,1.4920900507482369,-0.2799587714748282,4.609765158599919,-3.717804908404769,6.05529822409685,5.7003874900758,-5.476206581508679,6.517901864366989,3.52018727467999,0.6022293439319364,-0.42138133245513,1.7576383721598021,3.0957451534004874,2.6796239661351064,4.99166203612683,2.140846817634068
-3.162232392306932,31.459484626825947,16.998192155115902,-12.8845049645116,1.5150503695670736,18.92921768798279,14.48667688045554,1.974827848108463,-4.881128478470515,27.49420297363537,2.248850011444159,8.03384046946233,-0.9596550704244305,-3.628104639618518,-5.97223220454462,9.127636704033533,6.4962212848302805,0.695493282828461,6.797075677797932,0.7149141960455878,-4.030724938861763,-8.293263739282414,-0.577003077640541,6.109232369680557,4.865970450549653,-3.9392860479253913,-3.4982717243207047,1.942990532498395,2.5872484715804505,2.1667248907827488,-0.06257370570084848,3.096490832502698,-0.8464803923252583,-3.7894624283483753,1.697038128869862,-2.073538733900251,2.678754856181121,-3.0996164452389863,-3.4888114188426145,0.37011968079361185,-6.314159534242456,6.184441756442608,-3.238787297555467,-2.7777109777366635,0.8006458957235375,0.3490015186353316,-0.9979762286110544,0.22627488103385654,-2.4613624151501257,-1.6086704166143513
-24.727888625353422,49.0783320576904,-46.34722682804767,9.936677352723438,4.891961612140493,-8.081426438265561,-14.880263926115909,-20.273650409496103,-1.9827307037783033,8.793997489087195,15.168967762893262,4.010492932000346,-2.6170794033942144,3.4511976362459644,-1.875644670574318,-1.0283251357527303,-2.3660498819443254,-11.411434371805484,6.599808020245326,-12.489479221861064,-1.8668316471628872,-4.593363100056676,1.7868420162710592,-4.692519268521059,-1.4051430606701596,-1.315784660731776,-2.004469659438194,3.5246410591595163,1.0300086276142404,1.4280434719188335,-2.141436507496841,4.56909627135867,0.22976042599774327,-0.15020712762982946,-1.1813787233121926,3.194799021086786,0.6869148277622867,0.5296116963814058,1.3644880199676162,0.2630812644555526,-0.7674913427384347,-2.4715092303952706,-3.8780523676135608,1.5550467902260197,1.3255248749637847,-0.912251130737355,2.2316256925253253,0.3096550166373252,-1.519188835534175,0.7188458334982452
64.43244146584118,-20.395969830978235,-39.85408876305664,-27.773597892834747,-27.23093064484559,-5.649969292897421,2.3189363169618162,-2.7030171185605414,-7.190292620513871,8.518722043344514,-11.485205342049289,-2.480063522139381,-6.860476641619168,11.227295973027509,6.622934724801747,-13.268681022348975,2.545646255574397,-3.550289372060447,-0.460089949306082,-3.4345017302836514,-3.485172881403531,-3.0784278219664163,3.967449770163259,2.87153573495132,3.1674720793372027,5.374168897729664,4.930493655255965,2.540661401714738,1.9695472571959343,3.118237796036831,4.2356990675960065,-3.7799918382676854,-1.522543474694808,0.31550174252065677,1.9898896307228793,-4.023634241844576,7.2139906734519705,-5.376935528245389,-0.6726792916049315,-8.247153589812774,2.2763502567518534,-5.1868415853337675,-1.3621543944708052,0.13665474290681873,2.1061680315129236,1.4365640215783577,-1.97034579349328,0.8833930596814092,5.1616546802452685,-2.196129209281611
-51.22148646305813,-68.64346449742158,-29.150862064193998,9.941531364268613,7.320688487247536,20.822070526203998,13.486287628330995,8.072697811694447,14.414924490450712,-3.3824406187230753,0.6039619835098713,-8.679083129552499,5.673569083117848,8.138468401195263,-13.256512027614775,4.833007887348621,5.679153664394853,-14.895317501794404,-3.0550129246447706,6.7820900166875315,5.897240024208654,-7.674479873959339,-3.9695344420626864,4.446883668312445,6.2376880939722055,11.741490158822618,-4.523730787798268,-1.7443094286689922,3.459423073689494,-0.7179569290143327,-5.0748024367855225,2.5309469635103006,4.571844793279591,-5.051722013970692,1.675846547021798,8.78209096691755,-4.217828061220455,-8.12951642341608,4.122961011723143,6.55811039395943,-2.228803197032559,-2.0090054003912425,5.8681682103559965,-1.688017988095288,6.651741457687749,-3.0347461109577925,-9.121880120821427,2.8121462917259796,9.12617656283628,1.7614819242428965
11.611585481631371,20.933272108219125,28.187365652754675,3.674121616933742,-19.828047171169555,25.956310284515762,1.8977892629621564,-6.680418879837706,9.903893699433375,-6.727788879078223,-15.75497654737836,-9.371979412888361,2.1567641235033306,5.135357415238882,4.311809854345934,4.624463257076795,-1.587947057104798,5.873597494095485,0.3060428410000068,6.062979594130742,4.669366076143448,-4.24552312442071,-1.4494992534373248,0.7024439506154642,-4.334722519220174,-10.132083583001416,-2.548919107037779,2.116733854896168,-4.0275655512030735,-2.421445056604233,-2.139159845241727,-4.221501545042513,-1.3534448675675586,-1.4692162219720077,-0.24854841232369732,3.0644294514691333,-2.112922044400041,-0.12324025161485203,1.363626453261451,-2.5579018618609304,-1.1193384021622674,-4.18334110018281,0.08562520160574398,8.625472004296542,0.6720901668635226,-1.9506635508088073,-5.278085655133369,0.7787021163680483,-2.2935438261970353,3.526469322623822
12.13673514177532,23.963413749679454,23.3866464525647,-4.294660490798594,11.564525939136262,21.663224960682967,5.6870557906435195,-12.093402496129087,-1.8672452598180067,18.402214430964527,-4.503131261920029,-2.497804231928147,-5.395321994586922,-2.7582489941737207,-11.977522834807042,3.7362583850822073,8.383726920449083,-7.854478301028935,8.324286068722524,10.719548948804604,-2.6898337360699154,-5.121519820394093,-3.399489128000964,2.7273947400373637,0.2293086163362533,12.634435837116484,-11.171948179658143,-4.816114845953675,2.5639897841758366,6.4881537861268805,3.9673398970459197,7.417447138414089,0.571379234110607,-9.433410706750916,-3.3516383136775967,-3.0504991573293903,2.462522963481132,-4.272034322392759,-2.515047654606579,5.228106409353471,3.248670442008996,-3.19147295730227,1.7577182973316536,1.5973621519253722,-2.44850865055339,0.9238381145006532,1.8876976814600122,-2.065923019605844,-0.565632636097026,1.6515518081377762
-11.34162911209021,-40.75462697251241,22.16214147393162,17.50765646913149,17.695283685827917,-35.407081296119344,-4.996765115640681,-6.432594920790955,16.139776542837406,-6.469575464338795,-1.5879638401765837,-13.998699083047667,2.165940556211518,-3.9551563085686383,-14.295380270483562,-15.232176272451637,9.993035822460973,-6.2514275003636754,10.532595070130716,-1.089621106677755,4.569847652621308,-13.388555170292138,-5.209447830775606,9.989341450013832,-5.593592471073406,-1.8632046432245157,-2.6282299976984618,-2.967023059516223,-1.9388552962072547,-1.1234869696439729,-8.144692682750971,1.0204621585130882,-5.476516718606444,13.144489599039932,2.4708530885460145,-0.562070340527327,-0.21402686856105194,-2.087583204783141,-0.694785593248861,-0.9984483173235533,-9.450086966260278,-5.278110023701832,-0.3200542777102143,-4.088082899584883,-10.29015876767041,1.2593438823805068,-0.868385811701081,-7.150611479988631,0.9291845817541302,-3.7675678073222008
43.08012918737695,-13.653204181032034,-28.867198869181966,-27.513445351685302,15.405396975758885,-19.76476168639587,-0.4563854483426973,-5.3875975727156735,-6.422294239699331,8.237913025192924,21.585382221637474,9.636511571414902,10.691818430658897,-12.733132071602238,-1.6410324169327477,17.398483733435796,-14.963989621104572,7.734761274633077,4.045210410493279,23.216242675999034,7.1585556664420364,-17.273441875297138,-6.812541635929935,-9.874289469021095,-19.212631700518994,7.687768026676762,5.075202661616464,-0.17148632225669158,-10.396092275676514,9.81463955582871,1.5123316232927133,3.1624711518577397,9.85303728865134,5.692478443321056,15.174394635463894,-2.859244253705272,-8.097682979976089,1.4774369986995985,-7.996124586635446,-0.6275912897062422,1.80973202735638,1.3804081728285036,6.4117319966955675,-7.089038776239399,4.40270589092008,-1.5824960781197723,1.4204270961343866,0.9118938109369145,3.5219686616250594,-3.387972359356696
5.396891442501177,-13.347672881152201,7.3192815377136204,31.216325864969622,6.038742623271376,-31.540940464502455,23.897905680124865,-23.233196079714073,2.428627035319204,18.063287205953525,-7.878107283032469,-2.903580304991312,-5.029779406367304,-5.057903358610502,-7.768755794241173,8.011886051575749,1.0242181716544225,-6.93101757718137,-10.111212182543445,5.143396297562559,3.2939465226892533,4.398153369722688,-5.021713429430802,-13.552939133801926,-0.6371079824673498,15.403976399317264,4.788448997520069,-10.976256935591001,12.60637423689199,-7.199560152089082,-0.9524157586723467,-2.502123928172071,-2.9315608398160435,2.2518888900414313,1.3633447313008091,-0.26495129162861963,3.234299717920418,-0.48490118898326195,-2.1451835475042076,0.3123403854435116,4.137653660519981,-1.5946869759255948,-0.7699093314658271,1.5576207147435437,-7.284967902191547,8.850126861097868,-3.3304448121393477,-1.8996572398179248,2.109345011694934,6.955322431011591
3.3715708472577575,42.15764599252793,-20.543233519513716,15.743813740085717,9.121468901428235,8.316990917603222,-14.507988555998905,-11.463702389601329,9.975144451757842,-13.522393298795789,-13.914644505071685,-1.9953966042963593,4.914626603689067,-6.840290215269158,3.2392107571816906,-1.8063502051532847,-4.751023824456432,8.008733250661146,-6.484836827696155,5.107501549681487,5.385809937119237,7.4149991059785485,-4.959521511150923,13.243691987180032,5.606449599496547,-1.0713386196446841,9.687655765053625,-4.969119481087944,5.095482998955908,4.385037254529986,6.900048766043221,-3.839187518170664,6.2678001481700685,9.38482276196954,-1.5868097735861473,2.302375335251382,-3.938404230470204,-1.1802700511100004,5.4469267224220586,-4.039277917397382,-0.07289006094458654,-0.4627001492267114,-0.010962688530658425,-2.8614865248917383,-1.0898669669257353,-2.6313457219217558,-1.4740611123587422,1.1107295900568386,-7.107989798739512,0.3097530986170319
-15.239378910644236,41.05429922057303,-39.24580061396331,0.5450086702393874,9.234482333419647,-2.4016598393377753,-1.7483916228343415,6.051750367201975,-2.7049970222841138,-1.5647487820719268,-6.960701083969167,-7.1803223224383075,4.108026241481017,5.373483550814436,-0.11449096080542655,3.120000840712563,6.260309540096037,-1.389154674804642,5.534518825818495,-2.022898798048218,-1.1996190553177337,-0.5949127631633083,3.894288889844765,-1.4923353492957419,-5.2341930177695515,-1.5969403736265326,-5.6054157438477095,3.451630461531285,-1.4165793714936716,-1.187258892376388,-1.611336331831987,0.7703464389179675,-0.18086703241410926,3.295602609652218,2.456746482753696,1.6325383046066808,0.2387753274729683,-4.887580080941153,2.7126321615139406,-0.01295407691917119,0.7755076929843303,-1.0602443901078957,1.3152331904662018,1.4324383068066946,-3.599116936863148,0.6927862776343184,-2.916972414053944,4.237951821127739,-5.118255907470177,-3.4375525165614658
-47.55711292674858,-57.15385618993528,-21.111622879158976,17.610547134040143,-16.200362631303566,20.92395463089416,-10.705883572278518,-9.28173046569143,2.7841674115487964,-9.628792502619971,3.6243876906532813,-2.575527699126183,-4.347170298555344,2.296305933458909,2.8650947369736075,-1.7753872287263284,3.4187201886444925,-14.03107192363057,-3.966779037975044,3.9196868604689734,-3.4730963395627987,-2.2941937747394543,4.947055114063023,3.2167427852721753,-2.416748198269102,8.75237302173071,-3.160329762180171,-1.8392806842850458,3.0949538521870497,8.870205787259996,-6.221539593994943,-4.798468538393244,6.953152116501445,-8.61537902700951,-0.14187365534262994,0.618206069123355,-2.8852846785743815,-2.0767060688037224,2.4733065471795355,-6.525734677516219,-6.13043759419207,-0.3797855709457471,4.696164916284744,-3.4177596516482383,-5.135088723240808,1.2443146237160265,4.6530767866550615,-1.090412668188638,-2.405878366557483,-3.890455144097265
-10.474702308725707,55.07475686208905,-42.75519086954629,9.395568978340956,20.162676323541156,-4.033094163862025,-11.042996496556741,-17.210456316361913,1.6414704370195998,2.259263767128984,8.187800657435908,2.9825976624664343,2.014496733050573,5.384362684237678,1.2065998952495391,-0.6266712121053114,-1.3265537276975172,-8.412024229515868,3.593054591947814,-4.861626695742211,-0.25983041625200043,-0.3463450820732025,-3.678635059217276,-7.535470605634585,2.5794751063319623,-1.429913482531816,-0.24010819257901375,-2.1133874359116587,0.6326596912157925,2.688265884617586,0.701970729538893,0.11382217793634038,1.7805648401781078,-3.2983970351934015,-4.47651999360394,1.3519850809707727,-0.16441908919161496,1.2082665112187116,0.3213119896870097,1.5229232654968903,-1.1328374459574262,-1.2215836412415548,-1.2949763012465387,2.2095839682470313,1.8891791906558977,-0.7772742965561122,3.0143742145669177,-2.6725161498153716,3.2924246972477804,2.3330308902962895
-10.370291212368686,-21.874637876703147,7.608421912779306,36.00804475894011,4.333463199893881,-24.757469109480752,19.63089780153017,-10.24722652540695,-10.161542974584679,3.3332749554985472,-12.65085723839331,12.756577897949002,-9.337466709434116,5.608388739238179,5.216765301401534,23.84126669391708,-5.99828253897856,-11.60839295097228,-8.11888249477124,-3.7347442857227606,-11.278459736567953,1.7359658079499567,0.4296121227270546,4.874866086692428,1.299053367672674,8.301289536543669,-2.5846144641257602,6.1788246167443495,-10.324018141609415,3.004068826620976,-5.9046320823927125,1.866142914852076,-2.6093799081269147,-1.224986404363618,-7.195091730789891,-1.4639340708059179,-7.732538956819235,3.9594163441212125,9.258340125045128,-4.449013107408701,2.992693812943525,-5.515611919172839,-0.5054247182215026,-4.636258219733079,3.0878671553903523,-0.5450643146343187,-0.11693241666933865,-0.233362676235781,-2.0662743875891145,-1.6069170983412269
-16.995066415176243,9.167864000297916,33.623721414729175,-29.30669036693368,-1.153106937535973,1.9785325073895637,0.5176260361878181,-11.027751561659004,-5.828569790799262,-14.756133713215691,10.281047530621214,-14.924552301767719,2.0653958628464673,-3.443043791528024,13.549315048776466,-9.402697844065813,-9.160456306313733,-0.6542214665745472,-1.1010698285463243,7.437968028450029,-7.731796959916765,4.153555557044394,-0.7374649439962953,-0.39806297890862774,-3.112474516893188,2.0852545196503156,7.193426263943358,5.936967028696448,-6.1005928352849255,-11.583411419050758,-5.027120742686679,-5.270272251251497,-0.7746478806188666,0.7658613024812901,-0.5800257706629144,1.2238868816772444,-0.5412056193488273,6.339754981354516,2.095965004494436,-0.060536786321516024,6.588753261442174,-2.943471706948519,5.0014672487562875,2.654575173162937,-0.9764860306992187,0.47455417389772236,-5.966311765050823,-0.7695062013972901,-2.222234279005225,4.119258071552875
-4.355145994802088,9.256046150161865,32.47657903493615,-15.339857216767731,14.641471135114543,6.701371786330777,6.447848004146507,2.242142468164773,5.525307889052389,3.1164058192776793,-2.399999809984752,7.365934682759194,4.643441259900415,-2.7147568212399693,-2.9882637359963873,4.62466177267726,6.963416225756789,-5.124826548180656,-5.275490396171993,-5.774752534194343,2.4104226233637216,1.9054296116330953,-4.958944581308826,6.608622029293829,-7.137465925202441,10.903685508286314,-10.198284848239771,-1.9421870193608182,3.5233643006858655,0.7779470559047095,2.7964111075970295,0.03424231387531817,6.107895252563799,-1.2655017845846233,-1.000419423018828,-5.778388831424006,1.093590316492779,-3.335230787549312,0.21748357671103818,3.331624327027108,0.22897667183843437,-1.775871068462972,0.8561888395042992,4.141993808325213,12.153535087207414,-1.2861214328490773,5.666813036488794,-1.156714483841467,0.4394084862888862,-0.7440993086329374
67.90520895114906,-16.35679240461944,-24.752338872226705,-21.277173495348556,2.947151141472169,-0.8288399263804989,11.187303583011735,19.543518485338883,-3.857321241186981,7.295540893823249,3.45096889755757,-0.44800189603099794,-0.17714528769247612,0.3558675586934872,2.696658657365804,-6.82297963402208,-1.344538956642104,0.0877809199642681,-1.2503514173982395,-0.11271614990892063,-1.5454438393435157,-3.4749342965606558,2.284883159937451,8.820713147607806,1.1480867262578403,3.0899680259078224,2.5750816307129756,-0.9430516500847073,-2.3121380826020994,-10.516364499276804,3.6877350599949095,-4.982960531758323,-0.25508654018513555,3.655562573286094,-1.179098659444431,1.8012086720403617,0.8097442227580299,0.37070260783303727,-6.123434231947341,-6.394740901217163,1.0205791259606591,-2.669281641278837,2.02220255858598,0.8098857820051103,0.8862768204034662,3.430955584476424,1.481511621372483,6.89150037441924,2.1585276418909527,-3.9842957139320827
-17.334914350036808,-24.00583027448832,26.210282586612394,2.5267334719946497,-1.0240835947573377,-19.351473562309295,-45.69601949111682,18.068497916437966,24.163413693445374,15.5195093816498,-6.129180435208794,0.2834975320808293,10.243983904666116,2.029682529825397,-4.402500453878369,2.111779435046079,-3.2650200481516785,-4.981177201409867,1.1421298721646105,-0.9904421801222185,-5.752484307432682,0.545749540164814,0.16018045794538846,-3.438187214176359,5.000697966645703,-0.9146030805932869,0.5042610819145289,0.3555562027368953,4.385336923245021,-1.0355392944892703,-1.9346326034140529,6.735920334443754,-3.3804512523928465,5.78758085275581,-5.424946193972076,0.5193540081119399,-3.3296572118138026,-1.1748879442057607,5.76413580403258,-6.54395545988083,2.0602419401524688,0.12672820073008612,2.74903335402825,2.9074770600966233,-4.706309289906421,8.47602683699955,-6.522671228894432,2.227790622064503,-2.5833105891769175,-6.2346304582813445
-23.45888833302588,53.20618840452567,-51.60356702961387,3.7807514868196344,2.118563604338055,-19.017311930039856,7.079197624287606,14.918348713655009,8.379857518861094,-2.1158668753116148,10.33500683315459,0.389865998852826,-4.772516279260466,0.23652943224637554,-2.304629878892679,-2.919695486447202,4.546490610035088,5.094595779062276,7.691873983771927,1.8213870311217812,-9.907995724391878,-2.236721373807518,3.26685661702446,-4.63841383706351,3.5951285522888603,-1.0145861679632624,3.908381350209334,2.6500687147418445,-8.291230185439671,-7.808601296941479,-10.768994424050266,-3.076442906975794,-6.99902414376772,-5.461234154999201,10.947451153822295,2.357983236541184,8.694562806698983,0.5502644780346303,-6.591498895667908,-5.739804438244901,5.595093978694559,6.465221319167058,5.208862704903756,-11.795120836116816,2.995488724629006,-0.1729861622311169,-1.2246689899401972,-6.861116774114109,12.164044907590565,-4.333251088987109
58.16827311020284,-22.231283148363353,-13.144765345298955,-17.38680463275735,17.86888539211358,-0.12056048439724436,-10.248160790468257,-11.044974685932198,3.2862843497560044,-6.559446927788914,11.323530912476736,2.943874297859792,9.084394614260036,0.7829996510270781,-4.276527688321327,16.532484308659477,0.5413269559392659,9.625971651538729,-0.29360380435054073,-0.9759511273953821,2.7253449812277535,5.946022268709508,1.2162562638658532,-1.380898483130656,-3.798806482137358,-0.2985456150471339,-2.7188005847898364,4.62828839169372,1.1467255921672457,2.9867749828937167,-1.9859757401986038,8.777884485520731,-5.326414003604291,-1.5873202519852707,3.8198865695059503,2.4255145050994353,0.5182939095271044,-6.512662602564176,4.222318238943351,6.012422217160425,-2.889470742818352,-0.8534244668031082,0.8499210412166704,1.2787131020676221,2.207321733772108,-0.5647884759489241,-3.049535249096883,-5.06107544432311,4.257837671927437,2.918175492529524
-13.957703535423331,-12.841320412262661,25.069887586328406,-16.46270652444894,34.45396427217322,-16.72717394937238,-38.20308858154837,35.98214379485401,1.1481187723737414,16.194737344329038,-12.749806692312937,5.765985764006078,-4.922896298751085,-15.971906366788374,8.756475900155985,-3.228227259208372,-2.1845933765688734,-1.3854827294297047,-3.4239894755934834,4.4039195523224475,1.9979724002371948,4.168649854553047,-0.6437158801966393,-1.720548321817994,0.7227461409797665,-6.689851899716695,2.8187310785550643,2.8908163605781616,-5.442701034608499,-0.8826491758806558,7.6719833183452115,0.44425294007602556,-11.166016843026899,-1.0738828377722833,3.787920386810152,6.953361532772499,-1.1047798745157766,-3.3513462295744842,-18.132359165844612,-1.1865908145170243,-2.3592967225868176,9.205980815636499,-0.784023086245415,5.69069097491643,2.327651957396128,-5.140406907227753,7.767501126412996,1.280756623560631,6.550849715494317,4.376001581556492
-38.17838006920603,10.109630171657452,12.657968970459274,-49.44741628678888,10.506756814624142,-14.003541852922863,19.417809086421308,4.514469752984546,-0.5565842953021336,-10.960052664867748,-9.18430119987275,13.029760555286877,11.517722682770593,-4.7533873684336525,-6.317262578567943,-6.597879886133423,11.669013343719742,0.07968601045843504,-10.064008083422763,-9.030824717272944,14.000492736623631,4.797633496972757,0.9239477479557529,4.1856897565515245,-7.414155968164218,1.9696317594249304,11.353112656176833,-1.6322946462995953,-0.03868319676233298,-4.299875077172823,3.8161234466112797,2.308275324502588,2.732392858903448,2.647102484576284,-8.344278681177075,-0.32386401733874837,5.162376142374303,-4.251586027459674,-9.898633274127553,1.4838997862873806,-1.4581402449721306,0.2625019970802686,-3.2175443141178324,9.845453954000392,2.559621617073898,10.198268485113639,-1.5057181223815526,0.1697850514033863,-2.6420966279182982,-0.2915917030923457
5.622354483818726,-15.670585558081296,24.67803662354317,37.72837334293601,-0.977241805789696,-11.42498579398196,5.650803705201973,27.60783262063526,10.2826707702419,-7.500649884102741,8.183921540306663,10.057015888414313,-2.5114848132129466,8.51238409751999,-5.150306986159391,3.098612818042111,-15.720815886451287,0.7141087703159152,0.6175145013711792,-1.2288098884267826,3.3804078938575417,-4.90944830415613,-4.103049334064631,4.656560397254942,-0.4656251067760147,-6.126766857769996,-4.757134078261967,0.486923710767396,-3.9439685728787905,-0.06197484150763674,8.625361677150968,-0.795126323544466,-4.428843861625873,0.8339479509101534,-2.9187884113651643,-6.0890496809780705,-13.007441525353123,-11.517417467196793,2.435597688259819,-3.518856550109053,1.7288129283161662,3.938382012456542,-11.200750402871103,-3.0098281867532592,-6.668618042683315,8.444199950108363,-5.755648028514855,-8.690725114298193,14.528579020132332,-12.746813393536218
11.94861610133389,-7.244085056459132,28.494805985837505,36.41810154471619,15.073025077691613,-1.5323195341351785,0.3573419857240139,2.6017088808288498,-16.73671811346148,-2.431044948400044,7.859681417342104,-6.761288514515457,0.9453893031731747,0.5033434306910908,5.496739741316367,-2.3671544952308325,-2.8952183228739705,5.0063463892215445,1.8775757540442322,-1.266758105712239,0.5227681763351151,-0.4571285300864485,5.966073682227133,4.397055170720571,-0.641070734691628,3.976725671462505,-2.3696606219404432,4.842520259443326,-2.482544258203375,8.001093895554554,7.516803753876863,4.0692143792759365,2.842208334531046,3.0790513130124944,-0.8259282551251255,-3.0528151382843753,-2.2267514759056883,-1.9849681763145304,0.3710449151842559,0.711966904497825,6.875633702057525,3.3137380693112175,-5.900801728654805,-1.0443872854786616,-0.2499585960037812,0.3775581413876837,1.9680140946202995,1.058094920516863,4.846886777722081,-0.17215632932904726
67.92501126569546,-13.663618645265775,-32.881440914076784,-20.624770681583314,-8.89276603144925,3.0921682271337887,13.63892072873234,11.521514863266388,-2.3776454224759225,7.737168463712487,-16.34268318682385,-2.55683317711833,1.7719913640469722,15.98520637080153,3.9999588494535745,-10.236320499926379,-3.456348751073308,-4.197372861078141,1.7068031248824775,1.2778514754169426,-1.150514496693439,3.0293082932686235,-2.0038651650192074,1.1525769571833069,-0.5435679684465413,-2.0761056088314365,-1.1392603384791886,-2.5038547612932134,-0.8274307580960134,-2.1016416602950585,-0.10824390053692237,-4.958349786736428,-1.7253447758478153,1.5611649415318412,-0.826965577994412,-0.21196085342438192,2.8123348945225213,0.40560574330898425,4.436610797187813,-1.0106810865847384,-2.464024643797165,2.829945292754117,-1.0616701738053151,2.0865079421151056,-0.28251487838698713,1.2603917440454417,-2.333977499670945,-0.2437958148799302,5.417171831051883,0.28184819004831446
-26.73158200732498,21.845081885215755,20.059083051256582,-27.36366233349926,-0.759784175136959,10.73081787360247,0.10585028738163645,-4.867730386363431,-29.690656530091363,4.988164864180282,13.788611203862764,-6.754469397524224,-1.5259540585496054,7.8114771806868175,2.876691588075272,4.0901408111229,2.2497833548445136,0.5548945651782271,1.2458554958977999,-0.6454794651266627,-4.587393772210506,-2.847301586776489,-0.18002414456640026,9.053490330919036,1.1050727654968928,0.2110213671100218,-4.792097831431542,10.633126844941446,8.568034854931954,-0.7196389510170725,-3.4023968578464734,1.1312301990509408,-3.0227048453954,7.48311527292798,0.3194909033642887,-8.531099846984482,1.3012805303842718,-3.063493718591043,8.124559265057773,-2.2033105732124736,-0.18455847399033726,-4.60354014855189,0.565987956993504,-2.2693807529191883,5.106402143371825,1.8615793548371964,1.7053265586452984,0.009027050787698259,0.39558238281100433,-2.954082746228595
-17.538843905026173,8.844230732405789,23.523824789807282,-38.57091840798687,17.606864597698628,-3.262630569853884,13.171208263798674,-10.352893216448214,-7.576529627757131,-3.8260020455905774,0.19360847515166763,-3.769173557180704,2.602141750494795,-6.284852707779525,-3.93588141164771,1.7824271253233201,-0.9950440593098473,-8.31969820393521,0.18928515143974553,4.514174555820888,2.051120972676355,5.064732080170661,4.461194055418982,2.4942143469618103,13.97659576228813,-7.360750125132622,3.2171313404656376,-12.964933850170377,2.5595821509228336,-3.2243876252331933,-1.8206175513857954,4.627720494692552,-2.2987435211875153,10.057771001597088,-0.21118534521311327,1.5782141273127535,12.186354293328309,-0.18125779766097577,-2.0628790393832523,3.4369387761440504,7.017815246628192,3.581479361562706,-6.452103665350579,0.8011772242972859,-3.8359898163900676,-7.206692792304885,0.663489871709043,-0.9544463269336386,-2.9695039172886575,1.06406769422776
6.054613004987401,-9.367622926095985,26.394808001981335,40.77870409595377,7.149735280841198,-19.552892592824932,7.514335832969299,-5.929783788536636,-15.181940531672073,-0.5422535664789944,21.619572636747314,18.039097672992952,-13.009514149537035,7.274438855437014,5.097538440818223,-12.45433067173083,-0.8756103655078262,10.887049914774718,0.769668961731065,10.621082071327391,4.487573657874527,4.469730847505527,-0.11286187651528276,2.1100134253355973,2.2292971360128746,-9.148965232630783,-3.659565177788399,13.828253351982575,4.125446457369208,-6.949234560448137,6.427304413381102,-3.920914306568984,4.327092576840641,-1.1407427159851469,-14.350895580447702,-0.7319309968828308,5.044295924089354,-2.6779292210038768,-2.5609242745463785,-0.3312614975374771,2.146922850770427,4.681609011115485,-3.574954394579039,-2.792420028742975,0.5659272514757329,-0.5081603686907654,6.604657616710501,4.702036692983342,-3.20185417119507,5.411760979430723
17.755310235080874,-19.325070807197772,24.15123917960451,41.35876397434113,9.432103672146972,-15.33643698621599,4.625955895264654,2.5972612568974704,14.502766866918357,-3.197009832121394,-3.7176029260682717,1.7659903262545142,-9.588679378676158,-4.569525011080258,-1.0302830063837374,2.6789753792852693,3.433415421947894,-7.032389721264703,-2.8864664901243073,2.943145038970366,-1.847474287025181,4.741833613376182,-2.223102082376731,-2.8538849032378506,0.5236051038852072,1.9272232834790368,-2.2316034802670695,-2.3422511082367143,1.2045107908337473,-1.4733263682869158,4.5948770170150235,1.996256926585483,-6.791286335469705,3.083468416742771,4.8679353737021325,3.7405716163362532,-0.2771888920819508,-0.39688212771090803,2.837320198716081,-2.1369301167672523,-0.24122441509180145,4.448634115912316,-0.53267423093769,1.6765423095276217,3.986858064116648,6.667229076042868,-5.391562896986538,6.150078132542601,1.8390695146039266,-0.9759492062724934
8.792569525921273,41.30655139146544,-18.962865160234543,29.521652872592238,-9.145621000288369,10.797643910252987,0.7569096759987639,10.665926117473036,8.390366713155203,6.066173737412235,7.016147685369229,-7.449651455238311,1.8774712203378272,1.1115447225184392,0.078435067498925,-5.286442989544602,-5.243336643899762,-8.931744912756347,6.278146953394858,-8.886898681215396,-2.3643299519856407,-0.6537769806837519,3.0402104670800107,-5.248807358270393,-4.065114950000582,-4.000397621116836,0.014944037610760923,3.840334300368125,-4.198240478668859,-4.608332412945508,0.495560585641542,0.8772984935401219,4.165256902664348,4.763431966641911,2.7781682616231307,0.6940272928523105,-0.12036818750912809,-4.7011067707512435,3.2478778891710345,1.6535680037282559,-5.579682623033335,-5.29173212363534,-3.266014410469498,4.098356218788696,-3.385450802282157,0.4155618459541301,0.32347949714049723,4.711242704022627,-5.908456367985103,-2.08783213948814
-4.820133485880378,-17.846607611938854,22.63539315151587,40.22569229354687,-18.934687492131893,-22.423814836873948,3.7461332153017275,9.974409906420966,6.151423440623577,-8.032954181464438,-4.391008245797961,1.8098760256165167,-17.489748420728287,6.883697704646355,-8.154373404450707,-3.5776792869314282,-1.9116474958771883,-7.953318741989499,10.378783825545774,5.582192030090169,0.945599713981671,9.141213482653695,-6.729225038251208,-0.6251876193157524,-13.866668684915195,-14.229864780527748,8.608835280823854,0.2329651521094906,3.6247511452362,0.46615023862600985,10.355891441766008,2.5005606139569676,-3.2917225855082597,5.054782269332145,14.381472284818795,0.5096208126226806,8.109143587571,15.315893467032518,2.3365159468939836,0.23831681827735152,5.382362304726392,4.058367925671336,8.364286351496515,0.0332486129670149,2.7451692616760703,16.315824187502237,-2.7642462989124326,-1.7879308064804014,-6.565302489429047,-5.836170681258122
-22.99296126501533,47.154172451401706,-41.584556525595836,16.452869871744138,-20.346916498820928,-4.834222802396125,10.004995006770173,20.828032731047415,7.5639450397098775,-5.836793166814763,1.037300283286419,-7.753565528511218,-8.049898181628455,3.920184758466179,-1.3074947386209106,-1.9180903025868856,6.68834545118603,1.6159488501605834,2.005668430289743,3.2957786552116537,-6.686200873082079,4.175637897439705,6.4900111412373835,-3.2063786562010668,2.8278734304240545,4.501400870322788,-5.299764756633898,1.8660065964953985,-10.311791139647692,-1.144175602162224,-3.5019538287074607,3.7451095290502385,-6.38227493238426,-7.030267500223986,7.633764208665605,-0.018386924926700462,6.927172414782089,-5.160537242882376,-3.8845282644435133,-1.9375598717672693,9.19851921614017,4.6193593963658985,1.983666766405535,-5.830281590979085,-5.816973398969049,-0.6023027779232395,1.9490780832439631,-1.1808481443278003,3.411595128009769,-4.506372954511727
-28.85548775658053,-46.14271390927381,-10.323274082777115,20.037445187961442,9.34818205934095,24.847930934534578,-11.148894622575444,-19.382930896844996,17.497937326330295,-9.693680137279875,-2.9895558608732173,-0.8652486506562775,5.328023606893787,4.6314391258983125,-3.728384409410684,6.810330133566633,5.045289877632221,-16.460054857410345,-10.43268832329488,5.7560250725292965,4.153377604802408,-4.084761977356763,16.755534324020594,6.969198742194119,3.0351071372570027,-2.6160110656860023,4.928208325910798,4.697746296839115,0.3106599639619355,-2.5629364742105003,0.7696514314850341,-5.167496779170327,9.236361494239075,-1.8446001587741712,4.488724562414528,7.554800793863173,-1.4913357532782825,-0.39139144586293934,-1.2389625733661338,-0.6614550453042322,0.2320332732052173,6.294260770109444,-2.223631892297368,-0.503441243427565,2.914390916619556,2.9303348452963687,-1.3117785518662277,-0.9156653476885995,0.1715454895485487,1.5264363100329097
-6.578773411098004,-10.728848094805283,3.7987669520366607,29.403125901040145,-8.118341897027681,-6.367428831603556,6.863433295610399,29.508323214230956,0.4449629005654973,-37.03502543976414,-1.3284510374905203,38.068903822907636,13.474242375594308,1.484155890870409,12.769170536540738,3.0628943292447612,-10.796281610896504,-8.677799908399475,-0.4225623595566594,20.01728824241244,2.6073841913660467,-22.83838495160343,-2.1744858565574114,-2.854092200749423,1.4212671258395895,-10.405057281295786,-1.8020946256022212,-10.481952468467565,2.3646895541415636,-5.281429593193922,1.5150710907924656,8.035831920553898,4.18525826874763,-1.9822863420981096,1.9569940554154737,-0.7012030265739568,18.268579904988396,0.35711877395831965,-5.8986417215414795,-5.024124002801487,-11.977913495966316,0.8738770141385359,16.181773856833942,3.977462586406443,-17.99964708645374,6.803375863618047,-0.014305662819501883,-6.815345769861354,7.192810530253025,20.134436205802636
-30.17298328384941,-24.587178912013062,24.543285180153788,-14.364121741264713,15.884325918355417,-22.1136874609499,-42.6000764470289,17.875148895527495,-3.6639434426705213,10.047325431339384,-0.5137365589877384,-3.522103709361322,8.488021282966598,6.492447093790445,-9.269084106114052,1.7146445776738515,-1.058232253967835,-5.002252501538296,2.169179866655915,3.645043679723813,-4.2142112506483755,14.41471695993653,-2.187158297001231,-4.9992925032540505,7.673634373619622,8.25271290703401,1.9386114472644143,-5.8298686890228835,6.152345362809089,-8.810257349866243,-1.7741045867354692,11.937563156817788,4.772190781272557,-0.6324924680030899,-4.141324276615264,-2.9637877696260397,0.9805116917635277,1.0574837849579521,0.015700504199103956,1.647066173929987,-10.074844773548577,-1.1261163691008227,4.271980179975679,3.1270040231661524,9.58464307325547,0.9189005432535862,-8.732372188556777,-0.709822642599745,5.625643852517521,-5.691697717344866
-17.153749101912094,45.68498453393346,-30.550080986010332,11.04974190296648,0.6027979772030972,0.6585328584691534,2.1580910055978584,16.91261942909654,-0.039236386714843204,-15.401969230407667,-1.8052258195231234,-4.168468371242851,-3.093959718796571,2.0436637555605386,-5.085750801733701,-1.9924959990992968,4.919394183170413,12.288524064639965,-2.389951295977863,9.197513697648107,-0.9983521814243534,7.964098560570558,-5.693801210599073,14.18695959956342,4.733996668921024,8.06156851194028,5.1485594312385,-4.422685271807501,-6.210200877681067,-3.026110159138513,-4.954369061613237,-0.943876157047245,0.9150073400713661,0.04601633737621309,2.604835424664085,-8.18617288563663,5.755652603983153,-7.21466457603258,1.3935370481263083,-5.633788321928636,3.53846209819418,-0.7557824924819524,2.339030417472896,-8.055132129171676,-1.8435416513647729,2.6226708412481146,0.2383078455285956,3.301660786645554,-4.060764396458405,1.3994635210089295
-59.98757290498842,-50.71414748056956,-35.627042583957255,-2.5878242938677527,0.039128464180314036,30.38446638681241,-7.250436065468312,-2.9734693560891707,-14.130830519346814,0.6034811259940375,-1.6565736044864379,7.58033363398864,-3.6736307179679963,-13.328214140431605,15.740136183946,-5.772047767086929,-5.328615855296345,13.57925428331382,1.7967322301085946,-9.514972553051223,-6.939248015252712,4.112468012999774,-5.698550636182382,-1.6810159901679869,-2.8201070893629274,-2.111194072028012,-6.2515743584679235,-3.413197603215869,2.358263558946036,0.8387766659654837,-0.8944902117977324,-5.258182109743144,1.0527725758220317,0.18250000114894818,-5.671004112650548,-2.9706035595839713,-2.7045431683046774,-3.404775497747126,-1.50395698399775,-7.248941049764797,-1.3048432999521606,2.7255562213187696,-5.110366966429158,0.005138309513402202,-4.8377510451197026,1.3311618484996512,13.401900138925987,-1.4844753677259526,-8.891575104048226,-5.142128225876737
1.2632620160973087,26.1348408932542,25.856528511961624,-15.141743127626382,6.121772074093301,17.71248766780138,4.979218360229053,-8.233829627891339,3.089559792923955,14.61233759819153,1.4309477512428987,7.100593198302382,0.9265816922971787,3.8555836459702055,1.3731741260751218,6.212301605814636,5.715985049094559,6.1132901454158635,3.207656301490111,-0.7069650559492376,-4.87055978236088,-3.6327595295569837,0.7933366591562787,6.533844365129437,5.691841692065632,-5.8813750759285215,-0.582308897819971,6.6103769066683125,1.3618864651024698,-4.331202943657412,-2.543581724084502,-6.106345636672035,-3.4820086128170566,2.024055850024234,2.1461651831528306,-2.313074529381068,-0.18099132135352267,1.8015016809966484,0.23693625917548036,0.1815133354000899,-6.656424605603192,-4.294025119150594,-1.3900230228208341,-3.384017327115934,-4.582502534198413,1.618606016702358,-4.2850812737594115,-0.6594113664363211,-3.42779749565688,0.026998183427839426
-22.902183308794342,-24.00660865222786,20.833275614355394,-6.804456972580487,19.461548662105212,-21.14531624947617,-46.625368045697094,22.901127792426617,1.7620344073047889,10.900956291388995,-3.352268534405839,-2.0806890890969933,12.015579770388596,-7.324626758292272,-1.1363131505162876,0.7895391187311719,2.8256961480292637,-13.754232317219719,-0.31475845675935954,1.10044595858441,1.2476447937680046,-7.051270664776544,-0.5522026164202548,6.239166388370167,-6.968654453866911,2.9836093408712445,-10.56339459166533,-0.775600959612353,1.6911679747773758,6.794465744941658,-2.2007244655110507,-1.4680953365744032,-8.064932697979991,7.453597955981044,1.9076249865362067,-0.14828540287519307,-1.0599753827364782,-3.704457261192824,-2.0981983054044386,-8.87277722404392,1.5262675537992703,-13.058056147077126,4.684573867277432,0.03022258290383558,2.7687184110201413,-2.073466736586121,-2.9443021042720043,0.2298937031126805,3.5244693279161377,8.905043533100406
-2.6309114100350746,18.678553041738155,19.255815722859204,4.473813421053904,-64.4026166175474,12.499420549497597,-3.3542170027600626,-33.53234869279716,14.811249821137858,9.720255461182923,-8.760900729263268,2.4087423874591973,-2.1548874763947183,-0.5765535277237119,-0.10208124499971453,3.2903642719782566,1.8060160315226994,1.1945098721038223,4.828640954864292,11.38536996397214,-1.870014971479113,-4.755093698130557,-0.42324549670088807,2.1841389041762667,-0.557462942336804,6.950860939144943,-6.833251238467115,-6.8937338710016025,3.2584463367576797,2.8170775763724194,5.931330846602862,-0.2374207151683734,-2.3694913915453775,-4.515569991180069,-0.37553592197089813,4.477506686737525,-3.025715004863783,-2.0094326345088684,-5.721826292667823,1.8027469377854999,5.131362401670133,-3.8735320984230928,1.6414869788126407,3.8672230710841804,3.8997246033980955,-0.5049269248075784,2.9008303435135563,0.4257230794197253,9.109461332914162,2.1513101579407388
19.147461098642754,-9.484420379361685,11.028565457349396,41.98125763607367,19.217964459706472,-3.3834854259149654,19.613720324608664,-1.329763505135959,0.2546422806197241,5.018412951906682,-3.754316936117146,8.559892485150105,-5.4695065422988405,-5.689374895861248,1.0516836556311107,10.352801682687133,-7.7861826289866265,-2.400380722177086,-8.854817807912726,-4.330905708160713,-0.47167109470300195,6.547481136787247,4.755308959311966,-5.792559231186112,-3.397619363913735,6.0301224207668245,-3.103616358778342,-5.022635848970897,4.843301246057533,-5.1066780050492415,-2.564457797046281,-6.416768039942204,-6.752009317570336,-3.53899699594223,1.196513548965854,0.8131688573436312,-1.277592064001458,4.040527731979068,5.800444345831625,-3.0412341277553394,-1.7736733034205987,-4.25225921283146,5.273407089034746,-0.21768630679312734,-0.45948159018521095,-0.5620542416411182,-4.000798048736528,-1.5378543836046217,4.42086069135229,0.09355630273590204
14.805145414151,13.925383948600313,1.9652053348591085,48.68885117166033,-11.001662478447587,-3.6293463179414256,36.60365882923066,7.042367875551554,-17.597357409146856,26.564199685294145,15.210256027486121,8.462148702789865,4.061517383426648,0.5683421855040409,5.127981142391344,-4.78675097354996,8.208107339816825,-13.411946736123635,-20.77033561779571,15.97073610317019,8.023846940489372,18.073127315648406,-12.615282947736356,-16.822678225333647,4.412767335513569,5.567351472269927,-6.820263618019821,-1.4087431094654046,-7.0846850969132795,1.7025082302339054,3.793903760490996,-1.913745004943659,1.2714937867734484,-1.051405751357394,-2.509454233067522,-6.0005991683826245,2.138499754337801,1.390838818487618,-6.029425534275046,-1.2050080478085707,-1.1405777788212352,0.32904497305147334,-0.10547036690358418,9.224767908254575,-6.451467369345944,7.395703258569976,-3.3150643943688114,-12.377099976282357,0.6323229224859954,-3.551345073468367
-10.102988429763505,-4.537625772337277,29.038619823775264,-4.816351321053498,13.138475979032792,0.6975516113934224,-48.237444167534946,18.9341121677616,-16.801417473558367,17.92679280780366,-6.200401994436476,-3.6419694099666793,2.6986684552176685,-2.1827532234687355,1.5874720513210843,1.3844790252118258,0.6507985621289566,-1.0628265326576336,0.5505279467287325,1.4277816021368677,-4.846156515297991,11.289932616001217,4.206069755284786,-0.2789069847438293,-0.05728787839112536,-4.397779449534446,1.9005155920020362,-2.425419638250417,-2.9747902445593914,2.638583040332768,-1.1745764497136646,-0.5357103876278709,4.178864517544794,2.7529092553095267,-0.6379207825664978,2.064532604013215,0.10683427559311184,-0.1823263519052061,-3.356883329233239,-4.4407649231072615,3.8338258519439146,3.5506240662870625,0.17095497623127615,1.2918010342069906,-0.35624073184652294,-8.696532787039457,2.745186094816129,-2.0938807327750655,5.184991618686736,12.583192542663827
39.7633872316935,-16.820176402980184,-15.71641874097114,-7.109794730900835,-31.57630025090426,-1.377078256368695,-13.663321971642018,-4.256231595868338,-14.65132273645177,-10.64869618612005,15.77814848976921,-3.1603631030736814,6.510405658957742,-12.76226810730942,5.889658911194007,15.1154507943298,12.788565480805659,6.701143210673267,-3.641201155765111,-5.145089452670034,-0.04442243690473586,0.3724516674573597,-4.6345068020916305,2.7407251060840903,-11.39237347057081,-9.215833774586581,4.529922414843588,1.665318170271549,-5.842646746646021,3.878368966225928,-1.0369549796278053,3.071358600691714,-0.8651737815693942,2.8521847626387347,9.071783610388588,3.9095147615774173,0.2652841440973352,-0.8389050094973115,-1.118638841816747,-6.724228877449446,2.677947867970044,-6.600874728687803,5.8454275600250325,-5.434926360305794,-2.04614563435059,-1.5884686018054477,3.4025953970426395,2.6174558110984245,-6.365798829708249,4.037158254217275
-49.89617337364526,1.706696163517427,12.366498771933582,-46.860269897376526,8.558028756849788,-27.81502764893737,16.838565444818695,15.89163822492767,3.343187535988447,2.628960862849384,8.678264398132312,9.83430965173168,-9.731164304987374,-2.811236471002297,-4.539673107874846,10.244392536374129,-2.5052505842274013,14.269967698598906,-10.908649448626917,3.8734872213967164,10.770736779001057,-2.010716147496414,3.069668362911349,5.581789879451734,6.396698423645704,-4.677610616683479,-8.786974328383092,-3.259379225788753,6.552262861320303,-11.38898887517388,8.6651056361645,-0.36359081345184874,3.6311157066358053,1.5744740671616935,7.9798717979763145,4.463300133914241,15.979764008744928,13.430359907057237,0.8420000435426066,-1.9373022353153182,-15.08037967844649,-2.3516435075381192,-5.34653880542097,-13.160336781184352,18.75286501101888,3.5824155772231374,-5.151906947285692,-1.0450381413711725,-4.13207483980225,-1.032359992812072
-6.715127220059169,-26.170985435949916,17.823255829108685,28.369250901376464,-0.3882759049479437,-29.723787318752944,7.410183222287019,-11.260043516520067,1.5685250943510527,-1.0163179571015968,-13.025348060615274,-12.053349299786303,3.486203197179533,4.633856474135964,-0.8436717770786858,-1.4634434976338475,5.801956230315358,-2.112095746324732,6.205578831828125,-11.657823992825927,7.82132672320713,-8.018069947520777,2.5008194089480127,11.34429116668897,2.9901942320808343,-0.9027214418656593,-13.093651329927928,-3.438666288765347,-3.445250542600511,7.165240325598882,-4.0172001569926366,6.460879334352596,3.5505854298405106,-0.6801615084914864,1.4528442655174663,-1.9837803586780078,-3.475203792050705,-7.740810570175411,-2.9651137256170403,-2.1646502517318855,0.16047886590397914,-2.328909738360616,-2.398089009206046,-1.012070498932429,-0.5517398835296828,1.2238931176316656,3.421642400790512,-2.784380806475596,-5.982832617980069,8.013157212966227
-8.474453985962898,51.4463215268859,-32.07016371124725,18.79360588246833,8.157518447959681,2.8202698408509352,0.7314437114620358,11.948299710205035,7.06562982550537,-0.1565266881327634,9.599904172036188,-6.126066804984541,0.7629537173800715,3.1521172396043813,3.177674175275052,0.05587640676955527,-1.8679612456256949,-5.078546505234308,3.13886780161354,-4.5563377293986225,-1.9714422518074746,-0.8603133217661453,1.2629496699919445,-4.697176081685067,-4.337898128683098,-2.708395288301974,-1.5457720850833403,2.3037104103090753,-0.18390925407257852,-0.29362625090731287,0.6260899628549126,0.3971807677445751,4.020342383446348,4.17398652515412,-3.890277888769412,1.2740265916988365,-0.07561925248181435,-1.0112691501720608,-0.4304936743793558,-1.1039458818170675,-5.093156184292703,-2.5344304593671545,-1.887873012906071,2.1783722086956234,1.682567511602089,-0.8456761529036679,-0.3298440059797868,1.4096723865175054,0.6186230987590259,-2.086981488706124
25.238739705484164,-12.781280365747065,29.4692705158203,28.14848548303609,27.42744371083762,-8.913135011090617,-8.598026124660054,-29.884591898318135,-2.8341532593272607,-8.181223217410546,-2.2921845692078073,-10.268707986138413,12.583031299354582,-2.9409378056025215,-4.413702985463758,-4.635477107800256,-4.387137711504917,6.416706917056054,6.605371328306967,-2.377308138208195,8.105948714226905,-10.19966425056885,4.5992471570383415,3.4212540675235203,6.609712100020252,-2.57419864331892,-1.668145447491507,0.16198101100030382,1.3145628948569832,-6.991190627433869,1.4309579905906105,5.394764637557371,-2.303043724494389,-5.276423544335187,-5.526006616535129,-6.659579775460284,1.5676169245918512,3.30909400709044,2.5693486320455037,5.81251097183227,0.08281102932859417,2.69073786709513,-2.423941298766092,-3.0635195697040505,3.7215090749188957,1.3545419653999693,3.5173056430486866,-0.1361875857382382,0.40262194021274483,1.187487956111109
-11.008248358949167,3.317330462714468,29.67848754257136,5.68017139452275,-29.327523744619928,2.938497373290162,4.566201834354912,25.20533704072385,5.097960953445548,-24.524100268671262,0.8149290416417456,5.776992189890838,-5.852922112748209,26.317955994277863,-4.6279979084828184,-9.480155027809271,-5.6650168694639715,14.414922134457758,1.0011387245315473,-5.1102749425397835,7.715106927169606,-8.9444631554286,-7.056549238387951,-4.86838381863134,0.20698832316585042,-1.2846071281038194,15.747889468476385,-4.539587883097532,-0.04378434382040171,0.4827109088452181,11.776270640615762,-3.0889802252432474,7.193685075495571,-3.532393390955251,1.9002944365777223,3.3119477735832827,2.5214337141692935,-5.672431397220406,-8.91973597187712,-0.05729654933972456,3.591658433702216,4.378675158254015,-11.971889372955413,6.513671842406698,-1.838719108006565,1.6333041519447573,2.4844100776162854,2.695455134717488,3.0300473504400895,-5.746239118789089
66.30515101784685,-12.139664764274439,-11.06261303463789,-14.723508177725469,22.53050990799817,3.3132159695029078,-2.5397907659670778,-8.743810698363966,0.9160596027744972,4.142704390109138,5.450578271391538,0.6725319286239564,1.4808369498389682,0.24907372639036676,3.5374090860143133,2.0906979245886603,-2.810735209864213,1.8526989160821774,-2.99564837405572,2.3470214908683626,1.350887519103313,9.581737320500958,1.7462383954763703,-0.8871023248669239,-2.6460126588106583,-5.860485819801462,2.087395445169796,4.1785983586729065,-0.830602813944886,4.769207066126209,2.669065843456806,3.396381420607758,-1.6849581012746515,-0.7307000447993818,2.8974792450217346,0.8050652364719987,4.876678700818738,-4.227157791377172,-0.09683498889488608,6.415211690335974,-3.86153547920007,2.7657659719358696,-1.3083264063863604,-0.3153217024390846,1.2816673415398316,-1.257894222323327,3.959668180237669,0.9674185674164275,-5.358313236313255,1.1448487475438889
-6.380808664711641,24.092755182604684,22.012513732298938,-6.081299575405595,-45.02065474526616,16.907487223719667,14.300275021392745,2.4646711472308644,-2.0127189224111675,13.685200625825967,2.629008897798367,0.2483541126552177,-11.23612877405262,-4.966275788659623,4.919788222546925,2.575914960534425,8.022157711426676,3.230595963251624,-0.13372070178947815,0.1152890353985657,-3.3040338842908796,-1.0680679194817142,2.0791182917052957,6.154553867060454,-0.2949440910649534,-11.1250000679721,-4.107846018513056,-0.7674020520098985,-0.5562458548480889,8.794707169726697,1.072749609351032,1.248010211763212,-1.053505952842795,-0.15421479104332164,5.837679473656354,0.32628425298005026,-1.999911617116031,-6.212081158979786,-4.666217575553399,-6.937795358633934,-8.831028160548907,-6.026605735106677,-1.4351339172781143,-4.08572161077341,6.562114346188105,-1.5313295882941693,-3.7879489392869585,0.03860972066410093,1.9269210592602624,2.137452747520667
-12.86751591302641,-6.611758346953827,24.552286595554556,1.7569905808461261,13.69051570543102,4.123740135712109,-44.901600547392206,27.26332966194341,-21.83336579756264,15.886431102022144,-4.55913683064052,-2.949228295427227,6.951402934315804,7.601495325116212,-7.160572417189279,1.8339349205873618,1.3696186612340484,3.0162971050521645,2.185578333392517,4.151434308843286,0.7296573967420487,12.984470903795852,8.9334688014312,0.29768719724679543,7.7172517451585465,7.539046040136777,1.8704175981975186,2.4554336600170212,-4.943934292513995,3.1556792001722687,3.922911332713064,13.777796457558365,-0.5258474978384224,4.951299005132701,-0.8684193295446432,2.861152062629105,-1.5849434401714586,3.423969499675271,-1.543767443108235,-9.653773841073793,8.854422389927425,0.8241893738061884,3.1998511981220914,6.260948854015802,-2.4187041927042903,-2.5490216439687594,-5.137452097699914,-0.4881976792195937,6.148012583532534,2.547556823401461
-3.270515406230224,-23.13075618078006,-5.017936983404634,32.84810528610638,7.10572344704934,43.43009537019426,-3.132180789944304,-11.226110808840646,3.682030038664362,-6.203273127223037,-0.038873052184476564,5.039376018418376,9.671005600143435,-3.958240539371739,-2.40688887986154,-4.648580390315807,-4.6601682265447355,2.952545680294291,-0.19077654749248782,5.719050373223374,2.175176667846389,4.725179289750065,15.92615189454789,3.5476053492133945,-4.4207671018209975,8.703471671232627,-4.618015292908529,-6.938388814652944,-6.227336922229674,1.0511875847864591,5.144739600982916,-1.2475000767282287,4.999928274205339,-0.30129462783516714,1.88869988716651,-0.14997108948408683,9.114844892505106,12.839188372379644,-5.44077037417878,3.438620426967012,2.1920912330889757,-6.984557081913448,-7.729865149795561,2.9316338140836424,-0.04388202047984649,0.07461009022035832,-8.535043249706346,-0.30510647508724326,2.2115294497186393,0.5921014410510318
3.222885461157486,47.549986981070276,-26.754891642478892,17.581678854718515,30.32599783390673,6.19458994291886,-1.323756164729479,2.976706471903476,3.223735542312109,3.215654931447734,3.9364925298049718,-0.40689394437846704,4.119862359952041,2.70476285339566,-3.4768338587815486,2.0740849272269517,-5.662886625648294,-4.248003975843922,3.4258146557363576,-2.6138250494162167,3.143086227249386,5.8239384628463,-1.794546352969589,3.130052885829526,2.9672301483874084,-0.8854950132362117,-4.0708072076497,-0.9943748294705191,1.7836653786291627,-0.7298927022860158,6.927305302798733,0.9297272657480011,2.442134774508691,3.1706301015011498,-4.123549218882579,5.5198571253379125,-4.4491954771768745,2.218244894390759,0.22128971942000658,3.6816570576750887,-3.328412159516249,0.41754476812044256,0.10201201617633587,-4.711017230186175,2.6037968023769826,-0.31916164430339095,-1.5159937381867312,1.993335308289837,0.6306455572347973,1.6041229356360545
5.361030688107727,-10.448510648519362,21.318426237568712,32.74038436330987,-10.362331822953127,-4.084116168410815,11.121691767275554,-4.257779159785186,-18.362992672935796,-4.255531272528631,12.038673548329436,-25.666391374852832,7.662111375632064,2.482127190591604,-3.2289841025457915,0.3744810515844365,-9.249084277879527,8.442666676555044,4.043325699928389,-4.536517574118744,1.7407267855617512,-13.538785392445496,5.831336996211549,5.712191469798035,-0.12153388502047968,-0.4932109677989918,3.3370789033817627,-4.64987630984612,-6.8336133429336465,-1.4248488918469175,0.5528009307570888,1.2335265927270964,5.743340045960524,1.9917737422332655,-5.766160486108304,-1.0844838967917545,-2.7527750315276056,-3.524198254519116,7.419138534188278,-4.404900644367634,1.7084334725704513,8.091137357041987,-6.4715112776370995,-7.073046759536665,-3.4084439594282747,-5.9136068857465265,10.06994525135692,-5.181335038647322,0.41156711522172285,0.910444251783229
-24.157967910526327,-30.503875018150715,12.182574363978443,10.402718598990937,15.225641649226198,-41.595355640360125,6.580165601851371,14.031469302718394,5.2234374390696985,-7.829577824640407,-12.662995450414927,6.377124657861852,-13.173743584477045,3.7895177970264546,12.521020471794605,12.075942615755368,-10.280209632976366,-6.747864962987248,1.4030695080456204,9.514163644600526,-20.29601345918802,4.729808159375931,-12.078460193324165,2.6442273910690974,2.4365115731681906,-5.65131667151041,2.4741842253660247,20.366239741035955,-18.434443770126784,5.526591859542874,2.9264926170871073,11.469312474504537,4.985820789451916,-11.439621283550892,-10.609826666234623,0.5704018442233522,-8.237777919900765,2.8332522820240085,-9.69384714529699,-1.4656454424622538,-5.859518502498761,-4.02790716628453,-5.2279972059154405,-1.8401954430295546,5.166055396233044,14.432368663611536,-8.978806913410455,-5.206944881173476,-6.58985582843442,-5.8926950862914405
18.383776953085583,-5.5512706757622166,36.652224813092396,17.121536604183795,20.304911351526226,10.23033705328349,-29.72261217720397,15.652413495573278,13.053052899549709,10.5959130585109,-7.204015874153074,13.227201199271184,-10.20173267574344,-0.4844235236896312,-12.543287792614203,-7.572548467717324,-0.16370504849102555,3.8460388087252046,6.51886689424544,5.932994425410399,5.549564822694915,7.310134563220683,6.05823099806339,-3.7912855906655905,1.3358330779745784,-0.1175075562333467,-3.5857467813567387,-3.6513254864273645,0.7926982609886865,-1.4466658971618642,8.47576145178975,4.9322393492451635,7.092056500696292,-5.348447449509182,-3.5911222956657336,0.2997440546482273,4.587921308444399,1.9029176770673322,1.5894715332358123,-2.0785722418103,3.0224291902723164,5.898544521981511,1.2322901194298401,2.443932196241139,1.1323728179172436,-2.5315475745308826,4.4707529950190015,5.315721612463566,-1.7976240093777054,2.7686064341391114
69.3943229830258,-9.539254141760086,-10.381978530974758,-11.00210694825761,15.245848448509875,11.052419961680656,-3.2048758946676994,-9.756051360480924,-0.14342734614762276,3.663209776002014,-8.599061426053014,1.367698027132796,2.6360056218239767,4.468662163143134,1.4044585173905302,-0.514363501711002,-1.4870132049152944,0.23131607012493582,-1.4419875564017202,1.9224958947488828,4.380317145605947,6.613203188234566,2.874048712997305,-3.1380363557254096,-1.1752244062322006,-0.4906938806381383,-5.039302060385209,1.5912857803878748,-4.148409977496335,0.30172671523545275,8.617185834516201,4.27076745039135,0.6312562862984819,-4.600544985750217,6.419141022776266,0.13174419564192708,3.363294396865604,-4.356352934944132,6.645476215472993,5.367976001070154,-3.647946065009975,3.0133808363741847,-0.9831481537473625,-1.1722961382913246,2.1574291657796345,-0.258950786433793,3.262030740466475,1.6690228747475784,-0.16003354370241546,1.0000980499885412
64.49766155790371,-19.73674032855334,-21.500628567458953,-14.989857269336678,-20.13516775415264,-1.6420807968535456,12.482932216660759,20.347189117998642,11.99109466458874,3.2990029404348937,-7.1163394941412585,-2.913599475073983,-5.427737600405927,10.117876731003532,2.38251693462625,-16.432625079762136,-8.270019890520462,-3.0637021017033734,-0.7603598977658464,0.17625173992631324,0.12857765394913748,-2.9844939350309234,9.018370037964203,4.3304697558167735,-1.2574364695055562,1.6966947347335501,-3.9450827875834213,-8.254736988691207,3.6720998746078797,1.1722036231673976,-9.66322804625513,0.4108165690787406,-2.458067268627619,2.1796776186848583,-6.737044410884872,-0.1955187953704227,-7.377034505277962,8.812361356926596,-2.8622731244469124,2.215615865582285,2.9515257460408035,0.44156039611233805,-1.0928086261640826,-1.2821079828206479,1.0533864075469304,-2.9741041930829324,1.7224045927634062,-6.485133127485735,-3.5904888492346694,-2.9349274841191146
18.576378378588043,-10.403080485537496,25.77566278809336,46.61679905795769,14.122473944921323,-8.883517902005853,12.455916263532785,6.115803730224127,3.8526842032053996,-1.7494462923051757,-9.683936414985979,0.5838994213988873,5.835651430127728,-0.3240008924329053,0.4005948321764165,9.437950448053149,-5.714473453646488,-8.366189009043978,-1.9806729110978434,-2.231574988274436,-4.559349644913576,-5.851200304886422,-0.19825645617052834,0.9074551277953798,1.1238517274851068,4.145907735252323,-3.004692913484513,-4.1618667323771845,-1.8981364739993827,1.872190890358223,1.8790328837648462,-4.3918730674832664,-6.138502430542429,-2.6242847918294916,2.8213584334118895,0.8327092936330764,-9.069635591339761,2.2874463380542194,0.574753130919108,-4.48687551991522,1.507152311793096,0.31079964432214635,-4.374334938534769,-6.544456182084372,3.0833930117847212,-0.20607124118723108,-1.331789759069364,8.603699456126536,-0.6761989909442997,4.976749350006052
55.67883456344632,-8.651174288272847,-27.312159783998474,-8.69354368208365,-22.658322225603662,4.307759457310965,-3.103733984285623,-12.530789716125463,-4.800837749812917,4.9235033890422,-6.873386677841294,7.766490947597564,5.600271878640291,8.860605426230176,8.89353753204349,-4.88631816236834,-1.133193262724022,-3.360027292783921,0.7066370821862578,0.3007226092317331,-2.4120451880961915,-2.067016678727816,2.007415273205781,2.033523097673437,-5.1669926455104305,0.9059910513703981,-1.6059608878198652,0.5194745330721016,-3.3382615480939375,0.8598457281235106,-0.9162270361227505,-3.46413492043605,1.1980375746951113,4.565723796768303,2.5777098954992987,0.28247595343496085,0.6477642108232474,-4.059109036944315,4.322709551561933,1.6149674897085808,-1.659159069006356,4.1036336765065204,-3.952300312960373,6.385127869955981,3.020807756636203,0.4531739350729828,-1.1266224312472277,1.2423788797834503,-3.2443802427758395,5.43280960392563
-0.21954874824475684,-10.264099317371576,28.825413091108103,21.03530618159866,-27.073836253621046,1.1252137187872184,-39.40442569221561,10.700275223595572,13.802798764598228,12.121252867789751,-12.007097559194545,1.4953411675791142,-0.5069458154484755,7.382136088466488,-5.6310220660896535,0.025732521641265275,-3.246266370524491,1.342850799303248,2.6380902334030734,-2.0308529839018434,3.600650963740757,3.1011014732379807,10.896980882493226,-8.162171439726766,-0.0564028464794408,-1.8093846471895079,7.533355038285409,-9.747100892648525,5.181866801224797,-0.13682913887929246,2.7760770362098133,13.837408771389278,8.026824656751987,-4.099867324753888,0.33109725430715503,-4.907425908343051,1.86955412705458,9.463409327220722,2.7344763665849237,-14.402796193888634,-0.1414591176521844,2.0328217469788834,2.2281504899741553,4.71646201415807,1.952098991074652,0.17322902341377783,-2.8748677433061847,-0.2315870138771157,1.566666990258791,-0.690828064915895
-36.82523973833253,-8.873092902506892,11.413123774243703,4.227146076452484,-65.84003268079023,-7.619000838481238,-64.96069119797572,-21.5335738496285,-31.139361141702796,21.337714407456076,2.6114022121894114,-5.929411100082776,3.495685180254585,12.948297123956332,6.500523511053406,3.942965109400011,-21.291342013871382,0.9328226566071588,-0.29413060431635346,7.6402790673535845,4.378923216639112,7.596401092705724,19.87042901771546,2.8364333308803706,-0.8571372155188597,-4.414354877125466,4.480529781633943,-1.7406956595228926,-1.758195588569946,-7.586515467632474,9.425306264456331,10.941596231310418,-10.255024986850902,-8.416767731624805,-8.329059575585502,-0.15963261070470416,-6.633931958936322,12.793275669068175,2.45345218428588,0.7802596201061056,16.121670214139854,11.787164421724938,10.29185754319577,4.054102433133331,2.4025875871244975,1.3228549565271408,-14.321212807979794,10.709392716718764,11.520876118440402,1.5124038752718711
12.748928571477544,-8.560488421378556,12.086790888095042,36.60909737796451,19.019495389378825,-18.560493026129283,30.898456033158062,3.2018110266041426,-5.695215679251197,18.874604968562974,6.675753433390706,-2.2550622436750314,2.0898573054826226,-8.981253194557869,3.530836902303072,-2.304533628071871,3.1861444992377255,5.2321999885536785,-10.77805445748389,6.668375657090239,8.465647588167355,3.6802714697827086,4.126090055931686,-10.300597429742668,2.933038081574174,2.5670874677956905,-2.631599545597661,-5.238593276053125,-0.08655295595240381,0.4327586012839788,1.980136069246379,-2.2033677488174006,1.104656197773242,0.4984114230112182,-6.314084482501061,1.9920250564735626,-0.22435548249203524,-3.268556861112095,-5.02712330589516,0.1750770484071344,0.08655882362376052,-0.24148250629197607,3.95893372415589,0.494673585786348,-0.20347452377665382,-3.8735393130046742,-1.8394949627282184,3.010234794766857,5.176516212797101,1.4106020701189483
-69.93654935034485,-70.54662604840328,-41.65259376827848,1.1102557302414269,-1.458652208110779,22.485570346934306,10.299470274498525,5.436683774696752,4.78223852523987,6.2670305148078915,3.2369429387713544,-1.1279428264295537,-0.19551244965101613,-3.4979014727208835,2.9413804838793705,-5.928663055171354,1.2758634666704387,7.437542302568507,6.644405464690087,-2.0768364263459564,-0.9918237182004043,1.2759340532911516,-11.871123651055756,-6.650734076593347,2.2575157184585604,-1.0045245352749421,4.953881542938264,-0.3597190102952043,0.4881184742307798,4.306341491915028,-2.486115849844498,4.112104336844645,-6.680276980918778,7.153035411777274,1.773350714617752,-2.965969451585566,2.3530220171957357,-5.961437979942326,2.301970236753969,5.2193063741378065,3.0529436539949026,-1.44096243893192,1.6613993636813007,-1.6912059373055246,-1.251301116468325,-5.981725805629638,-4.7987783735708955,-0.10276344715465735,-1.9845884259788709,1.4276172033866157
-48.56733709979543,-57.9922449479543,-35.90748462710184,11.979744556126896,-0.10759194567813456,32.71658947891397,16.05543166597362,9.881316574827046,4.603214043035362,4.083700650457391,0.649136647115871,3.912877050231244,2.1272924637777937,-2.86502110254706,1.0092313295824955,-0.7086162468372508,-7.461147732697592,11.636244537436108,7.737315415909869,-4.947172279957793,-5.392918169678122,4.952022341386419,-6.581510373156964,-4.852419461234015,-1.126510019730357,-1.881751259854118,-5.206558566728857,-2.584302370244256,-3.262504420962473,4.9044071591285325,1.6219569508644567,4.30699690631741,-5.808464536143422,7.361609677966899,-2.2392712639955286,-3.8122368600962866,10.105433930134254,2.7749937621271603,3.0479284485545555,6.692145065817733,11.547207198944454,2.627122440640756,-1.8234185218471703,0.07530681500522222,0.825395910723428,-2.7707296443836293,-6.30606337874725,-2.586994636844364,7.745549065277457,0.478160565460029
-15.447536277395729,35.289236850772426,-28.691841270017843,6.227487813706178,25.000466729633903,-9.471269848810557,-2.602843609831817,18.10181556412918,20.431412491256904,-4.955206856209207,-4.292630359390144,-3.1721882714645613,-5.706317014282359,-3.556456104029994,1.7724474549427736,5.55745877848162,7.7710880222361824,1.981781658848267,3.591200118029133,-0.7377570564010922,0.9800702125925389,-0.698638383485169,6.6760134164856355,1.5404893201005774,-2.6724869457341454,3.079116934982197,-3.2970669551638987,-1.728662823045806,4.762314383597328,-3.4126176791968015,-2.0337320289225147,2.396392019026313,-1.9065906334162892,-3.7139840413809075,4.166422524121608,-3.2789673890322515,0.5087541659378003,1.830294448269246,-1.7257036287590444,1.2631313702903335,2.5696555672571613,0.4844994319816599,-2.3932022678545426,-2.285964158151375,1.6304282372405206,1.5786472221796222,0.7090226995981519,3.8700047003800506,-2.662922923535697,2.3538182816712894
-66.73650895478437,-49.650010486600316,-35.05593499392032,3.215830843907562,-8.727932069834196,24.974509418415337,-5.290339531061109,-7.562696145812923,-20.756608088013287,-1.2647874481211927,-6.762372998042315,-8.98998055201522,4.097267360294326,-1.4159319225583322,5.927926341218804,2.46359766527885,-5.143485080298052,4.3953716145336035,4.976671920653914,-2.052677695090413,-1.1837893853703816,-2.277674206995487,-2.8203779657064656,3.419496001832524,-10.276091619555803,-0.33823264636780914,-3.073787462259888,-2.649999788524086,0.11713845278274512,5.461434517850787,-0.39718817208189655,-1.3931979413365727,0.41736789148096815,-0.5265099747234665,1.4979835909255161,-9.818038783489346,-1.2415129602810073,3.086952785400873,-6.55925195950442,-7.272474277497498,-3.820228596863155,1.1888663794181964,-2.3747595637056023,0.4374457231806305,-1.5502682287187401,7.098398359670603,11.07605143684498,-0.015617463159606656,-3.4153727171540784,-8.314669492797112
-11.484216816226725,43.12578302225721,-35.48390258213277,19.559696600915384,-8.423960167342546,-0.6060541897052873,-3.988701362552047,14.515449593817051,2.129194235704289,-6.689187393545775,1.6368626320740471,1.193622752777736,-4.13967563229388,1.096164343401082,-6.659016631962306,0.5192580390469673,-2.9656973347734668,-5.128100228382166,2.823268161854122,-0.1953260146263398,3.0107227451426275,-2.8328004784767913,15.023242062728077,2.822698683918057,3.197948668395872,3.633741154880886,-7.567658459896788,7.952692543913588,9.152835694944802,2.480808057936657,-20.092491406815217,0.40917985502001647,-8.710331144393166,-2.3933753581755792,-2.7244463813221795,-9.59014209554172,-0.5343584666914832,5.122424656755725,-10.331711061220455,6.432091842551443,4.331932146273523,-5.349690306141462,-0.618275945535667,-1.9219155394084186,2.159335716180414,4.9143855389089,4.415987998048228,-0.9078007860271519,-4.573773967534724,3.066219165232915
-55.93234610193927,10.192028486695639,-12.35916062156533,-67.64138724942475,3.500107365799443,-26.65663229851081,22.711482137206364,1.4187802301798558,-31.049422885443352,-13.19765028276741,-11.57179256744286,16.302219183779002,25.069166790543598,-5.610705723690223,-7.0356546357947565,-8.061482060959326,12.573350700043058,-15.03620056314021,-8.99504410798118,-10.329095736369267,10.089369246741336,0.680202808365746,5.610139766315406,-8.508136684898144,7.986019337910398,-7.768566973361171,16.60301565086585,-11.33236687720318,-3.9874377474336407,20.78619855471464,-0.6763915079297533,-8.357490376988801,1.8731122830820492,-6.951377715279245,-5.241374023587727,-12.859555475191243,0.054794292107481664,-13.000306623498979,-4.336939531767204,-1.591389066571618,15.637527164940668,8.638645927611641,-5.100186465387823,6.2846644290169325,-6.855908867576241,-7.8478110353602775,-10.186349693576863,19.412768223887714,4.397417577502831,3.53799074323582
18.040266861190975,-18.169370939322665,30.340439640081325,38.607209433206044,11.995028623715882,-12.60616757602355,5.656283971192244,4.188594110724978,4.704423231402152,-9.166143342838714,5.300890489951961,-15.597607556120266,7.240084369301494,-3.283619338297149,-4.335841209314656,-7.132536294835972,6.116454052544065,-2.0822320742741116,6.364466513388194,-0.8652313546926522,-0.40895523836305625,-3.9855199582540797,-6.2108506533908345,5.4347552577792655,-0.5592124663429924,-7.311770449589899,2.9091735477920175,-2.736416579169118,2.01388070472792,5.906395357901851,0.10849151860704893,1.750603450864909,-6.933765246099217,0.08105132070768226,2.6494785353225,-3.6307981125132787,0.7350867781879443,5.4419416609946705,2.729507406279025,4.116098997997249,-6.481152042141046,4.499792197156141,1.5465770763240385,-2.9073687450893084,-0.6675286114866014,0.5516994927215408,2.089661566405587,-4.3131151443136835,4.4246294392079255,-2.662295017628142
6.774249283576936,-7.731479272952047,21.045109145754978,35.951686390353565,-4.3400583400796995,-18.495926233665106,15.579792062860486,20.154947835296586,-8.176360863591754,-3.404608979769048,7.157258211874307,-4.71082397550151,15.480738692947508,-4.789929494248571,-5.312015001770975,-9.118469150087048,6.071006863486648,6.194781183869621,-1.2951498611614671,-2.8778092683885617,2.4855452220219716,-8.907640556903095,-8.016268946233028,10.696526929166309,-0.9833177692607199,0.42151381498401325,-2.3786349533395206,-9.769527908688614,6.873000325953175,0.9690138304111028,-4.191869652743182,-4.2787027823431645,-5.128636673551441,-6.044108536471762,4.695954546325724,4.651929346344712,-0.3311655961489493,3.4965996035203597,5.173578736595974,3.1084716336601006,-8.338107747127546,-0.6026923954924617,-3.569148319479222,-4.983020723327507,0.46584756148596246,-2.2669169837134238,-3.179906185886876,4.26028958452315,1.430414169340116,9.370375410155788
0.9560414579754031,-7.3826509043174315,5.547380787258498,29.812159711338616,25.727470552807578,-12.477962026962283,15.20029683051271,-22.261360645289326,-6.173496968898465,16.15712223851322,-3.6007741202093944,-1.8958109893385948,4.928867284163552,-1.1440374950379217,-7.328028122392362,5.042986650455961,-7.769310385570741,2.9771887128544265,-7.505280221506591,-5.392483721122438,7.330634088390004,-11.451541780376052,10.73414223446403,-10.666615923181245,2.7601804708088853,5.521453584340284,5.8706800784150355,-0.45416543710978025,10.435190735583774,1.6195783888897395,5.667801218920928,2.8017824820270376,3.630429475984665,-1.601302149583574,-12.688152880654858,-6.386007284266682,4.74204171971926,-4.599933273401409,-0.5182142903785466,-3.2294347742823084,-0.05098819533198757,6.299272682956393,-5.559003458956162,-2.6127999919954594,5.81219024138208,2.2238058150416693,-3.2753565013887407,8.68707545492084,2.3140735359211906,-0.8858595876061879
60.21915974373664,-24.527351420853584,-19.353404232230627,-22.56940934928824,11.92311153837297,-3.0425758639274494,-6.033745504674281,-12.636334480461839,-1.815957176536241,2.0904183859588326,0.888512710137204,6.637258585981961,1.080455113310924,8.062754446461247,4.436956304194196,0.4546703396124265,-0.24019035481079243,-2.155140201260896,0.7422690725397726,3.8217316097872382,-0.8776331588523291,4.207748074341487,0.8701623324002329,0.5484848453486649,-4.285928336222195,5.813890379530228,-7.553311182587939,0.7179865792710198,-3.044206486592454,7.403136537786544,2.507207028506006,3.910112175582365,2.637097230871263,-0.08422918171215008,7.415894236620736,0.12484971797820024,-1.1580876232179442,-5.430216164028323,5.786934660944427,2.9801860219978997,-1.072041772965996,1.2995500537325222,-1.881317072571662,-2.6158299023053035,1.4229842600182576,1.016070159167154,2.4810772763354074,0.23017568297646981,-1.6999733669273907,7.49378468955245
61.88776367045709,-26.97178800488486,-12.900058354885855,-18.620191447904347,17.07241317736507,-7.672851934192112,-5.319482942752235,-11.72710754156428,12.808315605824314,-0.5793631523973243,15.20254487341125,4.022463333086644,9.48834453984526,5.161871493318816,-5.046942240413047,13.325606829554484,-1.947752991424463,6.224735031377001,0.39467375082869977,-1.4484774650539718,0.018198808369410187,4.301441559103189,-3.498928147870654,-0.42085983103845603,0.2099806942139962,-8.662663395243806,0.3623514479977971,0.700673631256933,-2.05459565815881,-1.641499206074652,3.7658566606411497,6.72044281456166,-3.1174956745495233,-2.819660261135103,4.079019793729598,2.1383496071065995,2.3370191884447675,-7.839930330383595,1.6534598932846007,3.911752020819793,-2.2559705947757633,1.08159334531374,1.492274560870805,-0.06253817152456467,1.576748141208515,1.917531848525794,1.9205551055321692,0.9939858061802317,-2.5339076010512818,0.7674287136345266
-26.44478191907314,47.97146069018545,-44.69487239495781,6.940081017518584,-8.700975417190204,-10.050630672336416,0.6990947767433615,7.569805851043929,-1.9174708759690633,-14.202067828316192,4.074896440606008,-5.495447750331232,0.2009285818016391,1.9667485961635,2.7516033838265073,0.34094690511925996,4.1270634598264335,12.650916020287845,-0.7438789299600349,7.813423365996434,-9.875021698728446,3.536851219359441,2.659909884729098,3.3457333713948776,-1.7067105000498992,-0.7579618831554956,3.2124464715243355,-1.765581111696473,-7.549744184882474,-9.173702876516483,-11.110462087287859,-5.732652702106831,-0.13832400290371136,-4.375315755642139,5.103187694883087,-6.438788029115789,9.285228458032545,-0.15070185842806608,-6.626377711952137,-4.632448339654315,2.676670156720091,5.843123259568271,7.007260043445632,-9.99746381659751,-0.2962649137901865,2.946201700012248,0.6095959236890587,-6.260796539317098,2.9720444698656077,-0.7208531222951557
67.49762053282555,-22.339535555785435,-20.67677965855394,-26.53985410349085,8.810907862872941,-1.5585660467684133,-0.4488563302334325,-8.249872214805317,6.223816124399268,2.6169122496751016,-8.566916837066806,0.0076346144760348405,2.796698170022489,14.197648451016514,3.735342207623181,-7.7693780169314675,0.8995188801576266,-4.540143773876186,2.5345953381416773,1.1490442823343572,-1.9544508616216858,-0.723814139763362,-1.2218778308164315,-0.08720193717343855,0.44764369942465454,3.241862147615886,-0.8068046623764223,-0.33092858728696295,2.827842563481828,0.9230939639508877,0.22779808136161084,-0.581521689391949,-1.9354577172892584,-3.6774215098879823,-3.9110013950515627,-3.335502014574099,1.8053638382334252,-0.2509452504830981,1.1394283815124144,-0.20907444645774478,0.6910795195068452,-2.2328983474403628,-4.572991170610533,0.7640586744416865,0.46272633229823606,0.558847306250023,-1.033949469787113,-4.164077748708088,1.7417638963389548,0.01779687665013268
-3.6347996779747693,-11.466434382259573,14.7700068694431,32.27379814847665,15.305746069126814,-12.115978688004033,10.826099212895427,-0.5488576826095622,-15.161539132443705,-7.69602984476249,-19.218787733580086,11.864920633574275,4.184744840478972,4.798086419946812,7.616148106852561,20.69215937927804,-9.885140759926854,-6.038905208536601,-1.8073991201550788,-7.199923140438932,-14.970926490717257,-4.510180831862588,-1.094409837766203,6.82385511009807,3.3194426591348813,5.545017381000626,-1.912138006762027,3.8935322702427166,-7.653616978478312,1.9785414161368822,-2.5042444284796,-0.7829946158905985,2.0562465740734095,0.020879715337190966,-1.717485496984601,-1.7760262834309453,-11.835699197245955,0.5604068608715164,-0.8765287392215949,-3.667166174929391,5.637378551634735,-2.5558192270586932,-4.021833142415643,-10.455504496129072,3.4699877621283997,-5.429708529097266,-0.5584845162551592,3.2869950409241935,-3.7263788275220127,-3.744368823376792
-9.076127717774188,5.896317297808228,33.02047119113486,-15.243504206841695,15.273287427795648,5.911768363040334,-8.220794607196344,-3.0257660996668903,-0.4468183324378409,-8.46272381203402,9.318162541332544,-9.097859775683153,0.7883060135427532,4.881152300676623,0.5362068418221912,2.6244671433439204,-5.941058403951501,-0.9373817134789866,-3.275605273644602,-1.9433796878973635,-5.458317361132425,0.5367117033392904,2.0542617003518338,0.14085547921839098,-0.3305616056030337,11.377013718403765,4.45848118531598,-0.8207575996854406,2.509640115403211,-8.451626191155793,-2.8060649608580586,3.356214340556088,6.0174785077789315,2.8775809769257785,0.9433246194733866,1.9524262115813917,2.2872771881585474,3.2224335706803413,6.908910318956261,5.333747001509725,2.9420431829098335,6.4157888519055115,1.5528574621228888,-5.732450518560499,1.481174975931439,-1.4943743506486802,-1.1698131564127072,0.42602976341616006,-1.0659418726486145,-4.799540746602294
6.128605424207173,-5.94878412166882,18.472610912875993,34.090917627526814,0.09529745177423903,-6.246155433756563,12.214455120554257,5.837232656811882,-23.088115214347372,0.6408804291734246,16.179918002569107,-20.201704479316124,6.252456251394754,-6.492146281456125,3.241625036177962,-5.38904746705147,7.637758528974799,-1.7556242417669221,-6.038873982946413,3.937174610364643,1.418327150103895,-4.485231319074333,0.8025280028945272,2.957589004827874,-7.518479830758462,1.3328181629089206,1.4065160038053404,-4.238164119190658,-1.7016659285374174,-5.590035359530123,-0.4020274433788115,1.9516284447868177,-0.10686932452063126,7.234481740922838,-4.256737038336039,-4.96616479609996,1.088323462788251,-3.913848572326356,4.31499120048149,-2.24197462015932,-7.530591533410461,2.7532242512785263,2.3747808790926457,-4.017226525368984,-0.6628217409287352,0.27119821191460497,3.209986449745661,-0.015969010460796806,4.886681670912572,1.5899332933782624
-18.14389567422896,-23.52310068766701,-7.286168010464305,17.328110330663883,8.94385008900971,-24.15953413510469,13.246395372951941,-24.273452308956163,-8.115619457265177,2.793419955375701,-13.54724484594588,13.282950191622115,-0.5835215561866902,-5.605576451406839,4.546729363109659,21.368703430932005,-8.30985018534044,-1.092931018810664,-8.4365654116522,-8.179169885806715,-10.818559182426043,-3.6219352432165577,12.62687740810744,-1.1754927520273173,-1.8833714430755897,11.673166867780358,7.777429907505559,-1.9510221714335585,7.029217261492895,-14.727198341745519,-12.134525979509755,-2.3432682668395346,-2.583769603072051,6.669974651017748,-6.275675808715211,-0.1763393606510281,0.43751047552950045,-0.9361213103943371,6.796384921651928,-11.773952180585168,-9.766455616498433,-3.3618410981313134,-3.7706056890773354,-5.275585256794039,0.8484079825991774,-9.267349663105476,-1.3158606480353088,9.59048860150475,-3.4557009714753977,3.987825087591786
-16.958462666701198,-4.217523668133667,20.695796671319016,7.574869878579663,-15.180944253468965,-7.2233715024390595,-3.0145296154141192,27.748684385031538,-8.736043225505833,-9.560572739632939,24.031093425768766,15.853817964953357,-16.228248598186607,23.70796162859359,-12.923618883694216,-11.607024792163555,5.4688228494691655,17.812443009279047,-7.233753000196955,3.2749130997041793,14.67004031822157,0.20458008703246594,-3.293696041211901,-5.8349815658808675,14.496422424967706,-3.1657227803820507,-4.633796425308387,-13.562186403685319,5.895763033910264,-1.1658832493363414,4.270459741716744,3.8308831982843574,0.9379567007460969,-4.635309991557909,3.8215681594106115,0.9924706531912116,3.582911651742565,-10.69556111889447,5.809274683864154,4.106960448590214,-3.1662996217351345,-5.875157968576558,-10.592252889653778,-6.916822896653802,5.95964533122272,-5.836643340791941,-6.264353318667564,7.973898262954855,2.743866546508413,4.703540768006377
-16.393718244872662,49.068825448689566,-40.82778366449363,-6.175292665617022,-0.2674430616220865,-7.2215179653192605,-0.744827537500315,-13.517613863097212,0.027061306420852128,-14.307681831557817,-17.82603834516111,-13.543832256613152,15.531743808646764,-7.30564481964846,-74.62941069903854,-38.97425251853546,-16.08566295443373,42.95465115818488,-82.88381510992492,6.587866406992536,-94.38329405962754,-28.337079007794333,6.980447146160138,-15.328591053750085,-3.4581295294021475,-15.827493965904287,-17.325735549097733,5.654187753729144,4.198117171751882,0.24459454370128747,23.047283015983478,5.124833694504347,-7.23572940694325,1.619981689264723,3.0575250091442423,3.4331643547621358,-7.901338579922991,-4.692870010239152,1.2441304473306156,5.56671235766339,-2.2223396265958573,1.2524977357342926,3.1546930969266924,8.101592749537925,6.81612705673464,0.91221475613782,3.8863939124303912,-9.348000372305794,-4.800690203211455,10.468179722208747
-12.430664005972012,31.070734474352708,-25.537395602053362,4.216720643576583,3.0583637055681985,-7.2291356249174985,-3.122195619995087,20.495992321358283,24.69558859677814,-23.391842413380605,-24.289548980104236,0.9519635105884775,7.597483035095786,-3.3609037919379,4.544258290929477,3.8133674605308574,13.518104174772557,10.339849495943902,-5.781277669764409,11.62396779454715,7.853933575056509,-3.860771173331904,9.167639906937625,0.3229652111675038,-4.705757095836911,-4.124330097378786,-0.8444720483797785,-0.14610924053443186,-0.7994896172841064,-1.553134212996813,-16.218142596559964,0.07651939911607598,-3.349435904588977,-8.313992190774877,10.170197010614235,-10.272667284817864,-0.640552915362671,4.103573075181234,0.2723658197240827,-0.35974264706852227,5.4209946678234395,-2.8951961675218643,-16.301047729728797,4.582143481414667,-0.5427595707044027,-3.216728706147692,-7.170381884848035,2.6247338628923473,-0.4514024362898765,1.027865681021828
-19.17289509446111,47.508605981997995,-39.800863926952886,6.4312223311587,7.1362097961553665,-3.806468126750737,-11.552970821403843,-9.537503500012217,3.5233792110442046,-1.2454561277454936,0.05888634963962418,-0.2843439105874422,0.802168106955403,2.0159320517161494,-0.12149143885424954,-1.1569763322071323,1.7774002492596959,-1.6777908755384747,3.9288336953713165,-4.742187294088086,-2.730655755154595,-2.1528062291218415,4.451312747971473,-1.8159605387746642,-2.8451217087948666,-0.7386936275796214,-1.35033623025595,2.117233421432094,-2.4372230723839063,-5.72770021594743,-2.6590428846801824,3.017354626072223,2.132206020968286,2.510958128870557,-2.44080679990246,0.3272319964431165,1.6576479024292932,-2.012612458385316,2.892294069288418,-0.9244528703326492,-0.0390183402858958,-1.9533184073179373,-1.855596766500799,1.7236854714192602,-3.481295078717136,1.0215968734665792,0.8314919876847751,0.9230884130691128,-4.118095061371177,-4.544177143046935
0.07046430934670482,44.46140050078739,-26.027681851506813,10.158312312612104,-0.06550782231010752,7.482549270943101,-11.953701137553653,-0.5900157634119955,3.702231265250059,-19.27531899175376,-11.76992117366113,2.848716657460863,6.699483414052319,-4.805469542745375,4.72578691136136,-1.1738503947215744,6.56831155430562,11.780149558510255,-6.159800655336135,8.871376796805002,-1.109137689962371,-0.1381477901238886,4.882442205581069,5.060975469258373,-0.4769674700459543,4.52376486666953,1.0071662258466043,-3.949834683033888,-4.667755279104632,-8.776432675238567,-9.526499612288642,-10.585186305783028,1.3622190782978314,-4.540374590961719,9.301159307893979,-6.380226933424436,6.609392859647295,-0.4863719567510812,0.9824328995254287,-5.7570807129888335,2.1424234601804275,-3.2933047356290275,-4.306219173676803,-1.9201274528633074,-0.8326212288865837,-4.103973487719359,-1.1642296846837668,0.5818622006404378,0.7266095694099293,-5.323798234497283
9.154144530327148,26.613094727348884,27.934127227328954,-14.63005135101808,10.8209323427354,15.851856020870132,16.88457570604748,5.34011558660187,4.692591652672942,15.872066504485803,-1.099961007625735,6.313829355759247,4.425583463736977,-10.736139698704674,-6.981582197325991,-0.17790349440917566,3.8901779707176796,-3.601298377190571,6.692916182963687,1.3239152301204447,-3.841378743235125,-2.0676965069907456,-3.70708203493864,1.2766216566888793,-2.703141071334729,3.9661210659494444,6.778602345490425,0.9535459639330859,6.757758666899028,-6.188798400911259,0.24009870654098137,3.1553249178323735,2.790602703673979,-3.0728383869513465,-2.7348566595546693,-1.0104568319788845,4.706210973535856,1.4083481377484992,-0.39969375683478076,5.769861694946218,0.05227120015583766,5.734869122827184,3.7594221404089923,-2.5648553285113,0.826449053301702,5.433757039000365,-2.1035843403060963,-2.0624655004455987,-2.9945455561229832,-0.9533823563029721
-76.36245746524037,-68.94866883496195,-38.50663501509846,-0.9722244838159086,-20.26193029779549,3.538272903169752,6.32757953789606,6.006226736282858,21.339134373093756,4.656157443356631,5.79964096020808,-2.134317237514629,0.6113535109527253,4.140867509701743,1.485775493833143,3.0597756326948233,-0.9292310778036316,-4.0016875314657785,-1.3272463234650411,7.324712593613201,7.776790020686103,-16.35775591808113,-8.73921646274972,-6.182882644370593,8.271999227210294,3.85637418604947,2.7056470892869315,7.877137040822349,-4.661436780213919,-12.575366044328897,3.8417312320729327,0.3557097549338807,1.0297579867667244,-11.408622570453101,-1.3904496125679953,-2.1171239550526826,-5.608957088385765,-13.445934760954469,7.133095399748744,-1.2647088941374531,-9.55515510267191,-1.4769521228432547,15.15675175655571,-4.748185672370609,3.6715943859146822,-1.5811578380223432,12.689892720148345,3.497906438264929,-16.44905519788794,5.3106376330829645
3.805571124718791,43.40165554135129,-29.653546399674195,30.931368436192116,-7.442616922560843,16.379669298278536,6.401861998892821,12.0861716141135,0.6852896992304184,9.214263865856877,8.3262363190456,-1.1714968323450048,-0.8301394449925414,2.1113406169728486,-6.8079323231936595,-6.484191776421719,-8.283566838558494,-11.820933565412416,3.6103956849494403,-9.432799282965664,1.097230245508712,2.53238188088572,0.4058375909675839,-1.3250251214418725,-0.15354132293124162,-1.4175754992314953,-3.471618221865947,7.276548232009534,-8.669059598209937,0.24790007080112414,-1.9949827830167106,-0.9701398087045424,1.0759953884365747,-1.740616010543503,4.3207754042387485,1.5182044656359075,1.4220312075327857,-3.307318895824282,0.225587210163378,4.376631975419272,-4.363020202389181,-5.425150192294075,-7.663838676382559,9.191671501535641,-1.6827628755728432,-4.519565991900074,-1.0236742502527816,0.8244537528761554,-3.890123534300683,-0.17768456905674715
17.371038780676674,-3.7588513405180572,19.153145992441654,49.150926295485704,4.859432165272851,-15.739877521703052,21.000641157754032,-5.354359748224002,3.970391693998543,10.62144064311389,6.273577295184784,3.512838475624967,0.6094658953976738,-1.5592216795327438,9.743016847676651,4.8446795463341035,9.004500185028851,-5.448436528641569,-12.984652696786124,8.036074132557738,-0.9070940323939409,10.109156229676909,-8.60981260022831,-12.759674100319629,7.558974706132898,2.6584242100241666,0.8599446142385934,-1.435796762495362,5.542871196285671,-0.2169359863384504,0.416471477256464,-4.510084865666552,-6.638365415948556,3.0326813153091456,-2.003985995636788,-4.102407508257718,1.0807903435496469,-0.655254503412064,-2.7712852248211717,-1.1079124343635225,-2.634770043387632,2.973513823167138,-0.7904292044008517,1.10885385497769,3.363856845132414,4.775291611851256,-3.3725693021204366,1.6548462151919394,4.361383652411988,-3.9022563842788554
57.942485091818476,-6.474710135295927,-11.788699902515075,5.986958297156596,-33.33148773178467,20.59035893305929,-2.326705505971395,10.694445603390896,-17.3637267331936,-11.369799849285041,-5.9859667852693015,-6.689009693454668,-9.127739477944209,-8.932581580343268,-0.4111533366426368,7.451223644310126,5.273472763340826,-5.19871400900023,-0.6159559227359517,-8.759975696221568,0.4860634630591552,6.88927769547797,4.8752873627609485,-6.04525814549932,9.355543730827346,0.8901494548104565,-7.15310074246154,2.8176141503989762,-1.834141284406378,-0.4152584056252813,2.4523787645070523,-3.6321392221915976,3.729994045190382,2.4213000416549777,1.0995584464246886,-10.54307941263272,-1.4721770165862473,-4.8837942933974565,-1.4839774158202228,4.113947848236809,-4.572343197146725,1.876274148054877,3.9568931601326196,1.2158026527906012,-0.38840649976104047,-2.2520394706231746,3.2724549440346884,-2.2449955023763923,8.105291526572797,3.1828927197882253
-9.544438815455818,8.053151883041068,28.74054902269839,-4.033468055216311,-5.5605378753978645,2.6680280859595142,-8.092217922269343,21.350317136195958,4.632554154449868,-12.92129921275899,1.1941081147911545,14.492444932362329,5.226293894575778,18.050649073761523,13.587014131222018,3.2884903438298374,3.2014720878092113,10.073156221475022,-13.865145980089082,-7.699725548007041,12.201554580783306,-13.850982149306864,-8.40621423768957,-2.134477248174923,11.37317896192422,5.5000614366939,3.3088580305009283,-4.225216583453492,-1.6973092417439841,2.338265843627402,2.6995053828295448,-5.481688460122239,-8.015966886622266,0.8661638212750503,2.1266010626855536,3.318161685348479,4.541125639047173,5.318412008501121,-4.821542783904474,-0.9202553713944163,-1.7308959321075919,-7.744563451372133,-4.985256315904858,3.3421260644917634,9.668396475530239,1.282541190434497,2.9009071166294826,-0.374252855513652,6.7092287187307775,-2.916473447562567
-18.865640731673352,-27.873606182974658,18.278078162130043,26.2119458248385,-10.04171339227296,-37.10225095999726,11.972664390180277,-14.495667865082275,-5.15522522507481,-7.556462249198105,-7.734128616265533,-24.36965742577785,14.161111430462213,9.986090889524037,-2.826809935222806,-6.5302287336752425,-2.127187430177976,-3.8944100802871757,2.1676829282517307,-3.3170531962799763,1.8699696693867478,-10.686297419802155,-6.84664697422379,10.358894652654818,2.246551427177379,-0.6576623768003769,-8.074603472805842,1.1155255361698708,1.6242624510830168,5.497908646458246,-9.920126725290597,7.561055605170197,11.212377899342567,-8.764082659770676,-3.653317161050827,2.856458890313312,2.095786447124557,-3.534249249005451,-9.958215388987732,5.15315967717653,-0.37671382073095894,3.6220005801031214,-5.528698070302216,7.423585916481813,-0.5013964435944107,2.0598732661715142,-0.061846328270465,-4.239091239981712,-1.5819225118613554,6.677810532837304
2.6557607676773753,-15.719575874697352,20.176471118698124,36.38891987916128,15.67485636010306,-25.51097960325968,18.053440786577593,-3.900178887101284,6.814511683962455,12.089544765771427,5.8882439513111775,-1.9949557578571198,6.135589266592322,-0.4053114300780416,4.969928735377799,-2.7616193520566723,5.534143501980971,6.372019275926989,-8.670375842298345,-0.06046836765771595,7.687233445533332,1.2372130895731106,-8.096266045866184,2.426669130736984,-0.4475051997557462,-10.545922270262198,2.4073694955330267,7.747189772071157,2.831418607532935,1.5344873234685603,-5.251958439489568,5.66654641931788,4.9215436533372605,-2.8506651031435672,-3.236602827982326,-3.6620200926879347,3.05587532662786,4.441148953790707,-3.605135141624134,3.1480571250833846,-3.784574148285943,4.981940004763935,-1.499125391561485,3.101741849483593,2.1647705275785074,6.106167150072398,4.097144896307506,-8.433288613268365,0.4895043812950281,-3.311410574571017
15.284500238789157,44.46712317826097,-23.329266956836378,33.23061080331548,7.5188782717375515,23.260263502741914,5.507528994109414,3.352608822252848,-4.350165952550121,14.936645686744185,5.33999670013793,0.15473814797314697,3.5466685093657224,5.485485788015849,-13.73625287987352,-8.355143521954322,-12.434910395494867,-19.004337229317436,0.7140791963417342,-9.111434053713072,7.136706570392554,2.0386515096944358,-8.16637709640056,-4.068636465641527,-0.7382128425683733,-1.6901317850192168,-1.5860007161253835,5.257614941172985,-6.168780910732658,0.0761283690189803,-2.2858776734784674,3.5268410141684483,0.9883337748200384,-2.5557477629829752,2.99858614192602,-4.490148004950286,-0.11405416183190767,-1.913243764675192,-1.2594727681115618,11.680772531563875,-2.1619542856976808,-4.9682810115574085,-8.113362346128568,9.244863864375995,-2.485946744753851,-3.1544370950692535,-1.124831922574233,-1.51035697856009,-2.2836723187837356,4.073599085095615
-27.56065159984958,53.94375241179829,-54.66378471050754,-4.764142105575733,15.524824905348229,-11.070736773070612,-3.390535567985524,2.8560694197246743,-11.433231898133318,-3.216035110911125,-10.051192665219528,-6.208131446039973,4.513999267797554,-4.872377611886622,4.136549544476501,6.425219134133238,-0.297757609665367,1.8979732353414007,2.5377703760550396,2.0117145945762216,4.272519372811051,-2.324018360782239,-7.0877577628497255,2.369754674842684,-1.4686960814275176,-6.362336708361583,4.021067674303331,-4.485835702276081,9.266607195311062,6.549346799469891,8.397957415544196,-5.564534139389333,2.827328659470452,0.3575092841507889,-3.2240128854870984,14.54062028032035,-6.611736668276294,7.130128862074478,5.4044504515269205,1.904875327995406,-0.7736678000804654,1.9337478586191168,2.2148931300627916,0.5723549589169258,5.325242097694498,-4.21350662167455,0.13822746371474853,-9.225077042805196,4.885131549023944,0.8070321626492433
-21.07390371233522,1.5939585089784614,29.67870945315649,-27.710448885171356,-8.794453256148271,-14.815449860850777,12.382747074101252,4.740314645609435,21.928438150944753,-16.44376545644078,0.9541784720010236,2.7765369602054664,3.8899236582104937,-0.4466991790060536,-1.8755927555815133,-1.913043240330608,-14.21292486622473,0.9130303245322959,1.4326347772340338,-9.872678094746666,3.8126922075622955,10.951507706982035,-1.2874976500702882,-3.198139548411868,-11.088020269598069,-5.889718557047687,3.9859535912478674,-0.9099888163856721,5.703864215720818,-10.33346936816961,-0.5534005023403895,-4.405186758561897,6.984007895972187,-1.5329906469361434,-6.113092450602691,-3.0983273839039494,-1.1175620912669622,-12.007867578228474,-0.8361775841768874,-3.6223656286024535,-4.269461921174185,3.240183932927009,-5.153985010554606,5.76500016891316,10.308193607720902,9.912385203785869,4.984283226207188,-5.416634260937662,3.2780031030584755,0.13848355434527543
-45.07014751070874,-36.45665789196679,-21.104904741379368,12.984244732948538,-4.6735589563412425,28.344982250564318,-2.088968447568208,14.752659252222113,-28.02780728296467,-13.373089163712207,9.975620165141859,16.320759024510807,-11.905645945218033,9.803081050188492,-5.899180829160612,-14.468018630138909,-4.605204490464407,11.670451287787499,10.363869835650272,8.914534465238214,3.2774530630664462,6.690679101079285,4.99708937351665,-0.501228009434613,-3.013882911190735,-10.616886508887134,1.0623422543026948,3.0027343292045097,17.35018837172468,-5.1516933966805984,-2.747951051592031,2.319378529204409,9.59013111094376,-11.600497319989348,3.0479869154943975,15.052975340666341,7.111272291046349,-8.327667969090404,-1.1013691696317367,-8.673503518912723,-0.9202880644414527,-5.133081999230406,3.150863081471256,-5.140133470063977,1.1480018281908588,8.291641855788386,-0.78143160295648,3.9302371524069395,0.5813528916964432,6.435925026584411
43.842769652248435,-20.22481659989179,-22.703226720064727,-13.747275608724578,6.652451743808009,-18.138632690057342,8.826130108605623,-0.28517390318573743,1.5038445267480196,9.36939169143765,35.19126920606518,10.023476911614999,12.627829842660212,-6.703707669472847,-7.754775230786011,13.899465805485926,-7.754371292431138,13.3457052749628,6.023902796978724,21.123745373472822,4.327298528568716,-12.223551558657737,-7.332457705396154,-5.688648769989228,-19.14204322715662,6.796059953276961,9.849370570114433,-3.570401542442891,-12.035450927467835,10.530706868105046,2.18296727186066,4.750274867758908,11.277069865680605,3.3377485135624605,12.954826839637793,1.6610116647898001,-5.321798469097,1.602904421918522,-10.10679129325141,-1.8660057792950788,4.751657971336452,0.07526898620322654,2.4397779921164524,-6.859760791370956,0.3926499311994096,0.6392082145269137,-0.8147715398902078,0.8684664129797538,1.0270038768940126,-5.443802091995824
-21.37278824056894,12.417880403936394,6.149834909881608,-30.070336722356494,-43.1457212789521,-7.464938567255949,29.295284926845774,-1.3016255437233775,3.002785598601243,7.450539844375221,-1.009263576032064,1.0398495292514551,4.779301526133389,-4.387306803293232,-6.429056939008155,3.98898116169755,7.136494950197924,-1.1008297276350343,12.747675696445384,5.919603216709124,-0.5155400296213641,11.369428306955882,11.76161630414636,1.266997662588727,14.293940505295259,-11.311147234093816,-12.715716396131944,-5.348537971918044,-13.855794008872566,-1.5044885085218742,11.38440368135825,-0.41622856996702867,-2.3587354628838306,8.882473982928808,0.06919125752055409,2.9304573762094805,-0.6214549158834677,-2.500629707974699,2.6739095777311053,-1.1169430542985936,-6.439589701331416,2.6457346897053617,-3.0603078314052317,0.1085824679080736,-7.884061454310312,2.5060798382147027,2.340980739514263,-1.470118066313784,-10.931694259020611,0.8440980047936711
-14.253643614924867,-28.59650237019683,13.314924412945427,19.197313616234396,-3.70604174395272,-15.676835802305325,-3.001299502729898,5.762498911577334,-9.490138182662552,-6.794408423539165,4.8086554073791685,-7.015119355277472,-12.346869289038077,15.051503032122817,-28.94641340019167,-1.0043597706495282,18.445910828681868,-23.054908053112182,4.954105068669372,4.595805285996382,-1.8738132286109088,10.2010828733707,-9.720586772059544,-6.233350441964113,-8.076043149219263,1.5996305987074124,3.336931753721387,-10.814185030351577,10.30250958909817,10.367409381852685,2.02907169311593,1.4184588317598474,-13.772207730526528,11.304726820833832,18.975782834489888,-11.367297235260487,-0.832608383947339,5.000788463736614,3.5613459725406797,6.828377955420981,-7.673462622472541,-0.9879978416987228,-7.377921936663649,5.746192359351389,-4.566579922230116,1.8196854667336937,-3.8621731991229664,-5.094536306928178,-7.814942301608534,3.5039979066722933
-4.1104886092853015,47.8189984894717,-24.16268715393226,17.459486697387213,18.267173094502336,-0.5295063884858824,-9.499496471307639,-6.298793810300354,10.03624664126264,-6.829782426282528,12.46558242372003,5.05244296846389,9.073819872862122,8.638472381405478,-0.8128373400943475,-0.44331236945217495,2.8612576110787815,0.7043805867468175,-0.4105231549118875,2.5181059121784863,-3.2850396187502926,2.96221028463592,-0.39270883354309244,0.2849834746848728,5.834882657294905,3.023863173820192,0.6325149079319313,-1.327029556322641,-4.013821428772324,-7.36603178199487,-6.2266421268390655,0.069934632437366,0.06219123472221589,-0.8267930642444747,2.5497513568396952,-7.088783088615653,1.918569391868407,3.8257768385218025,-1.742920208144775,-0.9516549099969185,2.239997773277965,0.7204260283580911,1.2638108626059315,-10.630848755023681,3.1569238574378025,2.8474266883285173,2.7092061602907522,1.1552782710832075,1.8103017022731045,1.4587579248534486
-15.395552848823495,54.57187103806644,-40.700607457866106,11.447012476975578,11.053890456019785,-2.702790698855215,-3.790055141139852,-0.8437193113690735,1.2234269866487262,-0.2531672936770162,9.808132376685647,-0.011215421791641898,-0.491693262523141,7.999603647687784,-5.204282995658865,-3.3035455129739915,1.7745406171489013,-2.1634195346479395,3.1086471077763793,-3.9002619413882145,-5.926205145551182,3.1906698536289486,0.07630430553189539,-2.14363465326818,1.4032847346394575,-1.1352768999700167,-0.38404904611957563,3.4496892561048482,-9.757318360177157,-5.050393589142487,-9.405555309108264,0.9949075792518268,-0.7173270447922034,1.9963430107659828,4.483638812563989,-1.5990906525678898,4.232772667513204,-1.0776049970339314,-0.7746708323397038,-3.067025038892839,1.31615910710247,0.420505658918917,-0.1432022450066615,-5.918666874208032,-1.263254444210828,1.2416105501236723,-1.7654786802655664,0.8338418130584156,1.8695182679080096,-1.2888443373698255
-11.198396203915513,49.482518838883315,-46.07500967819475,9.2286822974445,0.5591811839716363,-3.0329569494107163,-3.586310403236519,-8.619180365562382,5.7121717680776944,-4.671303614632995,-14.258866898362433,-6.221899085043517,-4.444516115976942,-10.541821584401704,-6.902217041701328,-1.1131661852906856,-11.55421285542189,10.008061896721738,-6.866122039562848,10.217137730192622,7.646624425598341,8.708268055467569,-16.75893008300872,18.213646679295646,7.2166309652910625,9.139294420461654,11.051476392681296,-4.973453762158791,3.0255128386635732,8.02918566070243,3.2665896930848377,-0.18400087763303355,-5.179202681220575,-5.846767292813386,-2.1851256258966765,-5.300594452025936,4.075095303810537,-6.619025633950945,0.776056915433311,-7.740899596281437,0.5992866021996227,2.543320212288951,8.338214800501722,1.2994549651531524,-1.2993721194110919,2.4937222119973597,-3.581470043214326,-5.442562587699837,-1.2326537168116403,-1.092010643965086
8.39670445456279,-11.871947023238375,29.962861544049968,7.123758654475937,3.8056233306898113,3.7804034861669202,-32.816946484552645,11.885220077257637,15.141395048047555,7.677218131675146,-20.00222968953341,-3.9702528561909474,-2.7385250407864072,4.397211318155809,-4.516893537525435,0.5849323485217892,1.8782768517953567,2.7896305521487577,2.2832818280600184,0.539935498111947,-0.5495811486840598,8.667352167391954,1.2420551286269728,-5.252816258544822,2.751353876757642,-6.302541190171451,-5.759471687844083,-6.780847924251105,-9.233762085927149,12.100205598118244,-5.716865523139741,-9.482715840940523,12.723740470411522,4.849534515832534,-2.405098383990183,-2.8114019869562825,-1.9683820345142367,-7.547065455617897,0.8723675012787879,-4.902286253206089,1.6297498071838952,5.343605682278519,0.27945156698647994,6.347891386212762,0.1281549614931521,-10.599161376339598,9.671103927740514,-2.7195593325220853,2.820434255130153,3.553700736975225
-46.95661489098287,41.684534296331066,-54.89979953995457,-13.67119036420793,-20.784688714611054,-23.88101436815149,0.7208075271872105,7.307302240872659,-6.209885504143733,-8.00772589994401,-5.608720172890008,-8.585073154734575,-6.405286297158718,-5.9190379688651635,2.496940206088422,4.64523845992951,4.896857391132084,21.009523842072596,-0.5214403670040506,11.650954151493655,0.7424466546128098,1.609087318931564,3.4712426161648597,9.302118579740068,-2.0894782982450413,7.350943426396557,4.997727013869373,-0.7666334874068654,-0.5445601382748632,-5.10233528463256,-11.980784592014894,-0.3348476700003919,0.7541793500176235,-12.442451121613331,10.570950589054478,-16.84502416928737,12.47799534552055,-2.8028270723846003,3.924754309309917,-5.349275754282838,7.929778559746053,18.22290066839168,-2.035653210977606,-5.826610237388998,-2.3971977192762566,8.680410729526695,4.942206665592313,1.1534872504746922,-2.7444506182987953,-4.926408947542344
3.398107247193318,50.019869005839055,-29.134551178806973,29.045629585413106,-10.590609695326387,9.462632482737954,-1.266006325414477,2.571483466138326,8.96371854913253,-3.7908662479793165,4.348972993953378,-0.9744217973664939,-0.8859090513369801,3.3792792022097395,0.09515145896908657,-4.693649943867545,-0.0740316418341538,-6.636154606459635,1.252800352437126,-3.3312506536021926,-5.3428901954681765,5.208353486399354,0.7670946583156186,-2.64543542102574,2.6350390100319543,1.7653021704851954,-2.942324777669617,-0.2407762082426427,-8.0172309465794,-1.604279941951254,-5.316683105907374,1.0521990462631436,0.38994642494027343,0.03175293833980207,3.4713411296858636,1.3327141065032888,3.7301914057730245,-1.1337962389692127,-1.4780799595746543,-0.6168823382119073,-1.5140424734299225,-2.1215620694324695,-1.2141600065463065,-1.5600817926907617,-1.511464734631665,-3.143384839775856,-1.8154726932360674,-0.6813662828972785,2.968491148362918,0.20662554421683646
21.99377160199485,-7.407090399946855,21.807979875321823,38.74991955670807,22.245296192875056,-10.449978692411854,-3.2293851366741197,-31.41165411047906,14.151057550932746,3.906497652294544,-13.195294350660605,6.295426081672522,9.140747169106442,-2.813385564649313,3.098802900927922,-4.155427581273316,2.7959919131677604,1.4520378767929063,-7.126485327500927,-1.9291253794175667,9.33457782022403,-6.0551576838960814,2.08281585961913,-4.760064865715929,4.090574362115034,1.115579770605942,-1.6715268254087334,-0.37692073649603325,7.762806251080544,-1.9860298764844615,-2.311661054312268,3.7098304946414826,-0.38308133352949986,-3.7370884378060114,1.7031991144825196,-6.617439673592633,-0.19230294311651078,2.3293255202831142,-1.036297268334626,-0.002327844014158891,7.109292738138503,-0.8286550297885301,-1.0000154690022776,-2.524505838296227,-2.521612311471484,3.102531744022294,4.697514017518855,0.7878675290371432,-0.8910734735223739,2.877999430245597
-1.1359387859342867,-17.24911519277336,28.316833091803,30.923438873874122,19.471372745194632,-17.009687761023496,-4.886886041282483,0.9375716204186533,-17.158876020026888,-20.045355446723534,4.433925437472312,16.997944820116953,-11.459719543025185,13.57729616020188,-15.678676604715028,-10.815667949662377,0.21366041568196895,-0.2230855178998297,15.8201556607205,0.8284554934779668,0.24152441103673436,6.707110440181575,-3.0703835664131423,6.531090252768267,-1.207410940433328,-16.874009259430743,2.154810463943212,-7.340972238350315,19.128875484311457,-1.269282715155372,13.266426730346893,-1.6648179279368613,0.5858123291330671,-3.331496323949181,8.56301014549631,7.427859836596502,-2.5967095125804467,-3.46016124963301,-9.911350946125676,2.120562883188113,6.56762915222027,6.283478152462981,-1.9428461854423158,2.0983096830870207,9.905545409833397,5.866421752087379,-6.265119309223971,11.593047683989454,-4.449539985669928,0.5467777812935997
63.32821794486412,-26.578152164191906,-32.411601180757046,-47.69958671718341,29.207074401761332,-13.058471986923909,6.598571821155929,9.727675109023883,-3.5455684805348833,10.794508522019603,-1.1300447691633626,0.7968245285626416,-7.201890863940574,0.7572050284808536,8.134222927376117,-12.352456490964373,-1.1028984014908716,-6.53721112280998,-5.032535125555712,0.2403656623048683,0.5045981337893223,-5.83421966305873,1.0513264148879344,4.17905600067941,-1.7615545951276343,0.7510620330785308,-2.3209318053375996,-7.367461439191327,0.1839115807908565,-5.127489771598566,6.602609571960761,-0.6578247124987875,1.6106514319758785,-1.7090710977033179,0.7106436403771174,2.5770021019596068,-1.4293757188241865,0.703181738977209,-0.42672842268799893,-2.9951778509148306,3.475769867974205,-0.4586109286139531,3.843818211386536,-3.7427525670378086,-1.8968464673526213,2.942699373344731,2.5968042304125336,6.502852414668396,-1.8153890726009594,-1.2493746944242805
0.7609933641453687,47.480669233381754,-24.194508569434213,25.86204169344595,2.4138565415577586,7.337710185600028,0.2177525806682722,2.6202437296232493,4.375521074007249,1.3198728580821102,11.877145083348294,-2.3437016005956823,1.8890015254463184,0.8143141926320322,12.725831993171028,-2.756810192235977,5.645675251184144,-5.441624108997996,-2.8204002093709506,1.8424266356806422,-0.01974546416886762,2.9227047691613435,-0.6873576338711558,-6.323216388398495,-1.116481095723667,-1.4166603699344062,-0.46454469560107464,3.0224718551456706,2.20618633245224,1.5272656945103236,5.115052768483832,0.42008423911189824,5.995821359267634,6.563019420839241,-4.260574944314772,-0.585127049335035,-2.3457502241786257,-0.12676000731767023,2.4065163741665674,0.10862586324835984,-8.441955008020795,-6.902546977328549,-0.36041118165560065,2.235551476958283,-0.1430359392118517,-1.1055279168531231,-2.3395142267659126,0.38484255943362095,-0.8365537136011426,-1.6864132484007295
-18.73948775255828,17.941686102615872,25.763280653671863,-37.47172802962683,10.610853455860106,5.937314809553926,8.453644114443964,-17.944170723928313,-7.088829155357304,7.781073467205977,4.5707087592332565,-3.1861905692007464,1.6016367903230964,-4.100634487966025,2.8532045353002875,6.393580201943023,-4.83952640133779,-3.9436352762004603,6.242820597404397,7.11379772793611,-6.794480340885405,1.7760309301959802,4.1009837993396,3.5034090189670684,5.994707666155231,-5.6296661168217135,-8.216845305204323,3.5845210661138593,7.719306333117087,-3.809373020026162,-2.577477335621619,8.134149821433617,-5.72336106253562,0.6555468079497444,-1.4286322173931574,6.252412901506717,-2.3499701152827948,-0.5275427945198226,0.9282874698547549,2.2220128029360264,1.0003063152349643,4.906320135957807,-0.8968085583269044,0.2539032364973077,-1.9130744673121423,-2.804536711586091,-1.3980083290494587,-0.7411685259550908,-0.2942549763240442,-6.8193513522837685
8.045027591628923,30.604589077835016,8.355298925840065,-7.983082064283076,22.945918146661715,17.28211741345359,-3.8195405440141244,14.805397513846872,-12.084534127213054,44.41089629843217,2.9961068754160896,15.997240829463053,-9.772541134463804,-15.125103128411396,-11.365157519747315,1.961056079088557,5.60847915265353,-0.7207908202369591,6.818032425498967,-4.218883748592379,-2.020566462546361,-10.523468113315266,-2.341653586087723,3.9008909770683933,2.3870443489807442,2.856659815674828,3.7380110073220414,-1.3112062261284114,1.3022403063543193,-4.780653397490056,-1.0072698859326659,-0.023908538073755405,4.124493612145557,-9.307384372476662,-0.8491072469849652,-0.038909428062413584,4.3372010251825435,1.6595675967488694,1.019629871420682,3.070703469603363,-3.932942038962895,13.98577436265901,-1.1123566652100503,-8.643153780897466,1.3962743678462757,2.5679894582340776,-0.19363276324106163,-4.769701176080273,-2.4046858583154744,0.32224311811040623
-33.006566664236246,52.993338290649675,-57.642044419122314,8.893920379654732,-21.40213759914553,-22.202162750169396,-5.479752425338497,-12.82347006825387,2.4988312443632075,4.978620608408327,6.9567018420656375,2.403401799810256,-7.5878172251457565,-2.294671804627714,15.608908742673837,0.45503188081484985,4.969507862002279,-8.59544366758815,0.07378430695729796,0.07865501083928014,0.1985693168419759,-5.969285783191454,-1.9397598850813476,-10.774632689031167,-5.784220572347688,-5.264184633764341,-0.6569948560387524,-4.557858267510161,3.6593426908573234,5.192010847936506,1.6304755597198382,0.8378462513547007,2.382397625402007,-5.486717522338465,-7.785727891034306,4.776478599266279,-1.5913611554287725,6.05162627091049,1.1551449212388811,2.699183272997729,-1.909865647827045,4.815709647302068,4.199488317513312,6.577181928625624,4.293961923063672,0.633976889476089,0.9973090776554699,-8.385607968461644,5.591868122630049,3.006060816817562
67.66656436099902,-19.709162321299885,-24.88938411308619,-28.74055865160199,19.753456083201993,-0.17971997506169787,-0.5053678102904589,-6.98713425574005,-4.861161591899862,2.486452929055041,-5.383797261049488,6.410842107359679,3.9821803865700662,13.063549322426478,7.330766932875701,-8.019416926036449,2.1872017245858237,-2.6776127272012897,1.5621020184740715,3.6262278720946863,-1.903926740920992,3.1807037944851912,0.984819417649722,1.959938698725048,1.1328235826272641,4.168338206969488,-5.249170929145011,-2.735807623776622,-3.947539096541828,-1.6562172463754163,5.455103216215921,-0.310350578527986,-2.211826589010158,0.5558243816344535,3.1927774153157573,-0.18393986778114346,-1.5246564279214874,-2.7721890560233584,4.173598886058191,2.8041293795762776,-1.009136028581914,-0.6957226582934668,-0.49656351180958247,-3.4089563016635998,1.832140923340605,0.8552815704107875,-1.3894925026229716,-2.2396535111643954,3.0488799496443373,4.006198328390505
-20.981282968348026,-22.316771661991435,4.57230870874615,22.225559228183545,14.695142618606953,-38.70507500078278,24.27251659819617,10.051463156057148,-15.169847485150802,2.017653742561482,-23.07814166492472,8.159995520455261,-12.686014939125958,3.9063978567366924,0.31307226181026804,19.32005439807943,-6.883197272060612,-8.030695051719938,-2.399846291325308,-3.468575931887831,-19.153515638109347,11.450213873707225,-6.502506835353981,5.569965182489681,0.05238642792482493,8.883263766934501,-1.173642331299931,8.442544009708927,-11.335050502432148,4.154228336231381,-7.40186021320784,9.935196140859647,6.0046511397090185,-1.424881558277695,-1.140502748998844,11.180380992111962,-3.5184321066040916,10.079018689817776,-2.268297508578009,3.526632754577359,7.102937117588343,-15.293772068106094,-0.6000247038543287,5.3419836419649345,5.317759650734627,-10.455524118061046,6.992690161654126,9.360372526712617,-4.2841481173112195,-12.59343100650129
64.49868109776426,-25.803315054117363,-25.411762245855705,-33.906234514384295,21.552615053845503,-9.356135674335274,-5.359394087012496,-16.93199569048817,-0.35621875911621154,1.9579883487028626,6.9305775570086805,8.550019756647767,3.2720760874679997,5.780295667677987,1.6087222828417744,2.1480667401695093,0.5527854795065136,2.6144776564858208,3.543047167926771,-1.3316280487275451,-2.3963361413190003,4.445264073666799,-6.028232457984805,2.331530791672469,2.1990730007601975,0.11986128333633131,-0.3780374372497413,2.5440814947045296,-3.0105341620540376,0.34753999178737244,6.4558316783857395,1.1555879425649975,0.601869103245157,-7.264721340221438,4.825680541392288,2.9832383959877506,-1.7904625492645132,-2.6228405610215058,3.7557466227819867,3.0502899166397146,-0.4007185284492874,1.5715464270928128,-0.041536600870225725,-4.13467366826316,-1.7286553934371744,2.792525207248859,4.45719047955149,0.6171285541876074,-1.9967226945290841,7.487397769644352
5.877904429541656,0.11590847001276298,3.6101900527184845,43.277590423624645,-21.39845380701147,-21.572590063008573,27.154141768798123,-11.181301070406484,-18.149910710326587,12.370886818536839,-8.246963689017402,3.4970031274838473,-1.5655432505193208,0.4527792742149343,3.039190429969945,7.796693794442583,-3.1939624862297706,1.2913031773018724,-1.0249451071312743,-1.196509116689908,-8.595544284248588,6.432812801577649,-7.152983483673199,-9.703874092152635,2.503292949525215,11.75346005943962,4.252822734497003,5.734879625052944,0.7013527133027173,4.003951001876673,-2.8872745375520994,-5.3331222771230316,-4.353002991273537,-6.843574598101721,0.9858403052100537,1.2911412608027275,4.956066044949322,4.572324413373409,3.6945211913589606,-0.5545441142218687,-1.4017070951067525,-6.433310334714518,1.0867916937346338,4.682275306130366,-0.22276254661288927,-0.259179261206447,-2.4231524570020437,-4.9335915210872985,4.059945069477397,-6.378210153036348
-67.3711147098055,-8.850114164546055,-41.39760105342447,-34.23368394187024,-0.36405611284284545,-55.32003028328017,-1.4555837253793802,22.60678549798826,18.41790572650715,-12.360907660752687,-19.14024307998648,-8.794840372571256,-12.69238795156555,4.031442789054965,-3.1588605317403733,8.93269658050326,18.129629314463443,10.783705153679644,-1.9762033420434009,18.581862177263236,0.4828101537781174,14.890340989113072,-6.8079776702781345,9.05193897140249,2.2203178451719268,9.856278889825834,-9.79639677323179,9.190851387249689,-17.819021037024378,-17.651728008852658,-11.418046513866347,-2.365429679001197,-10.55910224824311,-25.459730324169136,7.2592561830966575,-21.26100259121703,-7.6580604228530795,-14.619546332841331,-4.854651175968032,29.755639405182524,3.4540612577073637,23.53768053800656,-18.371094599911302,5.540875229025959,-2.350841440588154,-1.3730939723231732,7.039787443916576,17.2498376352379,5.966958120729074,1.2127904107637373
-5.97375762535379,19.585936053109872,33.77022339122782,-29.39992618841249,17.485113924875844,10.922737039214057,10.453639093254262,-7.704123287081897,2.3716907799016576,8.695624476405566,9.12323218831419,-7.021677925494769,-0.16100084580420687,-2.16902811024962,4.047260891368824,3.9925359712874737,-10.79252429999348,4.39739487181256,3.789637476207716,7.194114541776974,-4.316820621788502,-4.767530698146663,-2.584297695921625,1.3215613574774776,2.934260549863231,-10.171292601728755,3.298677016667094,2.917472823429329,5.11684736487378,-3.8645763467834233,-3.159674659814652,-1.8241258198670462,-5.009668625491884,-1.6394975351832746,4.87002580069288,2.8700197579720452,-3.5835757418668384,0.5977808377663226,-3.8118450401795863,2.004249211676345,-1.557784163414718,-7.240590481619562,0.4354963402479254,-0.9335408844767493,1.2226857954516626,-5.242120844548012,0.2035465209378616,3.4245081960487926,0.591045216833579,1.2809343456672186
-17.455584298594843,10.917802573097802,27.857139748178746,-28.396377571426147,-5.929638522000301,-8.383623666257973,20.445596402075054,11.592134596891695,15.949380923412713,-9.64516999817354,0.9668417677887601,2.9399446899585318,21.895474063078655,-15.821765949222657,-2.2106663297973035,-7.9841313739265525,-8.905472174535317,-6.172312280556596,-4.447434455303528,2.9800296249783518,-4.6971387909092694,13.36972973455034,-0.4260021936711325,-2.8140101413203373,-3.0635103892144593,6.57654674258729,9.015575861135686,0.6501169563994729,6.023994371964803,-2.4718384550416084,-0.4896967266809119,-4.313599731276069,5.2657951196575175,1.0649567669534106,-2.485564545736613,4.069214754926656,-1.057833107496585,2.6156858250170743,1.8862813064190378,4.664983996949914,6.259051653620059,1.3652176054313574,-8.801068364385282,3.050475702628602,-1.4563946310130398,-4.221642949388434,0.6559378267191089,9.126445889677212,6.696663761475848,1.8022744548446548
-27.49064611481426,0.808106287989673,27.38764405137965,-47.84429165856998,29.91893435448793,-7.359928200456571,-6.479037857128742,-3.241480472505939,-25.212239150852472,-13.709068925172904,13.221393188304777,-0.14719371934982747,-23.75244508811407,-20.3048234677259,4.710431441658545,-18.629294331664905,-3.257221663319048,-5.011652933454051,-3.9414661764407795,-13.139691125526841,0.18757454516696853,-3.05370430254389,6.208741954655278,-1.9365596545763382,-10.797072911670027,-0.7254074032160835,10.691878250906573,-5.8767835271302,-3.37523822772628,-1.9315629116493647,-5.585488715207652,4.01477741102457,3.261920212443948,-6.370967222323422,4.536919911275066,-6.239332328107617,-5.072571798446241,-1.5274745787734039,3.3036598642928237,-1.1210968945020032,-5.257312939547344,-1.9208442958714993,6.522550199686788,-8.477548216316169,6.796422575047922,4.11633024993552,-6.429371754838044,-10.319964408268234,1.880548205983057,5.047665226504589
-4.999977162121588,20.047053610057425,29.493311684782604,-25.835461693131197,-5.29531837614207,10.479992538417605,13.918457695449936,-0.7340286375086528,-1.3616660376806178,2.9336123169589627,6.129521263327718,-7.560031646873973,-17.627852122001947,-16.16556923188883,6.505349182388363,-5.882238180677801,-3.421628827719435,-0.09654553924676663,0.23792161992148672,5.121259573623171,-6.555388115059733,2.458321761024229,2.881552032208734,-0.10012359131285684,6.839709479285944,-5.835116655082778,2.8763723855709897,-9.812430908944371,1.521061715768395,4.258551211491115,-4.294550378749744,1.0473365941220911,3.555399389667161,-7.220241886039473,5.7261217329007135,3.7336069655344577,-7.333074035926068,2.2400860992829887,7.171360404445321,-4.725568683440606,7.5948226098702705,-4.366276046641511,-5.687547323013467,2.188104387697028,-7.16499364721478,-3.826914625858492,5.758881819345817,2.438021686226293,4.688373310309103,-0.8668215353503167
56.958733270539376,-31.78072768509131,-21.60026468922921,-18.41838223717508,-2.3191097414757307,-12.454375469821581,11.557089369304993,16.597375887380853,11.663770811251283,1.6705454778598483,19.65307547084409,-2.0137584423576422,2.757988252548912,-1.7777616564955108,-9.54038927432878,12.863551207106223,-5.213759998301806,6.957107207435828,-1.4814093680052665,7.459644367459999,8.949941905119227,1.268913131634952,4.530484485686865,-0.9375884313684008,-7.722106906254371,2.857028651465557,-2.566865198988259,-5.179479240294462,-7.527310098247089,4.756183471516959,-1.6377626843721553,10.092053335709622,-9.074011566443827,-4.039133533802126,-3.455145523139908,9.94005616738175,0.5923844150929989,0.2697665358090981,2.234715015770952,-0.31277788962785935,-1.8580417405257545,-2.6403641186794355,1.7528543758010853,-0.2229958202529734,1.63495027892946,-4.243457536392018,-2.9185348617039213,-6.022718705508883,-1.2463672173230442,-4.6100888646025
12.062068226671618,-17.476083750867417,25.25866398902087,36.400523369882585,1.057028340974727,-13.404924507844205,-0.9534691698175853,3.1666009046141235,11.5409931177858,-4.961328518186595,-5.452552316520114,-9.767451653200805,3.570722400891361,-5.61235848009814,2.016755892408968,-2.054700893581558,-5.317812561916926,4.366900813468443,1.9098414946654405,-7.101865513695984,3.3280198064425455,-4.727682052304446,3.443149030569786,6.58017016028524,0.47885354939443475,-4.81987786140345,0.08093397604889062,2.1547613333413818,1.5715283583172466,-4.056403934909785,-4.970464743830461,1.7105784880978503,1.4255896337898786,1.264077916480308,1.342872539890906,-2.38422280745838,0.8284783577642746,-1.8047140658234275,6.743375319627979,-1.6368435785703053,-1.657243275169017,2.9263403616249963,-0.32479260342168403,0.5634678063222076,0.6812687102614554,2.726241312963017,-0.23468259390829313,3.814440581476932,-3.038736211569581,-1.6050615719371177
-8.789689416136158,8.695520375713945,28.897675945489688,11.039694815278605,-53.47049391251832,-0.008923618068956835,-4.910461706496609,-13.230738312914976,35.37110976256445,2.4853156159243013,0.9149788364044482,10.62928289527773,-1.1277631012718408,4.858686750862591,12.441519403648602,5.098848573194957,-6.6934510564114955,4.567046340159514,-3.1427197910113205,-0.9396532363782474,-4.709590083971503,-5.652171533184999,-2.9555141524401165,0.5200571962050365,-8.920236696092026,-3.4656935080557236,-5.433941656357996,1.5011469737051593,4.591499785165123,-2.7798922593830873,2.728652877421088,-3.046939985114085,-0.8699274012515132,-3.3832613266663345,-1.9359136454968453,-2.8124004187949114,-3.687747166892486,4.608461614078645,2.622304567401706,0.14755600077191905,0.10518782736081446,7.534038985342482,8.389174016282949,-1.2311463040836,5.266119757233687,-1.58906423026008,5.749455255852091,5.478016279897713,0.9002959575857982,-0.013756712010220249
-30.1494335552908,3.534163396382931,13.040732123415209,-44.02133339185938,-17.51645420856822,-15.337677457631642,4.174993467413777,-16.50114830445899,4.20667276354394,-17.662451632372303,-8.296743845474039,1.935522204766645,24.949287047724344,-2.5325747830292658,-8.128382472354653,-5.662712438063131,-1.5751681151005423,3.0056030365985036,2.269083002183388,-11.340764272800376,5.297373644920751,11.120725993480725,17.175913544110568,-21.314557349629922,14.690674431607617,13.370509982069684,10.057433761069724,21.1237543599172,11.978735485787821,25.113479887694336,0.05307348753388938,1.96350770197847,-3.8537302723653517,3.606603279881108,11.764966774538909,-2.890781888235688,10.903430021467729,-15.740945243992577,-0.13101418881370927,-12.033912230892716,-1.7272507016264091,-9.90071246105699,-3.965018306545122,-11.779156119290057,13.361932707341355,-5.8103985607749165,-3.659216107645259,-5.113740310882345,19.019167060095512,-2.8669641087207576
-54.356447889657346,-59.60373501658487,-26.074357604344012,4.3426651023056175,10.934802876282538,21.840696337054542,2.048328630418094,-11.978377930479422,6.4528186360234825,5.850682186941922,5.639331377505015,-5.017866226676514,0.502667880549841,1.0535185946934988,5.75531162571349,1.9818934399029053,-1.0003460903131296,1.8252043804005054,4.691235100178372,0.7774420085026464,-4.382135424167602,0.7190313070766112,1.0440730942708998,-1.0307044794575546,7.230200908112257,2.714869337337856,-2.5051067764912633,-0.5687515811020111,-3.900244188830546,-5.621030931910582,9.431537634562316,-6.741067847911654,2.224801268008255,4.628481815657186,-1.5429014503541052,-5.958900032180309,-4.382982106503792,-8.204831187031962,-8.815216607486995,2.0681927280445525,-0.35503880188103465,-0.39359898843800156,1.9167970089880013,0.13598549322995468,2.704973130800522,1.065625126433931,-4.55083756771734,-2.6486162550468912,-5.761076851665076,-0.03961830235697491
-13.208721653142002,13.203958336081836,28.8669458432078,-16.54897133128508,5.3794741343885,8.805164862084387,-2.3381285518860007,-12.004249996875384,-14.81471485056699,-5.956830574281463,9.013416290631863,-8.692325113279406,1.000558758251184,4.997809242523429,1.2146988311791396,5.396455018777331,-5.8991415774380345,-3.8723325828899067,-1.9982902738442314,-0.5922104854933286,0.8251418038039534,-4.418328783473853,6.296103212532237,1.6704217656497327,-1.9277512977548306,1.355194906635261,0.1664462061609563,-3.516700913016164,-2.279912677717822,-3.9164690029528098,0.7444230145307295,-1.9170006899303857,-8.572779219487325,5.307116230458555,1.034134481555191,-3.844946472376515,5.187075408062978,-2.356634228299217,2.8837519638007807,6.030219420931376,8.508832560153865,2.6628183800557337,4.300176175988648,-4.2012395948584125,0.36421756255623083,-7.263211553274287,-5.860476623479699,-0.3441805994781129,-3.8355283687556367,6.581338706952294
-2.1523603318385858,20.669897113184934,24.754597716581532,-21.313431596669567,13.828400861362844,15.965485729519202,2.514397885478626,-8.9212203198503,-10.58626709551698,-7.206506903782666,-14.136035249034702,-2.839280713680028,0.5362943435416895,0.817926826994178,-4.682570525846829,-0.674612366962871,-0.17109007131194082,2.973135121522485,-0.7668376194079819,2.6402011088540247,4.213996312542452,-3.8545624203928326,1.8349430078285556,-3.002315078074547,-7.457386557229637,-5.711560461541665,11.993563024444141,0.5302105786652106,-5.180545750082574,-1.2180923918204267,-2.4964935481027313,-1.5638373511790884,0.652051023185788,-2.0200542456526227,-5.229272443950216,2.0826523565171238,-4.023605356921023,-2.2273134029338375,-7.796409129178285,-0.43490224804050387,4.828701971270878,-6.2659846524416976,-2.5992045049194017,3.4907274863478106,-0.3872590065252041,-0.46883952899314996,1.03680319574468,2.9260203259259505,6.597823337654418,-1.974560823501401
-73.2415402681796,-69.07556909596562,-40.651866243807845,-15.290222623126867,12.107099299383975,11.31414575966665,-0.6955919570939266,-4.643234454800626,-6.5677099462291935,3.4975215257123584,4.029273964158139,8.989649117605454,-3.5336059852014716,-8.14655383141192,6.194310625648175,-5.626237867204856,-0.2873076837340559,9.131814889766021,9.899650898355699,-3.5655305884772757,-7.455771566692648,3.9656758807649903,-6.766419014127084,-6.468374249967226,8.344525139440115,4.238219792564508,-4.972413090079991,-8.936685507474822,0.6566556212706737,-0.6723966441269237,8.009891023521787,-10.871953872123346,-8.129050966016557,-13.29129647609735,-1.7701228880931357,-4.668198862201805,-3.0635124948888506,-6.098851303115974,-4.738827437242421,-5.949746032428184,-6.883585208091419,2.7920543715218207,7.14384124546748,-1.2311810157675072,-6.298609569142438,1.740330460170171,4.652773401032359,0.35067529821567867,-9.955023755042253,-6.8282810353535455
-10.460227306394001,-37.25536068651164,8.446675851568756,-16.86917350957275,23.817500134814345,-21.662587896490322,-48.71053283399522,-16.943049397288508,-19.702733517001615,-31.329478401945437,-20.84839859094596,-8.72468984432461,-14.47950917283818,-29.351070840369417,-32.00048240986222,-24.93235079298974,15.903936199860716,-28.90150438500344,11.434404861576096,27.016883096044396,11.934630817102047,-27.659402882035316,-25.041648423371996,-16.12202192990934,-12.928940477461978,-7.2935199679019,-29.443465273064927,18.25209225435761,-7.913937330903668,-8.60751983666334,8.983655548406116,-9.70053096000352,-11.73503296181455,15.580151385642601,-20.608161007419273,-7.279294552365062,25.333213793771726,14.768739421141392,4.449968096428397,-25.957886890262976,-10.205227393224812,-3.2006654032165947,-11.30701189324914,-12.463393525410833,-3.4773923529324593,-2.730182385874642,14.757104206481443,19.136844778863036,9.085475631962405,-4.147153551384385
0.2166081730327866,-20.599128027913864,1.65968627088444,29.345230395369168,14.839551175251936,-21.192981530958594,13.162453433610285,-3.338521739202049,-1.1906443838277956,-0.12726125154723142,-19.815266585274827,13.010522540648443,-3.224345484956763,-2.592591042518447,-1.4906441701810458,25.50335783695586,-23.091233077346935,-2.61520884529362,5.271021939412496,-5.933846236629027,-2.6211142975399464,-5.481294214411999,3.3809992505476028,-2.6026568270972996,-3.7841751324384227,7.425267255667904,-3.7655283224712046,-2.1781276553384634,-8.2042027780331,-10.407659201883359,0.32765817173230743,2.4179935456528714,-5.238582990123273,-5.324192034048041,-13.647545843340666,-7.7396041491045215,-4.141559953946683,-10.672143396218818,10.417992067323468,-2.7539315635910198,0.5242244695173041,-0.7573341478098633,-2.515336745571782,1.588351679515463,-8.30718113856851,-2.378831809826335,1.3968115261036476,-11.113583501418272,1.5034442829523145,-4.584149248523492
56.766939483533335,-9.612763042264396,-16.732377315081266,2.63817025907687,-31.077519987755746,8.39404623956567,-3.4792686563204547,-4.373898648629357,-5.925476376559282,-2.201845488810666,6.348177605502404,-4.347558672901974,4.430012192533318,-0.7547641772627245,-2.384130995277294,13.19681344203966,-1.643915093232924,6.556598033982632,-1.774452452664884,-0.021789661491312062,3.1758538922788575,3.4662276472633176,-0.023588653927903786,-2.7067927538370355,-11.289310551306743,-2.8225593729356824,2.220205215644107,1.4340271282528316,-2.4534331262360842,4.27238347537412,-1.1459564730050444,7.1910730243283645,1.8738333758892642,1.1268311821897794,6.521091136835808,6.954561539599582,2.3237868771288377,-2.9483594891377702,0.6316413749939386,-1.8907650762939314,-1.054620199431882,-0.1269633752533253,-1.187254150425144,0.719707867021588,-2.1310479672834295,-3.233147682845841,1.570295783442804,-2.3262235837455285,-4.784488118234074,2.7847269296703328
-13.923340887869152,-29.904530056465855,19.2084454452927,21.78423726521107,4.371528094504826,-35.09203897599907,2.501808083048439,-20.401969951321583,-1.0963926511294573,-6.089796809631694,-7.289207511543457,-12.481152714669514,9.73556639219448,6.9505759485322125,2.805483388777944,-4.070941994706549,-0.44580206245121506,6.5974942256618485,5.491432698256915,-11.361271803266442,-0.9993540117649218,-1.930804186013706,-2.874949871140834,8.551435038851206,1.5510646384491675,-2.963903500129049,2.331349072047064,6.593975118360567,7.2555570537827485,3.6861025556991502,-12.409793327273574,1.3329660801845253,3.625053767794229,-4.864750386636114,3.1109552925981387,-2.5811691499260885,-0.30341863996494833,1.093523776806572,-6.547464973705559,-1.552872872935667,-4.74243127432847,-0.6100648298706796,-3.7286900407509904,-1.2364493702689447,3.7743005656578372,-1.9693570790829482,6.795884670380638,-1.2572216433721377,-7.080177907564338,0.3301349273515278
-1.9216806007546348,3.773701854841138,34.47448448183733,-0.2565308731241031,11.982551969017402,3.797304038939277,-10.33939081384096,9.752503579189726,8.403294485737867,1.33220766518539,5.326611558569671,-10.723778543443602,-18.897166193907236,17.387853662691228,0.29665167893157957,4.707266510986887,-4.891321775024569,10.707776325303076,-7.8811927226752,-9.985295116603545,8.090409643711384,-7.436416561296209,-2.089865567669623,-5.911881368251488,9.699268962331628,1.120636614394394,3.8580820886671443,-7.626823039495481,0.8761984235973066,-0.05248050687713984,1.1680418598369646,0.8977439536264524,-0.11027127027550881,4.546844893835144,6.079318917082208,-0.9474495251837769,3.741367389451595,3.748976947907979,3.152597456878702,3.089765874430564,-2.6296905418932295,2.08285006498168,-0.8781517160424792,0.44880565920917503,-3.019308556740139,3.1191089289743874,-0.25373580093578724,5.114720165662713,-5.989182768534769,-1.7520703179122026
-18.487824814129628,9.153262863081666,24.327551801036094,-15.890334743061423,11.771396027869752,4.420358000261644,0.34415385601559667,13.186777189478784,5.801629551087101,0.9842657843871423,-1.6036912499529465,14.415994100970803,-0.7727148656727711,1.4347574992601992,-6.0495694396825,-2.158182465593752,7.675218202446013,3.907682564912481,-4.188732550515171,-12.316755475721202,4.835997251289551,-3.853163355502548,0.16775303090242,-0.3335673642758172,-7.919095051558781,12.703814040093468,3.7355431887893764,7.1505296221601675,-2.1034882372753683,-0.2166175145384358,1.892877139956878,-3.7868798523455904,-6.577034263454302,0.924549197909024,1.206929995845612,5.570299249439337,-2.816059018670609,-3.6402710358101125,-6.946172620644796,3.257678066704373,-5.589346665176547,3.9100959056226547,1.6839041699279138,-10.663528439080588,-1.2486296417284173,-4.905845222770849,-3.902954833004113,3.7272374919814903,-0.15329141552732556,-3.5622006241375526
-14.035270323146431,13.826009546822089,26.06513349102792,-16.529358035296184,-34.87264615594377,7.504605416327738,24.353921369066054,0.2198978324149607,3.049998501741762,2.6198461435154465,-2.7198601398819515,1.6478849314090385,1.542850573623455,1.180797103247254,-7.662577137982707,-3.4053405669240036,-1.0702112525792709,2.731502628428083,5.805171275824002,-2.6679971981529307,2.711550248591137,8.513379918374328,10.808718919895993,5.9413287169191,4.306938283356534,-14.471212961042355,-4.0237176014205565,-2.025355449514134,-14.390637448089244,-2.5132027311203697,5.505048292206144,-3.5669450749688543,-4.994667663956146,-0.17398908450205458,-1.5042594316577604,5.487179555743634,-8.346374318622733,0.05672069041403102,-6.058532920126291,-0.47915212414271985,-9.689320051394139,1.4474253049604655,-4.235391030185137,-0.4306216460983262,-5.8082036640051244,-0.29292519085984897,-5.25017567283326,0.7064222180946754,-3.173417605652439,2.2556418837696133
7.332438829568033,11.961743832500545,33.940105727509355,6.891385242102092,11.675076686700216,13.321767746751545,-9.889786973443567,-1.2513793543107834,5.583499871222188,-3.307779662981556,-1.0729383773935677,15.340133975487971,-14.636594696671356,18.133001483593006,-3.78312283725753,4.101090511725847,8.885199705431248,13.154497802903652,-5.388971911900678,1.8605847486327158,8.45596182862868,-5.146364372744052,-5.342537097724678,-4.112976266818252,6.949399446565931,2.600280903217136,-4.464955650960396,-5.075205498081666,-0.3719327869124109,6.113011106292532,3.4094431399250453,1.4089969560495679,1.1159314752866605,3.4713274100262694,-2.0013062901184724,-2.5063079639603223,4.7016042504622035,2.816735157848504,1.8390914013452402,5.122559664280941,5.181176270470488,-4.933738888248772,-4.200685012073865,-2.9463760335495244,5.124475292876107,-5.163643899877065,4.415058531974078,5.283290597138083,3.198019095528322,-1.8172199647003133
-4.466915689485531,19.931367743154865,25.451757453847065,-8.694508475436649,-1.1703796546837935,14.741270151500705,-10.078890396006818,-10.150660230333543,-1.3356957430586256,6.102337065017269,4.682996835785183,11.891589371849955,8.48211442055448,7.066772946967446,2.2257221458029575,1.4142421298234693,4.236365467852717,0.371448048404388,2.4776466557743837,-11.225287086865817,-6.489037326533931,-5.3797560193239855,-1.1334493313851284,-4.439578715571966,-2.1890389267297183,8.737945422837386,5.2657523349570505,14.883631647263883,6.48403235368465,6.313282618616777,-4.881127646108003,-1.9519944793467456,1.1161328822735512,2.4082749334418745,-2.390365962301185,-6.178500547547994,3.8227307719554244,-4.793664870105121,6.7397035573203325,-1.5431228929139162,0.37576001649071095,3.5116385233752156,6.003843510913831,-12.391403901735943,0.9491872370834337,-3.1568497736733208,1.1787603677177898,-5.579786097162076,-3.0792777607641395,-7.824894192432132
7.143440779347768,-31.66281911643287,25.035729320003433,34.06361912362186,10.774206996618723,-26.062153484412452,-25.307048000841476,-32.06338309685368,7.353018510475591,-14.362959110028738,20.082546061413936,15.337220052285117,-4.853510703659346,-12.237394042235293,1.413977927889106,-17.699879310816097,12.58398482272579,8.603958319121801,21.330944554180377,2.2426043492884515,-13.67820284716644,-1.3458338331211925,5.862485066654487,9.429606611445719,7.215402259680103,4.061321536771629,8.316455559651988,5.987615633219356,-0.7609613943420889,9.661287282509925,11.147786324683631,-11.660284282584456,-12.34493689258607,-8.690060607929084,-0.2613072182300863,-0.5881882173908446,1.3299232861324701,3.4087260742822,-0.9817150673479668,9.102588707339589,-7.266025806209842,-2.901129276600863,-0.24490292881623593,1.1791792885494763,0.7084174456297068,-10.401104606243663,-8.710301902449642,0.4557772246661151,3.920385674463558,-16.05775962720809
-5.411452044122256,45.2060931905455,-30.860312016388654,17.862781611397327,-6.119975153958454,3.34727090452561,-11.247363319532722,-14.939960742136499,2.7209017260991586,-0.13245925155613594,1.276704557965902,0.7128666519426601,0.42238174681914425,-0.8362880704918916,4.939036222214925,-8.48224212770254,1.1558358561699191,-2.4931740922110914,-2.867376563051374,-4.971085690310679,-2.404311330140189,5.367560551329732,-2.603110683137706,1.451265003316881,3.5452461316044768,-2.8840143127893887,1.3906481894561173,0.7815006213895743,-8.431682657257086,-1.601918201774086,-3.0025099578427716,-1.3087344609893192,4.746160017545327,6.727933861923719,1.371199713090131,4.02175794971504,-2.6468614781686433,-3.321382613557868,1.384909008724536,-5.083851495756497,-2.264382605259861,-0.8477223691309154,-0.4041972214040294,-2.1926303011306607,-1.0621934127636465,-0.08461799363644061,0.5819194490360654,3.9533486355239975,-1.7526527238311924,-1.64256117980192
60.877129243401036,-10.468493060641947,-17.04067942144427,-19.619168822982186,9.409967882394072,4.161269778147247,-14.854600450385385,-17.692313306573396,-8.198369794198127,-8.255908175032744,-10.140846008233426,3.081745145566785,2.017263086229632,-2.8837466146959523,4.867875968391137,0.1765188455332468,1.2665261700938473,1.6322390804287383,0.8142705633178634,-4.749391286733407,-1.4321806111493576,0.5098290337183957,5.290492921588572,-11.484208904758065,10.751985183118691,6.543965979991961,5.813559779182206,17.69606273133166,5.748412242096487,5.323163100357559,5.427163301141045,-0.47787672695659933,0.22873012723437908,2.9256373211324873,6.899779097013257,-6.959095758711675,5.076021832475666,-11.300196278082208,3.940012786106497,-0.8574622067558642,-5.107693275917165,-0.3395012884967102,3.0964226738710785,-4.183409114933624,1.0503868873803854,3.32417914695576,-5.859466707960225,-1.8890076693906122,15.491139743599996,-5.241265892720486
61.44896753487414,-9.874572025390682,-21.69063563551574,-12.331603762642454,-9.319963818067107,10.34923546473706,5.668670410559074,9.121503848116866,-12.464365681795558,5.104242203110472,-4.288347236890639,-5.685322435089294,-2.849233276292534,0.8775758602817333,3.9232363851425553,-0.3214614901745803,-0.5805041519801835,0.9506746210737109,1.385792369598541,-4.038066651203786,-0.25842205290517983,3.8066108271626504,7.815122063964617,-1.1701590157608752,-1.3091620885972972,1.6846995317965343,-0.33014995792516044,2.3229180877468507,-4.400729243595423,-2.3966915385078065,8.40540550252878,3.022315004831989,0.8965513715913386,-3.3066955599271375,9.53741165428392,-0.6145696049541778,4.135527106025938,-6.0204024893997925,3.2372187558968326,2.58407719852798,-6.695893079106439,2.637579604014577,5.189526940276904,2.6361039329800118,1.1724013376554334,5.009763860694525,2.5862178554358604,1.5733732253297394,-1.644079644191256,1.0432043655104066
-0.6159097283217565,49.00070639460557,-38.15255528344289,22.646195756225573,-25.234656595785324,-2.952432798402079,-17.08153781033225,-21.702147211677815,14.100903449361084,1.2744366588976037,5.367859611702285,3.5188572838510166,-9.895108500973759,-8.419817074452325,2.395124682279141,-5.32479899772127,-5.941156942223242,-6.947339985439481,2.9110531892754157,-7.323713221968499,-3.636080354867566,-0.44599708460945947,3.081595969785008,-4.817225938074778,0.06960583618028766,1.547268728717897,-0.05761800060990963,-4.8199784711539495,-6.525142723175456,-1.4761225780328786,-6.024768562767602,1.1558687513356252,-1.381843044426579,-3.047526113125453,4.714966976693484,2.7349446698371995,4.200717780887671,1.0191267529526433,-2.212991087093193,-3.1823545704455767,-1.8311021951964064,0.8836409526248599,1.6679357515694357,2.4077526418242514,2.1629095009868102,-0.61361470606874,-1.1156628711573764,-1.1198754706936445,5.390391372809656,1.5160657541241873
-2.36023110407357,19.955097790137096,25.066186054164465,3.4857833056588725,-34.774391023067814,20.444244725797866,11.306333148146038,-3.9846289741163057,5.547812194033028,9.474645797066064,-8.054611597854896,1.7198907668346772,4.022442256932012,9.13000923360734,-10.213401424869101,6.308523922200226,5.1564153283536465,3.6101502071137554,12.358051620349936,7.968467665051424,-1.4990830975094152,0.051439091491005534,-1.033130909485022,4.183570781977623,-1.6758704009597571,0.5093906004297375,-6.878783772228785,-0.5790256464544772,-11.213307043200402,0.9345901347598633,5.063900552993979,2.463440179179879,-0.5736782897296289,1.0191184046409518,-5.65765032019367,3.9726509462711834,-2.5780542996813463,0.45773869877158535,-3.345431016841201,-2.7808531402462218,-0.4778895999862898,-2.163239529968516,-1.5970355204575697,-3.1947152391862703,0.5871004602167605,2.1421338786704753,-1.7329659918746603,-3.6014725176485762,0.34256963291565695,-3.722693897720649
-20.763746584086423,10.24408737440587,15.75912294167713,-35.93181111934023,9.247103412498955,-5.048877155142595,12.267985165725122,-15.96290848416943,2.8986388868573294,-3.6701756487831947,-12.247915130913206,15.46980381538928,14.153175476795804,0.4376247865488622,-8.312878523585118,-1.3360694291814692,5.817324146725268,-8.647664377507184,4.556437254313069,-2.6330261882051684,3.8070231053147534,5.301660283789778,8.904227731497786,0.2901797506670898,11.572767855122642,-9.52632914922773,2.581205019417922,-3.5545526660115296,-4.122735191514487,2.9040843179179405,1.3246458101706555,1.3584593983209587,-2.0572188089479218,2.6368419471313427,-4.554927372764333,2.856839798299397,9.054127211990536,4.395161906270239,-6.238324722174046,2.514083164002584,9.803368911844048,9.19344904595859,0.2631958406974715,-5.04727952029852,-9.15040513815055,3.343166273623008,-11.89398103774328,-5.708601751303074,-11.484069386503869,7.887527604787845
-54.49677588160947,-62.595464160099176,-38.9247764939058,4.83970944118631,1.3051544919930598,26.122484915443717,3.0730396769842643,-11.800104357746715,5.575802007836179,7.190707761974206,4.321532459958274,6.895371571535955,-6.711946976106697,-8.149119560969734,6.9526870710228295,-4.131590188008055,2.4655397354195707,11.57173964478272,9.450373620560798,-5.258487633346768,-8.423566565508542,8.479101678181744,-0.2437820325701216,-1.152850069946264,8.554377907364518,6.445911805565205,-3.0323567335332346,-0.08125970891970273,-2.3317401828760427,3.651780043440287,4.649181893610881,-2.2418838411191753,-6.180516335399109,4.9661411972276035,-2.9896437082562173,1.6992785792237037,5.2325057907597365,-1.911567837077228,0.8874034484161433,1.856912612986801,3.7645529321179705,-1.1902707519278233,-2.680857163778473,3.249701636099696,2.2953823845200185,-0.5059709953576893,-9.537995187116575,0.6648141706574187,4.557128917018177,-0.6294596355824067
-74.2496271952477,-72.95678075510993,-39.26427132913751,3.412922683354772,-3.152661411253448,20.985450865672163,7.839330934826209,1.706170551840627,8.084123927262064,-0.09703463438981236,-0.5006715997871045,-2.999543974500129,-1.712058167247697,1.2013884093843425,1.6735643804101288,-2.5778766816613072,-2.457839344384473,7.919212977747514,3.9901168795850457,-2.7613568946875526,-4.307840404522308,0.8740709543893895,-7.412826778606832,-6.230934057044471,0.358270111814059,-5.152677157387527,8.836733134940085,3.7113913339491624,8.152337240954738,7.787373895175648,-4.575397179785897,6.504461197993639,1.8240822474884417,4.240013813313856,-1.9833170874056705,-2.499846333091215,6.019813172042899,-0.9570795553700066,-2.8324066776267856,3.8356804879858615,3.849769638688515,2.6119991127998774,-2.474775935748999,2.82711758807336,-3.37903986801981,-2.0618799545581816,-2.372188686436092,-0.33449965234847,5.884418116590927,6.522123023031249
63.21542483496122,-23.694975771615244,-35.54119220584858,-33.54431925968283,0.9107743015527839,-9.450771614425554,9.910124703952176,6.290458495434782,3.975853844576126,5.125743855663383,2.992442898085118,2.1103923089685654,4.460459030822406,10.307795619357002,-0.04442481714282628,-6.16142955536488,-2.5329083761888866,-2.2551096067141945,-2.9755698089934097,1.768174061952781,-7.230012795855432,-5.052074691086051,0.0850573870010123,6.30091895950237,-1.1117942339916382,-1.3606125041529606,4.114113189897796,-5.178552758217322,4.512907485576309,-3.9059006400233836,-5.057226095955488,-0.22747782614937317,2.3035280231991893,5.398748696865903,-6.631077070274112,0.7335999837258796,-0.650062149510836,1.470434381253923,-2.440382656783527,-7.6680501231194285,2.6390404457269367,-1.9344273723974956,-4.278306334770239,1.6310586802530969,-3.123606765421524,0.2144834869144913,0.34195818217370183,1.8454212049146004,3.1203139111205878,-5.667585803013969
-19.572669602575367,-30.102207124084607,-11.802836879635505,16.701878154542577,11.957621138898928,31.045237905667985,1.0366166793002969,-3.1958022731765943,5.365562927215471,-3.691663327470026,-7.742959218990032,-1.6324710227363446,7.305753274767324,5.512460645269653,-0.702051694023071,4.472103483583752,3.3979640326968674,-5.797186817701117,-9.765953417427863,4.615829015468159,6.768507564318217,-3.952817485626075,15.648148638474444,3.8840705192023677,-1.9764370530290132,-7.176891859835987,9.589247901045956,2.8524287225694844,-3.483027167152094,-1.1329357884029616,2.9804489282671414,-3.0675971267249107,6.303364955285205,3.282325197697743,4.452858077874709,-4.615924806165221,4.095167548071666,7.342522262989297,-3.7440010716845067,-2.582389447735152,3.7284342057889686,-3.5655793455575937,-1.1538255697784299,-2.0335408598064353,2.4206421446759427,1.4163905986296776,5.401795834448144,-1.0640747051088812,0.7963190796608909,0.3501410027794495
-9.248894717588454,55.11220654628432,-44.94468355267159,9.123528865096374,20.96903883505316,2.5301675250663824,3.1757877291762324,12.242176306960143,-5.327261407166954,1.8547322518835028,-0.25530600991456825,-4.81538118337716,-0.5719667937675517,-2.626008667918853,-1.6663276704196899,1.9553715153934916,-3.737828640288626,-0.2586564335442516,2.5765763222449767,-3.3702653630310992,1.4344958877420135,1.535712336697228,-2.032361857373221,1.5002377597972885,-1.3016551733574173,-3.764323437801309,3.8274142665206674,1.1940707832492612,3.565214126614298,0.028472175955710954,3.757643414309071,-3.2965894975194563,2.0359176361667877,2.3540787561394567,-2.0414454264647333,5.471789372656003,-3.1920071446761433,3.5778951089779776,2.61853461409709,2.4353229164700165,-1.8109430526156494,0.6956124591638235,-2.887620870947886,1.8517755972573529,0.9796628109680474,-2.1085460431426575,1.6346891704546678,-1.7020319239074149,5.336892663415117,0.8532672340332542
68.50986689025291,-18.051781644959064,-21.557411710868628,-22.036692653529215,1.3056039659326215,6.127649350768673,-1.8740318620320267,-3.455250036628998,-8.823554118057139,-0.3694527819055439,-19.86600577007252,0.8577655674496755,5.577298826036656,16.19798667034687,6.242601174634291,-8.211270640104317,2.0479502887674323,-6.278096537146767,0.5383118442340576,-1.5280163367042898,0.21753855092751934,0.013483345742966458,-2.932082735808647,-2.5801586403603305,6.470585869462327,-2.5368308114705553,-3.549926144509598,-0.7950427394694263,-2.2812598203413468,-1.8483887163733843,2.8888592953841528,-5.534256979023873,1.4809860690144332,-1.5288631443083067,1.6182581621895176,-3.921116405575472,1.1537357388339742,-4.177722571953418,4.7033397730956965,-0.27001940778474215,1.0643859455953908,3.419965948837813,-0.5614458019665505,-0.9771990991429934,4.745143869810256,-0.5065536770531249,2.0527481236568286,4.178603244874681,5.055471372487684,1.118346787047937
-41.77171560114068,-62.98976778078322,-11.543687246456225,3.820054156032948,13.151189383277947,10.831059762887032,-8.944569846881215,-18.5148122958625,24.3320447589216,-10.39087448734738,0.5610084628594181,-17.399893614862183,-2.413958328756089,8.757820759633983,-8.016459742849507,0.2874517868780203,3.629670651950093,-19.980113301454512,-9.58578420893087,10.715265295239695,6.084427926398612,-6.026589281842743,13.008933424176377,7.1623316574077585,-0.8595392178202212,-1.9570948441682305,11.957080532309773,11.508729491204779,2.0939787397578398,2.261480556621273,-12.263094065786138,-10.854372628793204,8.387071192759725,-8.646976255035145,0.6350715311061046,10.572540072877917,-4.184831174208133,-7.54684372765257,2.958833928450663,-3.287569206631436,-7.189042611009711,-1.324142283259686,7.331748621533379,3.4385871428999724,-3.699028916971632,8.328224971915096,-4.906128069426666,-5.279275404038701,1.846653890516546,-0.9932394534192754
63.83306651042532,-18.32137758399041,-24.1625167079846,-12.767666463005154,-35.090880912378815,-0.6188218857811856,7.451877218805198,16.354418386254373,3.564468522556925,1.9156541628027615,-2.6197768858892534,-4.5606254081641655,-6.668689606877029,0.7031675721891811,10.13889944875156,-7.98004584936223,2.8762617406220077,-0.09658890270600518,0.6962045772668327,-4.89656791006301,-3.9834456929136706,1.1038986076726838,3.61910834004689,2.517072601728164,-3.539978576633863,-3.861794312992157,4.65813060059801,-1.3387691439238256,-1.4796271797889988,-2.119409006276719,-1.2682879632145239,1.1316178273272988,-0.6609643176743231,4.9821250867340465,3.369459931811594,1.201526695310651,2.9181636799673933,-1.9038105031862165,-1.8724561317108883,-2.6231483849984607,0.538937458157293,-3.5885216622222895,3.200958682628892,1.2916099869152446,1.0365972090083106,0.48545090337783,-1.3743515976756895,-0.9919403348468229,-4.891732851406406,-1.8346651309220354
70.021331440802,-1.685861172075233,-16.924485435317756,4.157479421449067,-37.123922862815796,18.421346075947206,10.992089466337433,37.61511473869376,-18.443044162989555,-5.807006582384413,2.1401638023333396,-1.8370154982208833,-3.9027987645445017,-4.6038656647378735,-3.5309131777845617,3.17020277586746,-2.7064236322973017,0.2602409252884248,-0.5484743027625405,-5.383803237355583,2.8877901331535543,-2.5802433842327708,7.549933559412506,4.8449056900613945,12.73382645476886,4.486631053020111,-3.207560484007664,4.559888179917439,8.972478605568716,3.220081521731401,-7.655974748246056,-1.1354658650128997,-7.130528976800165,3.738732188967932,-2.877727130602873,-0.1933731136863173,-7.15351877684881,2.6219556189617284,-7.3217735046953525,7.494920495842514,2.178447657868947,-1.3678416988515825,4.67378656573355,-9.396585438322093,3.8367984706236533,0.836664477896323,2.687419668483854,-3.3748863070496973,2.4772594694983465,-0.7124308550873076
28.600298350258882,-6.194687677156134,11.266311586602962,31.61422119509644,18.044836876523387,-12.492644206567109,10.661721192479748,-26.129504868266167,3.6437082706372586,15.180923083664624,-9.378107575892116,3.984807736683792,3.1720657596595965,-5.1095999958969545,-4.626146189094731,-2.6234664023851852,-7.850991305164624,5.845927121540783,0.719230470109492,-2.607271834452344,14.491051169779603,-6.444946959162703,11.463640724649235,-9.018252520853883,5.626852824708104,2.1571694162808397,-9.573960998549465,-2.7769827694880567,-10.087093056506482,-7.468008739994299,-0.5142019656037017,-3.403568720265384,-1.0175643535139465,-0.9991609612328037,2.7282207025834833,4.744336499491123,-1.5468762978898416,-2.2390646367748857,7.740718676018253,-5.396605825995355,9.234600596841663,-3.587624717037193,8.171939138797343,-1.6202003635152662,-7.327120254582686,1.3484953029996158,0.2628042671462629,-5.439171172185056,-0.4261505038830977,-0.5984150416144095
5.531723644078313,24.412208374226427,18.225245658440915,1.8045166753909698,-10.180263351649137,20.318972907300488,-7.707362840620859,15.28018090929029,-12.600833115215337,-3.957514919743624,-5.846782915341303,-1.3457399837095887,15.540460900390366,-0.6455225521175714,-0.23542841515069673,2.9024368919431613,3.7462504316340404,-10.120691401242423,7.129540742667192,1.7715939939015517,-2.7442778385942797,-19.730488209260436,-14.238541344037465,4.1958340886641,-3.365431597485254,-1.4863970275916714,0.7484831826317709,5.985768822215765,0.6950688593978877,-1.50554057942269,-4.244597428045978,-5.488316574980323,-5.29156523383364,1.3736341138523738,5.096869904652226,2.579288210153634,-2.5311139548878967,0.4105384480818613,8.670276785568307,6.447578864268859,8.333774922154184,3.546618756789718,2.5915369241782398,-7.6927193642347245,17.822531401793185,0.669679829370082,-11.158169496087226,-6.6724537173909955,1.4126113083873424,2.198460331111942
18.133846517255066,-11.868453204231182,-19.454245691080594,2.233148852347751,-1.8992301008791042,-4.152234735552297,-2.6554457283252253,-0.9917770184354848,-13.24198424609203,-19.46788597519544,17.507255182945887,57.40563937763464,-24.671404583410553,-8.112119721537033,-37.47317876833149,-1.0357986008986184,-13.958332450560633,19.6589241001811,19.023726521159293,25.65929285007089,10.098933797468709,-3.1283382127200525,27.471453711209072,-5.10605495472214,18.32543634267863,9.56398512063768,-25.351299188614593,10.186952948657005,-1.3999416080170861,3.6658300068831475,-30.243647287814483,-21.961394202101456,8.914391539978777,32.30945877360736,-1.6560030568539799,-7.249508882937679,-12.811530304155706,11.012704125064213,18.640159426937323,5.711117779581199,-4.5862381082997,21.581145553279757,7.540497498446631,30.7268375445128,0.40666785316106463,17.64104483284358,-0.9028380218188524,2.7773995717293016,-0.18919622111878226,14.13808736403934
18.41609080952446,-11.804992329681806,30.415728689747926,34.61943730145241,14.738715540935774,-12.349755273301263,-12.252682001050763,-24.0612181201978,14.231349917830913,-8.264358390909544,-2.9992345375234795,0.7856491938250526,3.100330252333455,-3.2169152849296823,16.67739249255904,-9.96233810414198,3.4211766866051345,4.756941240164784,0.5494907598894616,4.736407597467502,-1.5981682744932155,1.9921680689050463,-4.759005225343164,-5.805835660620771,7.376991175692679,-4.2311146521000875,1.9529335579365732,11.517487840312455,3.225744920581313,-1.6705534793577435,1.7104436112016144,-0.4580340267571679,0.7172097418076714,-2.92582925280552,-2.118681645584761,-2.4726628433202196,0.9209047311131222,-1.4930662557487233,-4.758559318317452,2.1910886335807978,1.9936269535732296,2.3816248370317132,0.5107784247477194,1.2054479396940543,0.6931409040412169,7.074414686510253,-1.6236898109188553,-4.286100202999379,-2.9678503133109273,-4.563835300287785
-49.345647034912425,-45.99477593541454,-33.7320726316557,8.890700491119217,4.296910402443544,36.3559831022999,1.172177362188372,-11.491927872616005,-11.4561786168223,4.227289005055008,7.001282949291099,7.936285015562563,3.2247045134919063,-2.210789584292525,6.015006681686027,2.279412260659963,-2.854201635986438,4.3891398116786915,-3.643281116616805,-4.104120194387326,-3.3824220128110674,-1.7665386308003832,4.570528931607292,-1.0731450484133176,0.5868269977718557,-0.13589488047535742,0.949712641143192,-4.015500462057104,-1.4308829703311818,-3.622509649563775,4.813379967273196,-5.978621769203331,-3.8012974737217653,2.6764514765890266,-4.125196979386685,-8.630094974088948,-2.8416797870124695,3.5229774261659146,-0.09596366618516086,-2.3111979826342366,2.4118077144946617,1.2195268280291782,-7.044074303441533,-3.561417383877154,3.548237160755374,-0.29307733437066125,6.946725446899626,3.716488531819273,-6.469136212415314,-2.951583461975674
-34.69229871058579,-29.375715297106883,-13.094643058347867,22.703299916852604,-17.191209674799627,-34.436941211997535,22.685872079316596,16.850533070527764,-29.004347625515365,-18.211059999027885,-6.466063131570595,41.01647100755552,-22.318885954558294,4.303793308852123,-8.72841936033956,5.14215449329367,1.4718220022167774,-11.269488188330573,4.461875477942486,6.448777125952555,-20.934400989656545,-0.8110261735872965,0.7482937941382916,22.842090626022053,3.4874395832302336,-2.9440907125498508,14.073905747727487,-0.6888479217168527,-12.420108505144135,12.01433392154498,3.3530328532796667,3.6673042404092353,6.671838269542441,-13.606551929568962,-0.9033406655025218,-0.9513169878787681,27.848201609377046,28.528719106519677,7.873029540240166,8.93149526388686,-5.170742100415135,-19.107303871075743,14.947605206104095,26.97381291690943,7.895068220283384,-32.84914782801232,11.502170214696942,17.282216388914943,1.4575249580026854,-8.577299753366681
-23.149261387854093,-31.712388416019262,26.424620815202484,-8.73007494612717,21.681522337664433,-27.95387302819374,-41.960427249598304,24.6642451839393,17.630317349114854,19.7428946812683,0.1053871687193051,-5.440133285188922,-6.0789890594508265,-0.371592957995778,-3.4567237931282766,-4.27476822103105,-5.279565782952495,-2.4291893442912986,2.082316203994039,-6.234239160627416,-5.277726235569531,6.812420621820381,8.666857559415089,-7.227148335316726,9.811218008885586,1.201075751660053,5.340408152839236,-2.7044263479547705,-4.58904029622693,6.514617827287417,3.7686968990817977,7.004625516904767,2.0361917461881385,-2.0871713406321177,-0.517492756539607,-0.35970128252175887,-0.4581915800692058,4.8985651261053365,3.274884314801181,-12.15781564916434,0.29380129789888787,5.406433146713053,6.399363841497033,5.54820394748849,-0.27978485844989254,7.1666102212317275,0.689760381386424,4.095067453799767,-3.552295782915209,-0.31072806942525427
-0.028168690780970024,16.516268202357644,25.406808718427676,3.668222403385681,-33.43039480147202,13.687308818452717,8.947879103420501,16.49599356312054,4.650697150163434,-0.21486649236129368,-2.947174935622065,14.366732527097637,-9.12248121380588,-11.621927754177117,-3.8370300903474535,-6.758354002501244,12.664868520361948,-2.8021376885901637,1.3371844354788442,-13.066386477979332,-1.3436000876697312,4.290013246037107,8.074055685876317,-0.7973118860469508,-10.61647336484854,6.478546005126503,9.364967896258404,-0.4186656695677304,-2.1743810782522788,12.566389537484296,2.0777078535062743,4.76308866535898,-2.786704575009344,1.6320013484785936,-6.501859605993043,1.0211746902706687,1.8136873461306902,-7.680510604174115,1.7417847909887338,-1.2168843057026897,3.718021931574258,7.135349392979998,0.13407301205197927,-0.11357949651670611,3.2291547744212377,0.11775523088580447,-0.33480409954142315,-1.4566089304156817,-2.943608527207453,2.3977365061759275
38.58552468610593,-38.80965591446081,-16.94199527978964,-20.23860224149828,-0.3985748351825168,-16.083407371635023,-10.644600529647189,-13.793613585203191,-0.30630269814812644,-16.516123281469085,29.275614896396238,5.820459693085203,6.384941015917923,-7.49692989998653,-23.832977280699893,26.140692491362792,12.61892404685148,9.53746899974036,-0.6239903608000363,-7.754491166833545,4.702541040308406,-0.5824286925037765,-11.4940140263791,-0.6489622163335962,-1.2160118178232187,0.01752787317802539,-5.611844631374189,0.5002501855362826,-4.737544503583424,-1.3620946813025014,-3.4321010701490535,4.561441318798499,-7.699970553937333,-10.312524153342993,-12.924931644186037,1.363324559793371,-2.2569394081072613,14.935738281831306,1.4401270591522128,-3.7309054282129894,-1.465514225091641,-6.742963379989016,-2.41151217789638,4.385045863482984,-7.379426931737862,-4.349418416188772,-5.523791703567765,-9.232735299506334,8.124820039671246,-2.6876174703831857
12.140926147332074,50.688305183363,-21.327763510803074,27.05801513169406,5.752005438233943,16.915381185831528,-5.074982414667185,6.024429444837395,2.915419391091331,-4.759291759946989,-6.544017557446134,-4.4461134025964855,3.33688619465521,-6.30342453880075,-7.678602675398052,-2.9568352068461863,-11.73382081575189,4.051200667038506,-2.6013864817349868,4.621206942384806,9.008017502216166,8.475830864938251,-12.376205791350568,16.961228345281814,7.706058243399109,4.619648150527063,6.095845479478345,-1.6540326219814732,0.09905443314159362,5.698479580028863,10.0532520417549,1.0188420089214818,-2.5653986696689626,8.36865357061979,-4.707831482670401,4.180341209462135,-3.6537721144642052,-2.5255004083267885,5.069706183562202,-3.963796014100684,-5.620535658731612,-2.013509850786498,3.510409290396604,-3.1015653751708374,-0.6723862592311104,0.15611460813453354,-2.419612735789582,0.3963477210213294,-4.794121842385012,-1.5629705750006369
5.615496999711475,-15.133512348080371,19.41102771893375,34.1197575129634,10.521640097936901,-16.13856456472695,0.5247948598375158,-12.811611942575063,-9.044789747309682,-6.767538749237799,1.1328317537157981,9.486451373434052,-16.240235977702543,3.0195206445958327,-7.577062433704024,4.578180476058945,7.180877704865501,-7.9053612068868,3.414544684468393,-0.5825516228390554,-5.702836203325011,10.185161474854485,-5.790884371083863,-0.9230017694976828,-8.443442254145559,-12.884814199395768,7.946411760117745,-3.4024538604029155,11.431460382830924,5.276167887834595,7.880104281257302,-8.589841634150844,-9.999274548492421,0.24262153274104375,14.909905085614398,-1.7193367583340124,3.3168247974148106,12.837383799613944,-0.24353239503271745,2.806169135174533,7.681695734200658,7.321779860816326,3.573382153867559,5.897079155042052,12.82606267747847,14.915141415169378,-3.633189219849108,9.66549168710547,-1.3810791013835721,-3.5960902163769086
61.178807333145045,-13.242815637333821,-23.823366934217276,-21.261160497328657,-6.884592198399097,1.1799529739082013,6.716247581464027,5.065620191892055,-3.4010527110472677,4.799994456619458,-7.528305410644273,-4.22840146081812,-5.011718600765573,6.0281686856853485,2.2163148921165465,-9.442508244712034,1.4895175210508054,-4.040599053573543,2.3112193283246047,-4.328539078179749,0.33754508430392227,-1.3402375801463982,7.064846064101507,3.198066180038007,-1.1618874432261024,5.646170529957673,0.38652566695056423,3.718786920081854,5.555791577886534,-4.811819041768334,-0.46513687802593834,-0.8143522390776609,-1.7171763646944154,3.905771501461264,-3.0550281738880254,-4.244090500325914,0.45818265885217635,4.031814299986082,-3.113342853837735,1.9712627381945125,0.43772346681520674,-2.9675920942805045,10.210049790682973,-2.854564148726197,-0.18838223321886677,6.04842848545305,-0.36527565397663614,-4.7264091352670885,0.5246662064739954,-4.53612876619693
59.387700854823734,-5.051155976476969,-11.009557661818292,-0.9360260346149093,6.342421213754336,13.799208175866138,3.418818318998379,19.170301961424556,-4.597502163091537,-3.6831998140306776,4.215740720898366,-3.497831389170244,7.031475543488632,-6.129773015336855,-5.177070654378279,11.335863487871345,-6.499338526750625,7.265523448946755,-6.711084978939883,-0.14277892287500507,3.5662819718244876,8.168715883436525,7.496501958268511,-3.5063499606947817,-5.260847679959126,0.09687045468576203,-0.003969506012119162,2.1842866390651885,-3.17259161245513,3.028264696965098,-2.4323880501488775,3.6190027224360897,-2.7398433507676745,5.957329073251965,4.292294678312081,6.6238311868566795,4.033262654060398,-6.472646368311337,-2.5645070353110353,2.2027920267193504,-7.780478168935173,2.247925214529549,-0.3349328970882455,-1.6079063481798506,0.46381822307506565,-7.404694494217218,1.5784609866333636,0.4643851407535365,0.1310247469265252,-2.1617416415572457
49.257885950247335,-22.330031745103536,-18.45232049647729,-13.146509424425393,-27.257810774966725,-5.381681512132535,-0.6898214808207587,4.797186856538988,1.9503500671755258,-5.083020314901286,13.931836556123807,-8.87658007389026,1.1816055612133525,-3.5694912938122325,-8.41108292103746,12.622556253141658,3.403385201739639,2.669381876427207,-0.48303164345551525,-12.166443555135421,-4.186230877821068,-2.979072397866431,-5.442352032950347,4.73907536316565,0.584363255173476,-2.944829730963346,0.42513231176700544,0.9865011482997775,6.986703420195846,-2.5061401283643576,-3.815489575321272,5.311871974107035,11.543786298923076,-3.5551409521427737,-3.431635161747399,-0.37950078793408515,-0.3745033168625066,6.163473843226926,-3.4830342669492387,-10.149064182085121,6.495988232611683,-3.4501226645991623,2.840637153147656,1.4339827458066288,-4.41135489962487,5.321024669556895,-0.6812870240510719,-0.05314582262011401,1.450468572923039,0.42861779174814146
13.44664834258699,-15.253600667609206,30.02470645607358,41.36739552136102,6.859545529791064,-10.998710490711744,4.033166081236219,-18.729570078795906,3.974772272873016,-6.145585250746618,3.0632820348856176,-3.6173311500176095,7.65869196256884,0.8789159600791995,13.474512929157767,-1.9000307313135238,6.374821927514284,-3.7773225432348267,-9.859527142428712,4.824939765956141,-1.6120884881929334,0.5363851448970466,-1.5377742754276507,-1.1659408136691263,-1.6515889952019742,-3.8467446466161923,-0.4299024783229623,2.180641322749148,-1.4823971308099504,5.6172359233009574,-1.9832272918801521,1.3656863312430314,-3.678482187422802,2.0856448041574183,-5.399788549430065,-3.6993897824213535,3.0172041644511824,6.310557576534423,1.1175435928261004,-0.8446683419120709,-0.05540245698482557,8.374480270987027,0.43517100639100065,-4.989083865503271,4.878474340347027,0.7708040261615099,3.054775754056367,0.1368125195841682,2.324721719858811,0.9678969723356027
-31.38668376731507,7.486849414357982,22.293372806047312,-42.75822915109839,7.757253336539645,-7.4912372269668195,1.8617462831525053,-15.646099249144688,-8.019370714668291,-7.015133347695355,0.29071841152229866,-3.533643646418612,-7.233723602580027,4.751326178974887,5.895539042456921,1.4206197911755984,-6.036474978815583,-0.5688424984799573,-4.22110953789068,-12.635103066669874,0.9158880603966875,8.373503966607966,2.560803242372311,0.14106082097559328,-11.762503137642387,-2.8314305102998287,5.283967103447508,10.172993439035366,-1.671300010994075,0.10789580037496141,-1.5973136974453874,-9.149908410379394,-1.0434660658727033,0.24907770990409342,-11.828136670016663,-11.039626426972129,-11.907536574953042,-1.0331264743065096,1.022610551462612,2.903169214972833,-7.8611025484501305,2.7692242565578855,0.04089864065023574,7.939534811847184,-3.4611160042267968,-1.110042303278187,-1.027485757813062,1.7090354685095606,-1.3063912027401567,2.550249511928921
6.2456761741819715,-15.411956578592623,24.01663268763962,23.71908607852173,27.9905205199913,-17.69477978901456,2.689362209505936,-21.719720822384673,-9.062706466276948,-6.477210434909798,-9.522811452733084,-8.791188045276966,4.069146674272988,-1.0343463033344462,2.212048026896084,-11.025694793759966,2.918152046291626,6.7539591181800755,3.6237574718749297,-1.9165229446474525,5.223984190590161,-7.476451822155721,5.828733877172613,3.801246862260426,0.28657614576780505,-7.744468042609699,-0.2940801425591331,6.251409401263098,3.5099386914466,3.0512506905641326,-4.555903293612052,5.483884509378325,4.2760439890385245,-1.9950157642770254,0.37975560367854655,1.2306922831870712,6.005021673419306,4.553388587918037,-5.799198092078264,0.04251162826306932,3.578092451186683,2.786973118351323,3.736169348677532,-1.875163278402219,4.82610621653323,0.2940105403110564,1.3562921333928686,11.440790207475606,-4.69268681572853,10.521467251389039
58.91226796803106,-21.15958205855607,-33.19596897320092,-31.028408679707134,16.84789682353434,-6.36748610925964,-1.1287023820991258,-15.67445225178051,-3.090994652156082,6.390261968810735,7.3565584804560995,15.397994463050136,5.943038317731941,12.323721256360965,-0.3130916241937257,6.024957265805832,-2.7994385300952795,5.0167781566049845,1.9014092428697311,-0.06953620875700374,0.5641198011222569,0.28355157014759996,-5.853029272987738,-1.5048149146898913,0.717844179351111,-1.215557047930563,0.23510836411769423,5.39737106975464,2.7083664354606487,1.2124487854504336,-5.61259402529762,1.4174330222162081,1.9794211647869446,1.623529225018251,2.5389981997214055,-0.20520261448504337,-4.496160036774669,-1.1799490599392475,4.742669242765011,1.4584151254882654,-0.6961652088557005,4.387798655595121,-5.616324246277743,2.402218459484416,0.2176809475839201,1.253340257657086,0.736455333166142,-0.4197760866557595,5.520523939820571,4.428217630183611
-6.8858496661784905,15.279083342712614,24.125839480486633,-18.227663958055285,10.10717941432312,20.37066829130091,1.3345931767495143,2.0215288709373063,-14.968227842252093,-3.7673421117032264,-13.945516010800178,-0.7318066042869813,4.935825948027512,-2.815991607672125,-3.656080972114972,-1.4085464311020297,11.386244714846153,-0.7832123548881108,4.3522688039792925,-2.628233875880216,0.8555900837044966,0.7540633872039776,2.076508572874688,-0.9128655036241746,-5.289900915639759,-0.7418204374264655,-0.7205300626261435,-1.0349460126620555,-11.236045109170153,0.6493476338885456,-0.8908774350735654,3.887009253576166,-4.983640896170147,2.373385044454663,-0.7658696406684655,5.8748323820013315,0.6159545690543281,-8.269118457603057,-2.5700394286022274,0.9972534781730039,1.9058744818993272,5.000165198375962,6.634779599143298,-0.18688719167086834,-0.8188089815553684,1.1126063022516899,-0.6522085171011384,-2.976610290556403,-1.1811501180706796,-3.5540233093151525
57.56312965282324,-22.65221857628119,-9.088239367984672,-8.028151382213272,3.4538259815198566,-2.5499538957429655,-17.246912203257747,-23.718885450533957,3.440243993550765,-9.137131205979763,9.968715756462196,0.6497464270917672,6.122076865762333,-3.0435140755082877,-3.422790722531983,12.572158577385698,6.821178755087508,5.528817334685286,3.590760094488374,-4.73808979184724,-2.130407852559594,3.3088498573219702,-2.3227662496375348,-1.2216544886401202,2.0607100711489164,-1.4688125728431674,2.107512069605738,8.719993262048494,-1.6997166489444075,-4.228164892358298,4.535205284423689,0.1491042711691417,2.3386723084620624,-5.48352839713514,1.8825408575212668,-0.42991631891058746,5.343509351388059,0.49536665411968617,-3.323507167586646,0.855160047906011,-0.9862337110874335,-2.8609212442676193,-0.6903975715554179,6.799053815917854,-2.232690554864973,4.643318971818098,1.137732686306421,2.7649532372528878,-2.1387080961378255,-0.042643746370027255
1.757800181357645,51.76709684510628,-28.37895826309689,21.751440168205974,0.015737757754887588,5.048704268010904,2.49983244635851,8.139558431766766,-2.102798608238488,0.7418168758676829,7.998582065220312,-0.8615393093485831,2.272355465718742,-0.8201350374156893,3.304337648917325,-7.90675192565446,2.59929868089934,-1.7294384205984812,-3.6166507468707576,1.580911053261367,-2.743837196356424,9.196648928100954,-8.49493293063968,2.1673087407764475,1.8629628069102044,-2.6040020093917056,0.8905070896128673,1.7129971339140222,-9.998594029692866,-3.8011310751944274,-5.60973278956649,-3.4266088143232385,0.49968668648607534,1.6055379803540344,2.672838584000635,5.0652434348654625,0.8275425080098928,0.8903438705411721,-3.7249963256597747,-0.8273328594723688,-2.114067519899779,0.9647487761709821,2.4891805756851033,-4.957232917403,1.4768733980287039,-3.014244659031593,-3.374065743352362,-3.6793747577798386,0.2629890110025952,1.1361655142479377
-32.475605476802095,9.613457885652403,14.161764481610858,-44.37068412213163,-4.342160823372512,-12.561192224209936,22.593896684464564,6.616508127732201,10.445300911757794,-1.420853127291988,-24.183361356852615,10.085253143575258,17.739377685519965,-4.6158574939257795,-13.639762781497314,-9.513718844742188,5.4729777006765845,3.1634081383135064,8.05973558471179,-6.44155572505845,0.05240476162022007,5.4007529295745975,2.4550130136825983,1.188975324151418,0.5085664974237059,-5.662340475883783,-0.06236566263167254,3.601135406864943,4.653092167556918,-4.006176487589563,1.273492176047961,7.50961928206836,1.5364149110363161,2.1138122427185255,3.6808645372042244,7.278384012864353,-8.586450932370916,5.788763805278692,-10.465042232493692,1.9446003611398444,-5.139624215424031,-2.883217947539085,-1.6874475743795978,3.361466262876366,-11.945147346259692,-0.7517836705164045,-9.711383383151631,2.1697243683123233,10.276698106616637,-7.520063966797532
-0.7968664357154409,-15.19400957955874,17.412700542632155,38.28747604769633,-5.394513744174128,-12.671588923541071,5.4505698571820345,3.921602023263473,-13.000155870250538,1.5376377262062528,8.1666562043288,5.202782211774605,4.531603375928288,10.057033591899396,10.277640554519929,-4.211742276858724,4.14143352469031,10.563327593367182,3.3827725705821097,-8.925025801959286,2.507301476506301,-1.3609996734103003,4.232073585546773,12.550244431527652,-3.271179405301515,-9.407401286139098,-8.900909562010753,3.81388376818549,-7.114551218922755,7.363583882097361,0.9968103451172428,-2.0023021269124324,5.302638923715438,0.6351871876387122,-0.5367814254171168,-3.9055452117038008,-12.235066120192192,-1.2556891764505627,8.209756645790966,-1.8590183688892183,6.646202948987923,-0.10572072981364855,2.0914241918117105,-0.02569320077727396,1.5712825700953372,-0.7207449790310625,4.79857382725264,-3.234093379722571,2.4896033222172154,0.12232187410921563
0.8720531512408379,-30.678883185307367,26.843566136167016,27.38672317071086,0.39933447080929707,-25.05246698712635,-16.171534478172383,-15.796046271384302,11.289417075921069,-15.195014862269872,0.5377957899711724,-12.884530540747521,4.18876139569662,-12.79610472307329,3.425381542533087,-22.42664916712653,4.912284774148453,4.778415977659164,24.75989176971434,-3.410353129301194,-14.641467119998408,-11.549948004297034,-1.0607652165120962,13.937499642558532,2.604737093571182,1.0030075115581774,9.476368043581992,6.686543521543768,3.509256298040978,6.953157945024521,-2.7588575186611535,-0.5947370818304226,-3.9612133226095434,-4.565872526748537,5.542527476542922,2.894132845067646,6.044923996274015,6.615095516718165,-2.5373453852608776,10.147730784562468,-8.300259126678855,-3.312974446481063,2.884761334567513,7.714634337886899,1.4149907570627238,-7.529024025736034,-9.934489448289503,-4.61728997845698,-0.13224653262168495,-7.893846576849115
46.58540054188794,-26.604700409391125,-28.79831514293,-27.507192988960142,-6.019362776124522,-8.72095461999837,-12.80228199764261,-21.277040980510012,-9.760380961983305,-7.960158406217371,4.673313462551252,-4.290357066671918,-2.9826587419698245,-10.698970765331616,-6.569601610036585,15.699115685573409,9.021139580264677,4.840063413268377,0.2260793131721275,-14.784826789041215,-2.6912409401513613,-0.8295481617678582,-4.95168958609768,-0.10175468648410402,1.582597310985276,-9.93858750856429,5.361803600258916,10.535364614738047,6.607199505333673,-7.0089968838655725,-8.766045585686772,-1.0250191093357306,3.0188876781087894,-1.6895686818144442,-4.79375417864346,-4.760439851612752,3.4090201458153064,6.269187235863932,-0.11035281858743547,-8.1919028943695,1.922688386698558,-2.8526404186576375,8.421271966170435,6.401466653896556,-7.512914799655132,8.617956350493735,-2.6362800881993462,0.30403683160008693,8.582705980583555,-0.713372990804755
70.88692122663956,-14.256506670708797,-18.147557938132724,-19.13129322273774,7.8749073697765954,2.7356240326408323,9.437458305708327,15.615402833784755,1.459203773259589,5.584844678932399,-3.972756586694046,-6.454591742154343,-0.5256987104020387,1.0008046555937231,2.968885298467969,-5.307363380391175,-5.387492919298103,-5.792800455296816,-1.7119158886361086,1.5704128671472417,4.112209225093632,-3.1409824261897663,-2.0213926147893373,0.38401600004237335,-0.4849834706890236,-2.556554670644893,2.934422216824314,0.8974062050468249,5.649760171454977,-0.5921515626051308,0.5714407708822719,0.09435917048446484,0.7019003747462917,-3.0758458484299176,-3.530237583013252,-3.671187412969497,2.0682794676672343,4.093989735583262,-2.612660714831452,1.283691939482323,0.2860721593828902,0.3774689651310217,-0.34766438322425725,-0.5022532635303466,-1.1132625834932026,-0.742027983213092,4.800958091890427,1.4575265642363466,-2.785815162613759,-1.346930746026843
22.066985795183818,-3.90785829574653,23.852344820983472,47.61396043239437,-5.4599892283315565,4.927634606395522,13.226110703758616,12.82755394198711,-17.773701949009343,-7.197452960790061,13.401032612599373,-1.030591775220644,-2.199904032176034,3.8041668579621954,2.1070137352791063,-2.1580999036362747,-6.740071970499195,10.024737708514516,2.6495299001199504,2.331872779362706,-0.0856600038715307,-3.1988541594126083,8.11250292535611,1.2582708379940455,4.025788869388636,1.4961903502733098,0.037848268687436716,5.586930112074955,-0.6907811396028998,3.1527985947623898,10.761224107798455,0.2589510584786147,4.448398903257283,-3.759236748762252,-9.582363712636875,-1.8346318067903948,1.4729624435653241,4.095572791145127,5.07498454806927,1.5370624659698238,1.3050497819355018,5.781151421666288,-3.739517264637033,-5.027519535445916,4.479821492574808,-1.8560049185543435,4.219280385702854,3.7816443955865453,5.017832978226005,-5.289404162563461
-34.640406938118204,-41.11578065204616,-14.61447144513621,18.12360428244093,-1.7523752658849843,25.108337092308428,-1.7583159163390283,-0.8728867248570767,-15.923832291135813,-7.793497699542754,4.663100406133081,-2.4689086900940764,9.049128970533948,3.1758128265723027,1.7920497124118062,11.285976825883926,-7.621047854351739,-11.712671296045562,4.518345529038298,4.464912193961747,-6.629897333605899,2.2278775361856904,6.773862232924491,2.91363042721078,-0.9776200788096954,-1.3637806535426449,-6.558918636297583,-6.4130137668773575,-14.10980514749314,3.0246474398362553,17.53396129514633,-9.499579334443577,-3.6682174567396646,-12.442861950958887,-0.7158356476758196,-18.028500451562422,-4.347952488602171,2.8648317121192846,-10.885048234708995,-11.839680811801838,0.7347944994231408,-3.915896807706011,3.4469632129466454,-3.902360593507247,7.2376860017725955,4.6771185838453935,3.7139307925851806,-7.17108111261561,-3.8954294771788014,-3.2682800779135297
-19.170854118845128,23.88972038900426,-23.530897972012436,-12.693096119962913,37.477124860194166,-6.277843547206057,-13.198455093545714,-0.8450417376376574,-10.212413890820477,-8.35443341906407,-15.438577177095992,-10.358014290890173,-7.38016162712313,-6.187462365080536,13.107693520013898,8.697250102043387,5.472950535732117,11.71877499683526,-1.30932728009472,3.9486044940301466,1.0532582880644727,6.64473307489635,7.353367013788647,2.3653727481091398,-7.18348504082058,-0.29992862802421294,3.044369095540459,1.432351995960442,8.727566487828671,-5.363195611027235,5.496848116266447,1.7105339983949759,5.087130366828444,6.5910447842171695,-1.9686557066485542,-0.02484618262397482,-4.526801218094741,2.064628915269111,1.8314571729416307,5.403412797081821,-4.028233373284839,-4.329484396017182,-0.5135937462425882,-3.06949795072237,-7.40837214900819,2.684688099172872,5.110592035547502,-2.6362229184983734,-4.521445464321573,-0.8462528858285444
63.56622926553079,-15.646518920390031,-26.734841155277575,-22.509414069174873,-0.34382935665143355,3.246708772791772,13.56776219487678,21.189149380043556,-9.33925380173328,3.7095978370977076,-8.22053238815902,-10.215381328212123,4.788603703695216,6.986077815494464,2.199419089570993,-6.782351930701023,-4.157105760687399,-0.7742036659263977,2.199193048691145,3.4715898526248057,2.6321435563746403,-1.8386784980851225,4.678428601588999,6.874573202363456,-3.650075935105082,2.1503028446466823,0.791659071621821,0.7445006340194892,0.4877565251613833,-6.762271342973335,0.7143987345317107,1.498286535817374,1.4960802996431393,3.7585261072290614,0.8491401200467933,1.1425578818154376,0.29104393707293585,4.970818134390641,-9.19125202804142,0.8586812494688516,-2.587421736836509,-2.9010403768720097,3.92264657041032,-2.25703677455699,2.5315557373384134,4.505790127211435,-0.7554032207168248,-0.3074919318996631,-0.5558399630528349,-4.2374980052730065
-12.66925221899346,17.849258851665105,20.87040180963451,-9.395674815555845,-36.87150327566541,10.29812111568604,9.259649808712362,6.878822076701669,-5.004300064412719,-7.267161979961396,-8.460944299553983,10.677808531037272,4.825600402343847,7.872692458569531,-2.2321158858075134,-7.010130707918346,12.587117908638803,5.053982080207082,2.5213902817204272,-16.068570494957847,-2.839067864281142,7.319396161860592,0.4599216382687264,0.4941802889612643,-8.294118633545287,0.11819372608007109,-0.24335286317652582,2.099113421269452,-9.558159129608741,7.748453223299369,3.151583355226969,-6.0331434695542105,-1.7166091659525995,-2.1116937747336717,-4.522010684534236,7.400624316529431,-0.32995447208411016,3.8747495145220716,7.2957262411670865,-3.4183663903466894,0.08557699962475906,5.959929812012291,9.720666858173315,0.4625912713073783,-3.498477735431447,4.886234720172825,1.3814223383573787,-2.365442260169638,-10.284976546080749,-0.30907358079640135
61.9153123399474,-6.743474469386105,-8.305128638609373,3.927221526271874,-14.99376924533073,16.846144854885562,5.765671203353697,27.890585831473455,-11.563350445619106,-14.432639547480454,-1.050878149868256,-8.148995983657683,2.8497232953731184,-6.850953325689833,-8.350032081579242,5.257963398538679,4.456992236328959,-2.178287808951385,-0.12974002643884885,-6.352640657311652,0.6954851682561178,-1.9903188766813595,1.8302455061538816,1.4962113194147162,13.971936574457855,2.845121474653826,-2.7789223801021086,1.6353220091048895,4.298127231761158,-4.615438932182859,0.8951531731231755,-6.578278749152211,2.7248970700432755,2.4990549717056103,-5.008284676624974,-6.245550748934739,-4.926189540440702,4.195071395634175,-7.759959242310086,3.2332010631074346,0.9810284855708059,1.2354588821806518,8.372027333892838,-3.5272137186217023,1.2563431602419457,2.487969015361232,1.1523162354662733,6.117300267653758,6.902846326950897,-2.006023236936609
61.99364094058802,-24.400560884740557,-30.000118834269063,-32.89849628897862,12.935262937805037,-9.276197280368219,5.698526385619925,-2.714960042972231,6.415151261468775,5.082844700193727,-0.9213551147607407,1.7205870429617476,7.30990233896559,14.175495528896572,-0.0775094306006956,-8.2823781129322,-5.0768753305914425,-2.2054664785583125,-0.16911508246288354,6.099632521959754,-4.56831374711288,-4.685126877688702,-1.2768438727314266,5.0498460780813845,-2.597746390178576,4.8225542267625645,1.0247265316765157,-6.615230454092574,2.974346797430389,0.7497026787059589,-0.882328287706523,2.2469267992453297,0.3600786886271369,1.4605306755442555,-5.3755936218891405,-0.14089551468017086,-0.17192725498939493,0.636401742128843,-1.02934101582692,-0.4849835992564288,3.3420692900437445,0.042133931111028776,-6.262844359469659,1.0064511669640834,-0.2906959127378843,-2.7423806325148923,0.44995390275667024,-4.539741686854,0.8253104765290918,-0.678795808554424
-15.554375831357193,0.015240343532410544,37.02727538109242,-22.27245927752585,4.568061027884223,-4.957986432111926,-0.3635459845366566,5.34253695690094,11.622908890056367,-25.577134903993503,0.9828765456458383,-4.050015229418024,15.55720695549476,4.929598363190534,0.49668536232900967,-0.13285663491313432,-15.267791126604664,-2.730988850778401,-4.214873530023626,-9.856207935853536,-0.24593131063687368,3.2233807105300905,-2.222116134652963,-5.094779091479324,0.3253852608133769,8.479121318273654,2.110676914849056,-4.161472073004382,-1.790073457692622,-3.1586562181938005,2.574595113238472,-2.7629884901711153,5.015390894457802,-0.7480416764572131,-3.041792215939183,4.936016696337659,0.687459844818445,1.2902151037073084,2.278266395760074,0.5449125725228215,2.876129201556781,4.586521675629873,1.566700409589972,-1.1688492468827685,6.466204113787538,-0.8521598240144139,9.25202439495196,-3.53487584462776,0.7007880304716292,-5.184995289902332
-2.5304786571036466,24.490980900193513,25.184307525853225,-8.959217386661495,2.88385503457845,21.05415531924739,4.444536603501472,5.760834950381903,-10.408344552859662,5.9353923702593985,1.3282355489817175,9.937657739043264,11.65069059454336,-0.3672739504369706,-7.686449193655983,2.007878522383288,7.535561021831847,-7.0698974256555855,0.16804280490055387,-5.565001585255461,-5.376134185842435,-1.999511135309166,-1.6506365629010564,5.019575069684553,-8.172678571208511,14.381086607316895,0.9308074938324761,-1.7956191266137647,0.5947437716526135,-2.508843740848649,-0.7959640316602077,0.4133707374625805,1.0896992925761464,-1.2896391214589842,-6.166212929950498,-0.9365236928747744,4.941066418217555,0.08575353873343249,4.077704726949427,3.1213547352292945,3.6075958081671136,4.540095519610861,2.1150129552633437,-3.3253699401712393,3.880383098536089,3.089879109570843,2.0123624462760086,-2.1711748996608846,-3.643309465534725,-0.07961659688982303
-17.48646292221926,15.630226460805357,26.05196866351709,-32.683417645134504,31.146518668309916,0.8060919497040842,3.8452450036154264,18.937917331899477,0.18988728008574451,4.0465553623767185,-0.38075756001983785,13.289120979132804,-15.243116607271999,-18.854828773984494,11.541744633397453,-0.0885583759532326,6.709328707575729,-0.2523171003076265,-13.862352277717807,-8.064468976380125,3.4243044160211493,-6.559755963811745,1.6975638296224533,-2.663967511918256,-11.402914849255671,10.320167736029253,-7.005408523011807,4.363298461448171,-2.9593670408483046,-1.2423754672018732,-3.7760971982632467,-1.6739056397229892,-1.1221659773940535,-2.466481768730366,6.520393843792777,0.1951229929738299,1.5484001230928834,1.673057808020371,1.1007095440559376,-1.690381975976845,-6.154227237201861,-4.510533806197153,7.942987767931219,-5.497554937197707,4.145177380353195,0.5612431696592126,-5.063982353458271,2.3646094733472394,1.803861248192905,4.169236833626563
-37.045405134399246,6.528533919378748,19.920127191151977,-44.64237181007097,-6.537744217206383,-12.331782145237733,22.48866319872961,-0.8753678919666418,-10.92030665841429,1.0185612677399096,9.164818943805372,-17.197720379311264,2.5352620087179263,-2.648156985050078,1.826550774588447,11.40657013305575,-5.167721436566484,-7.508114303381987,3.0072033468879087,8.639909921225607,-3.5293103138582733,9.054157459509122,-3.1090470740838745,2.277032217276227,10.600793448193627,2.551103511842506,-6.249421938546899,-5.82030106568424,5.8275078666060915,-7.195567335476473,1.0539399251939179,0.018534190503177773,0.5349179295158507,8.457994251656654,2.077478357735459,-1.004640129976201,9.227363748220519,1.3688442836024868,2.1280557593990364,0.7104709510797629,-2.7839090098226515,-0.06465638448227326,-8.783628822364353,1.9867473486111087,7.2522377200191315,5.598761507352539,3.736753541048203,-1.007525942719182,-6.949527814943345,0.4115881678557142
1.0460205427812508,52.921851498373584,-30.246065769378102,21.84509003368889,0.0956954409389322,13.908298667557615,-2.7639942666609287,11.163448589512951,-4.685328776080662,2.746569045413871,6.574648977080286,-3.7794758784787805,3.772765502699274,-0.603109924794319,-3.7011223835982743,-4.55347707572909,-8.50175227702278,-3.9044016172718696,4.168449324377383,-7.972706114859735,1.917183046430596,-1.14878631802213,0.7039856046221682,1.8034402645405887,-5.2416547340705595,-1.7458333211133632,1.168343587865276,8.515634697056894,-3.966512390957218,-7.577819161184598,-1.1380827993110163,-2.575694142576084,-2.2375698024867248,3.370791916104307,3.720408521837935,-2.1369053478981663,3.204465654418288,-2.5197836585759137,0.720558157843864,-3.2931436565793915,-7.615912764636693,-6.737514128287947,-6.852069432423241,3.688743681199235,-1.918321716143279,-3.283572321870249,-1.8420140084383894,2.5915975999617267,-6.13362348945723,-1.267401122761741
-24.189592963952364,4.885007904136325,12.580574250747823,-49.376108048009,7.301034366047302,-20.774335907297942,29.441303332009923,8.724257923241518,19.993303676477932,-3.736071079681673,-7.798897094461354,10.360302946295377,7.889199977160321,-24.00690492860849,4.238900335887079,-8.432456801447499,-4.532708784284709,-14.14970692968177,-3.6513371814308435,10.663876701866599,2.303841593886746,3.3126224472095744,0.6159070832611915,-14.983871847935395,2.11913550790442,-13.887513114317537,-4.882183467891472,-4.269085434613381,-7.228527365419862,6.0424351498916264,2.738477666034901,-0.9050323891899097,4.508445173565408,-0.660993222283053,-4.460282053552227,-7.678672519735626,1.1661073003874347,-1.9227458626979812,-0.01646883288439701,-5.23808374072254,2.329010383226737,-2.097251483467119,-0.05584664075603638,0.25311983948610667,-9.893970001253033,-9.117809457737913,-1.4866558996088404,17.024785114355577,0.730714557137058,0.586702540046547
-4.375056642810713,20.457836706571076,29.60106836749512,-12.078918610941233,8.057316797453376,20.910312068519755,-0.36525276586153915,2.7153207041679837,-15.85653416212263,11.453372682414816,7.592877608887567,0.8833635729358237,-1.0943302130973354,-2.2275869660340772,-6.452646501713762,0.42292180597007745,5.838245826192546,-5.690625111936834,5.84425654636605,-1.352515424307585,-7.310670974274021,-2.47378901978742,1.3906225253709918,7.491098218499781,-1.5439943036003148,7.873835785182768,-2.7867522835372203,0.6618856760228236,-1.510121121171556,1.5960376637164526,2.212966506148599,0.9702679827285248,-0.5191100578020672,1.0706907082296138,-1.2952798081345673,0.3792308803562035,-0.14612220783732854,-1.8115201002543357,2.032258797844022,1.516914260604499,4.790681824342282,2.376337504564808,-0.5599920158808287,-3.0985552520196804,-6.332688700388989,-1.4822015285648626,5.0302202501550894,-3.720498633686008,-2.230157883273875,2.8327435870147246
71.57248016065397,-7.99002261183808,-15.555295298437764,2.081315009762294,-26.742869026328446,10.286225730129498,10.998370038799816,32.28839412349984,-0.6502229170872635,-0.2859980777533876,-3.3280836989983955,-1.2014907554935246,-19.878928152841823,-3.727793902223095,-2.2888558205559497,-12.031182138958481,-3.942169778630099,-4.690026076848831,-2.998459530912008,2.1908395579241304,5.782674154123922,-1.0750687521535882,14.861363942401752,1.9272915088320546,9.718923040355659,7.365656414710763,-2.0366222941194994,2.982889100579104,14.176972888863522,9.137144423675393,-12.448161443987342,-2.906586660906445,-12.219284576080673,5.900975320088691,-11.400964996776503,-6.631633523894449,-6.751502457196302,7.347511755981312,-9.74618670763694,7.585363420887355,4.403233455154897,-2.445666301936894,1.6634547829052968,-4.169938924287317,4.3587845324158785,-1.504336455019589,1.1672564607108875,-0.6621044284990629,-8.540001339843348,-2.047912493841269
-34.30705761410974,-47.74625014532853,-23.594526281285322,12.40256752565055,12.716021012484223,37.02060927312212,4.663004888115026,-4.191954646943001,0.32639791419048914,-1.738477049649697,0.3220327232102074,-3.841524883114786,2.6719915359502924,-2.5333927231608575,1.755377928536355,0.7491705645816982,-6.451597040258258,5.748295992267942,0.7208605295619578,-1.7605141069624555,-0.6696033941592366,6.464660255402372,5.4396320556082935,-0.12655230298154008,-2.5942271492929883,1.1105442160002155,-5.21661766664609,-5.1808789501836205,-3.105246788802928,2.849696430577879,-0.20198898907551616,-1.9019536004798068,0.4942228169063706,4.6771425608825705,-3.198500913314065,-2.635403463903775,9.28755166890425,5.201118481479862,-3.2459836446453374,3.723818614367706,4.485347830022876,-1.1247136299261475,-3.045384142860631,5.394894068931758,2.664745456576297,2.6614090977327223,-5.157078363626559,-1.016867544268313,3.3773032507833967,-0.08071371334212259
10.529458520448271,22.045658561818133,31.46582954971044,1.9464660263868074,-18.37234212865977,22.098511794517584,3.2001717276435375,-15.892079761117902,15.561781241681878,4.598436176948838,-7.726103824383037,-0.589158913126454,1.0973180142469854,3.5093767694990015,-1.0576173526815638,5.646505162630629,2.7258927013754963,3.5860360053556715,6.124003071111777,6.471408854731983,-4.012908632952395,-7.529860973258186,-6.472706396812047,1.5846061524998758,-3.5145782769251612,-2.8491141564865075,-0.6326171747914888,-4.045783911965024,2.0281954863596057,2.2904133524109773,-1.7750032466725223,-4.015940722833774,0.13648411262873625,-4.430324801117843,0.7535553788965241,1.0109485615592322,-3.8762578669296093,0.39908671445226146,-0.7590092868831425,-1.436216987820212,3.3404899740919074,-3.8612643316525395,0.19114736034469182,2.8262819385342484,1.2851914973682255,0.4565536999008365,3.429676882420533,1.9207505278787593,5.192370545436442,2.0903188427135113
-3.591561908823196,-2.5758047706698566,27.02706320652078,10.93557866254834,-7.492706424762851,5.959420772699432,-43.00637042738586,3.186634024495039,-8.428157492438771,7.130251195965296,-13.310251368625824,-4.528126498726858,8.26445884887881,4.079856490080671,0.7148022128682419,0.8179879697032525,2.7416851664851825,-0.7935362434633155,2.350199231830128,6.045863711496691,-4.852352970186219,4.282865252782118,5.046698095003775,-3.2145468217582946,-3.257544784167643,4.428602833660202,6.205340877287409,-2.010087327466043,-4.726905436128112,2.9583869244430394,0.06285043294102993,1.503693049479721,0.7873999989308919,4.076718466416687,-3.410106639376876,0.24381216033688063,2.2483348289585314,-4.7412082768872965,-3.4233045457887425,-3.2905096531851075,5.844438309069309,-0.24313490860493434,-1.6412874050806807,2.2027348216104548,-3.4121618440642254,-6.674483868044769,2.6212587542119143,-0.19358015721375918,2.739097417077029,4.680488230977539
65.00827228061762,-8.79492938208169,-7.982650102154421,-9.994991710141278,15.656075705293919,11.625782367979832,-2.048058727383698,-1.7073433254382298,0.3614430101499575,-0.4982741710527169,-1.8708160247814016,0.6702522752746733,-0.9306921529605184,-1.42462480724382,0.6098326253469274,4.319671652311513,-3.4606537436302482,-1.8108762313230924,-5.771058442195282,-2.778280939537689,5.7470068666493725,1.090727422011736,5.023449697971362,-1.4340101045378388,-6.373260788839004,-4.548043901587766,-1.7842310221746411,1.6597587265279532,3.6427435659844885,-4.127104978268699,2.6178585550968774,5.83056011274702,-2.0901280708552026,-3.805703825116094,5.03529876698917,-5.436689362084636,4.698196663790858,-0.4361644518653296,2.204115219047385,6.450514277071326,-7.463027995593395,5.163185569513933,1.0165705962840856,3.5564896208478323,2.5030881337192152,3.1317655289561945,3.4013706975498406,7.922051728187954,1.0634108375707845,7.152635283933192
-20.236476605066798,-9.90242929771871,27.944643465014394,-2.976841358017702,-10.65067069425427,-6.04376397174205,-25.621226268696958,-6.742131643969821,-8.575496283481327,-3.0687827246708146,0.07508580512786707,-14.566818583916977,-22.549318362469087,19.138565111688383,4.412592272973237,1.1713247104520275,4.437049526269702,6.224839273671517,-0.9767822904854776,-5.180132301277845,-1.3544226179568502,-0.5754912359621619,-2.609474365461275,-5.209960668575021,11.599849704752152,9.866870655126002,4.453827752420562,0.824971053178149,-9.277834528763787,7.636139458618674,1.6031369681457952,5.511087032975103,2.544423993149746,12.370076465211735,5.638420417002824,3.8513180269191247,4.060540573664701,3.6621698895398103,-1.72147154603583,5.910899537599399,2.1265777728753728,-1.0288744373843728,-6.208142533516019,-4.893966416021933,1.0850322165526647,0.5055543089969954,9.127028068068146,-3.5067133694562784,0.9423034585557539,3.01665384591665
-28.03371658197835,-53.59724182283591,-9.775988796867635,20.37466208727738,11.135694215925666,29.720161786599643,-4.000827340857211,2.1072765293240074,15.274199968133932,-11.164025276767017,-1.2841856038857682,-4.175188893011692,4.35864106219739,-4.488986940845211,5.327240954345734,-1.1181472910519412,-4.601975586910575,-0.6973510206881873,5.239587010131545,0.0920262473676122,-5.825866295444411,1.265901918266152,1.1248888817888556,-0.599512887138263,-2.0453935381637667,5.694189402785387,-10.492651756217825,-4.18325726105412,-6.1697652029510905,4.980492823901371,3.443003456040315,-7.504760502160206,-1.0031939203992797,-3.287855779178478,-3.2358962377888596,2.5845711010936636,-0.025808727298191753,0.02581665990778662,-9.757142022442796,1.657510761229909,0.9030931787935305,-0.6671453090599914,2.9464915846357163,-0.3940438129259007,0.2726378508476309,2.043385508802447,-2.8901114041280236,-1.2450838277978777,-1.3509517916684137,4.179712072338452
-1.1781635652506492,-15.392230658180196,12.222820488706006,43.732553189283216,-3.62012836680256,-18.65201686626204,12.787043020512751,4.5837529616602,-20.1857885888347,-4.701478107133561,-12.470867603795341,13.924381526818605,-4.551466745860581,6.839653735992144,2.2533159352495824,11.71384579719418,-12.073905601107825,-3.881276791384818,6.05823362917514,1.9605977693672625,-7.543507647221887,4.430073017129854,-1.2164649603777558,4.975073569893395,-0.39020968516798604,2.196086378000385,-8.562492756159275,5.6699258504238506,-8.597729057440143,-5.537159734573977,3.822469148334464,2.6291348678272017,1.3091159566207975,-7.660805247685433,-4.874417644809781,6.742402998103048,-0.7756977458414963,-3.9187233313827026,1.2031545131697594,-2.562187483302844,2.1229002519640483,-0.5613150891892927,0.8496362491452494,1.2933529608585546,-0.7674722223840028,-2.1326080253250055,1.100692877607357,-2.1195205390334073,-1.5001347766976534,1.1811484802195638
65.65924143573233,-25.007734763004713,-17.468431681458693,-13.181403068998897,-1.4307808963295165,-4.936989695447944,-3.574934912948565,-12.082867677328453,15.47422019226125,0.9338022734265524,14.11057655800197,5.648894442551517,3.7305012499113372,6.4545976306199275,2.019754535509786,5.271381629150508,-2.7652209760411512,4.898803701882044,-0.5489459805324388,2.073538748863252,-1.3608872619843102,5.2971397795346915,-0.9636510358131652,-0.7560798332515023,-4.28097727631821,-5.106642333428208,3.9232099127658864,-2.082594619873482,-3.4982261775299452,4.735079934828638,0.604308660749712,3.7743350956117636,-4.522839854895089,-0.5640466833103686,1.4292613534853786,6.103234525891185,1.235650975677243,-4.3400536230174955,3.619938310449037,-0.3265826415330158,-1.2059742063440542,2.6580585786658495,-3.372272009517164,2.505237246619532,-0.9129938809727481,-0.956988723423207,0.7115364476608517,0.14791547732570795,-4.737477879911845,0.6032900350031392
66.3206872547493,-13.663259188294008,-22.21500324409652,-9.770077440524888,-13.114192684829726,7.290071910435676,7.184678256191997,13.568360577779357,-2.8440412030249496,0.2107306144519005,-3.376001478473854,-2.9986403513769098,0.8978161651732391,2.1777603124348928,2.0819012498248854,-4.449069126115213,-1.365049974085909,3.1118928888765773,0.23433274780465663,-1.0623997685223379,-2.6154389929055433,1.1862613557922717,6.9950357767283045,3.0516219305499668,1.1676403892179035,6.2956651694273384,1.355744753231471,1.8233409571313148,-4.292072078326948,-3.526077724901619,6.877850208649854,-4.533102191304921,-0.1944148977035528,2.95228660736467,1.6917270098071526,5.212130946485197,5.508917052207427,-2.4662317199498696,-4.135505048680127,-4.5715494307249,-0.26297586871230516,0.7950196625564119,-0.771733182921552,2.4722320875932344,0.337198064504982,0.5242727514478506,-0.07372852046946382,5.469880089395609,1.9287506399146557,-4.729835848145036
-6.823883765682399,19.69883013115257,30.9299303886585,-12.469610023467501,-26.46550751352097,13.020731245614034,14.733742659999788,-0.5781883623386598,-3.179620347912984,3.1195810145231317,5.555881897195369,3.0557802726452303,0.26877050641663697,-4.386044397462575,2.5748094657888525,-2.480190686861834,6.995081558763792,-2.5356699001432994,3.3312329272684087,-0.6350908527208232,-6.331536029720571,4.868811712055244,-0.6216262330912204,9.329611923287407,-0.7813304040096872,3.3004252646798715,-2.5920257469483965,-3.8200414319277005,1.5540399343088958,4.028943599480705,0.0700962430255899,-1.609275637696041,4.641092609745447,1.0700526640541266,5.528775809336006,2.2047606989958752,0.1967959500051834,3.374233326591296,2.452727823534689,1.3571818224440122,1.520993608738812,-3.6551247874143775,-4.1145167381207255,-2.9806777490026075,3.7121537512282368,-1.5782081587760195,4.925450975414136,-3.137115841056915,-2.959466220463814,6.267104360409355
59.08309008194115,-33.60575974141759,-27.5687524322947,-34.77045068289918,4.118605305047644,-18.372592703626115,-6.907223027901187,-21.47053099685314,21.503119108307978,4.562762699670998,-3.852062756578834,8.820331553445394,1.191170711027917,6.729055527698926,14.990956564318031,-9.807500400363537,2.0544498089794248,-0.9941401323209018,-0.2117685234271589,0.8345642618455145,-4.486285505922649,-2.82062324338309,-2.386234522746916,-0.9407859956005531,0.5104158495701931,-2.54404158241361,6.1476645744970675,-0.20740099663245196,7.071287492865277,5.229171034769404,-3.591038148432584,-0.08276379127888892,-2.2323495572831935,-3.4541302295430936,-1.5373440023921225,-2.4859355241796917,-0.3423731596554076,-0.8862387492986508,3.130119452196096,-3.0471194588665793,-1.7264679199398174,-1.2566592633268654,-7.753427788590947,0.6141006983389242,2.8350509776596464,-5.450207234534374,-5.006695843767835,-3.9763617896286005,-5.208319034575631,0.5421957916131396
-42.99969838394358,-18.40974479710928,-43.530668876981764,-1.211628649313523,6.360474609469714,36.35304114234583,-6.256194404947667,-9.92344071992426,-33.29508472906019,5.671171997121021,-4.434918238825217,11.30980992956865,5.3434658511623985,-19.758000863971763,7.886805633675888,-9.143857803762273,-8.397494500827868,7.030687003160925,-4.794526738130531,-10.81929896086179,-1.592587455089298,5.707131616178001,2.354540448662036,6.996911952566453,-4.993647079742046,-5.151016335713417,-6.194533455079075,-6.568422168294581,3.623689343199611,7.331639690666985,-7.39316671802169,0.2577562193383883,9.301556818291939,0.2810752881301942,7.268648882036724,-2.0147558157710437,10.871304611778031,10.849209721446048,-3.27157096627491,-10.492677896587832,-3.094575098428469,1.8130241491579933,-18.59000174727272,1.3408112888290378,-3.8953434490650323,10.056380210168893,2.139939650733909,-1.9434064756734495,-2.0190399186789234,-10.89979701018348
2.863991076966225,16.53692830757691,37.2377299813438,-10.196186664702651,8.053866047618227,15.935065621448558,6.5168881340333735,0.44888249524225443,7.741671771808129,-0.14387779438839535,4.395134835213616,-6.078514419998614,-2.6323368147722572,-5.454926990434256,6.606958947300843,-2.7883326886104185,1.247998332689715,-3.351928815588546,-0.5907720547860249,10.291129942616521,-9.030610740485049,2.1089536222115495,-2.5891678998280327,0.1071057810123791,-3.4238970346106914,0.8386170881777992,1.9590848057191876,7.598353835295428,4.8819201588364765,1.2296047153841405,-5.732854337153575,6.11196270489676,2.923441873203095,2.6209325332135465,-2.5864156287464204,0.6251674119646173,-5.455051578682583,-1.137519840849281,-0.350730041993729,-0.053798687699966735,4.789895614498425,-2.80085963554238,2.0818581335180872,-0.2692896627289593,-4.535048761479168,-0.8142104690106247,-0.6024130974155552,2.4466189360689294,5.877501465381317,-1.3456521920971796
-34.16515230109005,43.346714184844046,-51.6801802966638,-16.777157500978767,10.079724801528048,-11.52206072654949,-0.4797385529069554,14.646888236823457,-25.12705073083842,-16.657945318538943,-27.66995456826992,-6.015544639516439,12.097921466620084,-7.591228358578553,9.002316733288186,9.940780758306367,8.389942942670913,6.6461560585516635,1.718376994715458,10.77963883489098,4.465440889172292,-6.775187672398116,5.500635589364671,-0.7758067032779772,-0.4725187666347852,-0.9202781149483434,-1.869661862845118,-4.869476018496419,15.272971705120202,10.90305496246685,12.357328774515379,-2.8596141422513375,0.7683749653356148,-2.1797605658835693,-2.5035545728445308,9.19804757704526,-1.1085556057706232,1.4547902317085104,12.12205582495642,4.752394261457645,3.2510060204717064,-1.553473358869123,4.058258293636215,3.3959515623754153,-3.2065067342953504,-0.9732882304902103,-2.4355419026129272,-3.683545466623617,-6.133442926187293,-8.929356284794103
-11.080612810402553,-4.84616743059903,12.60889194302837,29.064573070259986,-43.707627755344575,7.890485412795052,-36.41415093950347,0.7132719916416486,-24.83827459930535,-14.077638793759538,11.937375982417752,29.12870744570229,-22.137568290110398,10.337339634563682,-16.35412476929804,-18.39338859721713,3.978852021161627,-6.987072127093145,2.8613086595009447,13.381026165913479,14.47115478225629,-4.011541834648822,-9.497650552335521,-12.003473113289218,-20.936987589568588,-8.455538250931925,-5.57932906899671,-12.37087318489083,20.169753039138772,-18.894226149793937,5.227604769193632,8.461483102646337,1.5423684154551331,-4.335559205620049,-5.3338663136807885,-0.711110162829732,-8.754772892026214,-30.61352961428058,-6.371737844084816,-14.040647124864648,15.929624703612195,-21.90456167435693,-24.7475767102862,0.508551527352021,1.6288029686039016,1.1659569022914233,-0.4683876030973201,-8.79607966621655,-3.054743021787098,-8.933024714712182
-33.143243049768415,7.20320912365632,1.9562587817904558,-6.379946161031359,6.113804798588822,4.894266520553064,-36.8305636711103,44.29822618133898,-42.201737261220956,-6.646286596717048,0.14906211581918757,32.59692482443537,28.902930670934403,-0.018124508963082698,30.1249805552298,3.8663116570317753,-3.523081394342683,-7.3246920307808265,-19.17867313408354,2.358370179153171,1.4216713234595,-30.81495376263656,-1.7635713649389513,0.4202058420895632,16.569478767411628,2.8585527406413718,-3.0957742285007686,15.426132888842798,-0.39170283411655993,-0.6592732998398925,-3.8298569667707882,18.946165174969607,-29.130178860926147,-7.311595172505254,12.238310260771634,9.07748656087998,-6.050927139683851,-2.730028971288524,-2.9785076477170733,1.5793584584323117,4.419483423427618,-8.844626430809093,-7.727515260270949,9.05431606090877,-7.193530859340749,13.568917370635141,6.133749483608549,-0.1170009537249515,6.903536189993876,-12.169772462831842
14.687792132224486,21.399987928088603,29.516398959926473,15.350431391533595,-5.14776573491176,21.815685317124082,5.627211049032894,7.835911216355262,12.99566950774606,11.90498052816338,-1.6889563932840868,0.9981600254406701,3.2669373893652676,5.47355649214712,-6.3509818269968905,3.4962784825027624,5.995009057903953,-0.9832382409201683,7.055251622114606,5.881546173839869,-3.9584309025202367,-4.886439711614565,-3.3627638863986045,3.720711318338017,-2.3475367931680515,15.71686449142539,-4.239289712601987,2.384958415632365,0.08337627116867179,-1.0118451522526766,7.055673980410377,0.5360651789049363,-0.5879532779370185,-5.1516816667370176,-0.46596730581927354,-0.546608418285092,1.4277460148577363,-1.6328328114636712,-1.038078837280638,5.331609216467853,0.2878381433042363,-1.3186333672239445,3.6795525008085477,-1.8216657711878574,-2.109518492217514,0.3082638486658677,-0.8507720986113785,-1.606000546647759,-1.500705846232411,0.5241388309759116
-6.201891758909045,26.026475119808808,24.89660705398705,-8.721034553754773,-7.545648518022802,14.589024449974094,6.735430669636784,-7.743412805316301,10.15394911191116,12.202909547273215,-1.2377468871364814,12.70917905996759,1.5693955749015158,2.9164626496655117,5.832809584402415,7.163061118395271,10.351634296963402,6.024988153393501,-3.8234765610532366,-1.374785879254219,-4.524439426865364,-5.037460372606842,-9.647581752089158,5.234059779602305,-4.275129168992143,-2.720337576310131,0.9537646934672329,9.956411164859539,8.741981815497939,-4.265144514235345,-6.159681629028256,-2.127844550750936,-1.3151870435305717,-0.048157722560760646,-4.298377718632694,1.5795013959584736,1.8530866048469936,6.862710477230143,-1.8997501257230907,0.8221455208464583,-3.9798361104370232,4.927639202449556,2.8321608246023136,-1.7052032427380805,2.9391023920862644,5.603653316505964,-4.0091883983839836,-3.3157695564514786,-2.035414618228531,2.23610309505507
10.458827086136484,18.718957435847624,34.92296827212214,0.8489440526993971,-0.7322916511146247,15.908705751692164,-0.9208969710386037,-6.089250543425801,13.233526722713249,3.5602172671065717,2.857131749335831,2.2266480641013895,0.07747493825730138,3.8360977689640303,5.561511826098186,4.1977497976973845,0.914107945047124,4.786979818999606,-0.9164841105334653,3.1749118583124543,-4.538380868559143,2.0012955264380734,-7.349993434763282,-0.9671504454611776,-1.3926796509088553,4.8824421547527574,0.39656408417227995,4.418206413214076,3.731971638369051,-5.861667546181568,-4.11288337311116,-7.460198734025239,3.0971689591572003,-1.1326026786961207,-1.6893643529677116,-8.14229496611766,-0.23570219709316734,2.9181782549760764,0.6485275051044782,0.1399255893992039,-2.405699505431295,-1.0446114606289674,1.5470113460849624,3.3018509296748677,2.2914530019268478,-4.214805577290364,7.243887025184272,1.4020950779026842,4.939962705996254,-1.8533374549706845
0.8034234286195502,33.32118291914535,13.341891202797676,-11.76318215401103,-9.79318161428082,20.365801137300465,2.7468349556997107,-16.322386651310342,-2.4294525548195813,26.219778453127272,-4.213391489637163,3.9063543778159295,-11.591956431725466,-5.052363046673008,-5.198989981454304,4.006479867005364,3.6656469880928033,5.737925473407563,7.674536609998513,3.3600617129426147,-5.4294736014552605,-9.114822485540422,-0.6754568422010442,0.06875348192613402,7.088750944230588,-1.1055320764877643,5.823064552372409,3.1189655491431028,7.469229764001117,7.763420159761649,0.5001589441919905,5.894320938468029,1.1506435676328857,-6.172836518696827,2.2126918947290775,-6.019566230677096,-0.3380634295948245,-6.003112304556096,-3.1183936898578977,-5.115497447898935,-5.747714462751418,-1.3111491814784018,-4.492784653055333,-1.5556860534156256,-6.203999300788321,-1.2925292826475834,-1.4306994534561794,-1.180501358680606,6.930747654766628,-5.598931717755561
1.177198444672636,3.4321143828481384,1.5402767907306854,30.361779786039953,3.8301281116483636,-20.35394507240365,31.66925638797337,-1.3538183524405647,-18.183853476345924,22.1150575701366,-5.177979564493061,-8.594032853812593,7.99816065573463,-6.103863049674056,3.1598027179888644,3.1347616823499056,-14.983053354577171,14.21704080913821,-2.2634113120801507,0.4101755243982554,12.005119340216801,-10.550094973943622,8.895410687084373,-10.815418081180619,-3.331032042074549,-2.0440720165747863,-0.7943975943430689,6.202077349474246,4.440660542050298,-3.02529741508114,0.2561639386174296,-2.1918860130291926,4.396720008186055,-6.102224240783393,-6.151767415643114,6.873969920448553,2.838639936838837,-2.4803492295469547,-5.261517022947781,-9.934114983674569,-0.07323049366959043,0.4106832005473416,1.7248365679057642,-2.157365073238014,6.989226146299394,-1.3902439122301096,-8.875643941580623,3.9338379277224114,-3.4097060060381126,4.877266359645647
66.28171333984713,-25.569439252063184,-25.421182755359,-22.398928173037437,-12.53448846858328,-10.149303467519292,0.44113140507980225,1.9622592206527139,10.935055375168082,3.612431742540104,-0.3197519259497694,-0.8214745633355572,-2.328468209303267,4.2002874384586875,9.597123529881408,-11.72098232710804,3.1505829293340195,-1.154339202451773,6.384209586585838,2.3050347062917633,-6.923516312656635,-2.75665751725677,3.1673471847826415,2.1279546571091736,2.9388146582247123,4.1594298549832445,2.275572438490299,-3.3881175656963496,-8.534027683451008,-4.757475837442896,6.032153682975802,-9.015164241093133,-0.33355057547801054,3.200904507235251,-0.9530927258035488,1.9364581589186425,1.3764345019641868,-3.905722719649405,-2.8994343849695716,-7.1796649656014795,1.102621479543276,-4.206511235170965,1.5178905352501275,6.756759666637197,0.8659690061850239,0.08892092215980675,-4.698230714552048,1.6585487648845305,-4.7858595466346125,-4.9733047039879885
68.57072615905308,-21.931545543397537,-24.230875543959886,-29.597546955337798,22.03339965573521,-7.937217345389449,-1.6035979737407893,-13.70817317080462,5.876880096675034,7.379128506274418,0.8070301823320339,7.75160874230333,4.182433300004252,9.314153502047763,4.190767971723882,-0.7505886102653709,-2.0938028193563265,-2.3902997990893615,-1.5412974599113396,5.968419779432679,-0.0035891143579511813,3.47970572585843,-3.1846994676447244,-0.5515069306530209,-3.4768747924968464,-0.021305820237873585,0.2749819789067969,-3.4651737291708713,-2.1897890438436414,1.8367271732889945,2.2452860598091884,3.936414304058741,-6.328735244587363,-1.2125060552525382,-1.6283024262206314,0.14590577310440847,2.3857760354418573,-4.278400764742882,4.365814684235198,5.696513504255204,-1.804152113447788,4.16643149102508,-2.4753519701768347,-1.3970424042685141,4.4685472950300245,-1.0849565455651058,2.022086123440528,-2.1054041613649193,-2.301382371001183,6.588652127229925
7.005491899750258,-32.00103339354227,11.050318487776032,33.81010293468181,8.784512646814616,26.47982484533646,2.4728441082559676,14.130283199345813,31.001157327680872,-14.842101242191255,-5.991005342329942,-5.970430822374884,6.542764150846594,6.192868073120037,-7.3054890155050485,0.5378408328344477,-5.23836268960987,-9.468210600713556,-4.2975168988222725,9.551831564469767,6.093708481509749,2.4257408759834127,9.760517682374038,0.6092646416541798,-1.8418546681857482,-6.483507125192466,1.021400763897287,-0.39356773886977886,1.5140149579888544,-1.0559471606049011,2.6413623142063485,-5.385266439471216,3.050107817709943,-5.3786364419862815,4.618506970065358,8.521651371425307,2.4793604923574004,3.0473189055433982,-5.014591069353322,-0.7236920194465661,1.9455939878715538,2.89068946568951,-2.4346974755942257,3.3358541648973628,-0.026827502899189504,5.004291797907913,-1.788544423828291,2.560751498033045,0.08793833993769547,-4.308253821615599
-3.487647117898786,14.906954593085997,29.952961121458216,-15.624369292071739,7.385626369348648,11.37505224827095,3.671977128657303,-5.302979584609133,7.094305686184576,-8.428714723402747,-7.675394489134242,-2.9165650043248235,1.9337592550705829,-5.339590158096973,-2.158799128910832,2.9593420546012994,-2.742344198744058,5.927150534046114,-9.647131480641857,6.731538565791361,10.717363961372744,-2.925190795711394,-10.429666883311764,13.248408171625057,3.092561382249695,9.380212702448341,9.775653524807836,-4.150556464285839,1.9611323359020203,-0.7272676866214804,2.870685181841438,-1.8608391929145116,-6.5413943945498305,7.967932432714397,-0.8614970455515333,2.512504777127874,-3.697729590177035,-6.136263349645664,-2.628415503868628,-2.6818781747612213,-2.0757113316764193,-7.551584268961947,-0.5845769528248221,6.836774915976882,2.4260842357404955,3.205174676752005,2.3968982794840836,2.6292484252685497,2.4320093466258133,0.7888814292516432
28.197595904556167,2.8609158898163476,10.813007645481704,37.20178413388017,9.575302536365056,-6.3636806344808825,26.324303526137765,-1.5131612469651758,-9.010102573095283,10.129053042879482,-18.47985206214039,-3.035558343042446,3.2406097288945253,-3.6635529229917867,-6.784509533149247,6.719785312048014,-8.915402084481473,1.237788948349805,-1.570990444393749,-6.095414881047789,5.447225677646235,3.5556835608350648,-3.414987557282088,-9.619425697059189,1.440577828676425,2.135230889185564,-0.8824503706211974,-2.988657836881702,-0.0015693121981163363,-11.883711084997197,-3.0025045174523566,-11.92614779363924,-7.151096064700238,0.8938561251207002,6.685124859603544,5.670858897589036,-2.6102910758809768,-0.6426958835706269,2.6344148411567865,1.1751009979046636,3.7209943790046305,-0.08346452827791481,6.261852789565021,1.5270749517874866,-0.3406837114759516,-2.109293678747666,-1.4804643686798458,-1.281389222526108,2.6673863298193576,-3.586663519031839
-8.309879800736311,52.81572749963234,-44.42917392783508,14.209269922907357,-2.0913242419090237,7.630552191013231,-4.183168407644383,-0.03903639632541898,-16.279598323001423,-7.444508336211877,-3.1837106027833353,4.007702528419318,-5.599119214473755,-2.0786099262366173,3.7819287413622362,5.2572133273306925,7.0013758040843275,0.42958386921556985,4.514245318759602,-0.05320238120939819,1.8457343476758539,1.5752645883363554,7.40583279497863,-4.563835997113772,3.4493436066619974,1.2388920072179361,-2.5843376992980005,-3.0704583748412975,5.711488866970215,11.664492625511192,6.7860523030446025,-3.4071782762319036,2.7583963886714162,4.975759490607208,-3.5579491337359404,5.7144138264584585,-2.813795930938724,2.986921706515914,10.158135265431735,-0.27690158874357407,-7.023166572980402,-1.495776934537845,-2.1416000938609616,6.785869013633758,1.9506666253087155,-6.018978839457303,-0.2186370644635373,-6.477646875896989,5.7319240451903894,-0.058265386107205025
69.99784004707483,-16.025487347311696,-18.346864241163814,-14.906616895073178,-8.351690076421706,5.102438118717175,8.091458955301304,8.141950335109588,-3.8955979268952814,1.8149275470410084,-10.736062994811206,-5.75238206516787,2.766128013169605,10.851795712861893,3.9703582609731427,-3.970641267397201,-1.8649286311647144,-5.072580469775255,5.449934921452113,1.0209969806568258,-1.4888856698198212,0.5607218229048105,-2.5147302734262786,-4.073691298322312,1.8379245059534306,-1.1526361345558571,-2.027183097650442,-0.41767095034703744,-2.127143804317608,-0.5780085252761804,6.273267035918408,-5.307044520002637,0.9734606858038901,-1.6806008823863026,1.1674785472851172,-2.428688323656068,1.4703964515859143,-4.193371228866727,5.644328506416523,3.0214987240498163,-3.602861191982987,3.6594842979390387,2.160567945570424,-1.2056881130164854,2.7041627465758675,0.5340780966851563,-0.3280266259349814,0.760223109620227,2.2813687285835758,4.592205622211263
-0.2556689204461116,21.849084844446907,26.030447063623097,-12.029903574902937,2.432614076836571,16.704087216537992,10.116437294786868,2.3095455949406603,3.091315220729953,3.972186654401907,-3.2818930022380806,2.0408135303562784,-6.8778428529293185,-3.6013156066836993,0.5019737499225752,-1.8612222547231132,7.025123789341502,1.0268352242449619,1.5981256559166381,-3.487154616517741,-4.732067248389224,2.013908707928158,1.9836929942404071,3.756094589627563,3.7557338624359535,1.7508063176146658,5.6599534130531834,-4.0662268009625295,1.4563070872218804,-4.279757640843363,-1.1634894589168037,1.3614667905108644,5.610130588173204,1.3351258344394734,3.344932049322478,-2.650590149420263,-3.3815223392466898,0.2452464716448646,4.411178116839106,-3.37990283638491,-1.85574485339714,2.2598365407539505,-1.4467238933506872,-0.5737339545069392,-2.0571279409067373,2.071578722542204,2.8190202413287753,-1.824057987389831,-0.8147430358512853,-3.3436576303781584
-14.212075718811965,-3.6428293620252608,7.039409489120457,20.320261622504724,-10.628542699827106,-26.12292525143873,11.524716008130925,-1.7767702017608977,-13.613594523994006,14.488574285753256,7.113727177080313,-11.394723245524744,11.837790021416556,0.5479396661171134,-0.16903279881109928,-6.458466761022998,4.014832479660489,13.515093650482086,-3.9486118732117723,-0.2083699306610932,1.4872424814006715,6.265336840865843,-4.081718581255637,-7.43248449516922,2.2355717212333794,6.196247450948223,6.183711773731254,11.874774245614624,3.0965316066558093,0.18343791939970958,-8.247143281986173,-3.7749837185702995,2.0043021334502598,1.324781183515079,-3.133312009641106,2.125519727747885,0.518693816684152,-10.712808133134368,-5.582989351718436,-0.9269056026494782,4.516875030733925,-3.2065285393720298,-5.532211026283299,7.686841759810427,-9.679678935327654,3.2282446895933914,4.805797490755397,0.688500996280685,-0.5961818273857769,6.161733557506735
3.9340519315605835,-4.784867786999664,3.503102091430438,34.94418617132389,10.013254634202898,-13.271406535862882,22.006961301900798,-0.7323368560597279,-14.625625313979924,13.735300157807336,2.795372353650472,-1.6742827886581577,9.522145132662432,-7.5594754250906195,-2.8419443805174724,-7.298453612456555,6.979259176816048,0.48711818536980017,-4.873313695558786,-5.334396654153025,4.020750323143674,-4.137739797878525,8.232612244923441,1.0906010500422652,6.24077586400585,6.863808091018232,-1.891590169762757,-2.1653177741564935,-0.014889842556584251,-9.275013463489273,0.497861501583334,-6.422201603591925,2.427840012128363,6.839046985372551,6.3632104120334,7.242275010281115,-0.37162049871222214,-6.055678839206781,-0.2970711369207268,-8.46111230910129,3.7036250180650976,-2.6100690848551493,6.917534276410471,3.7760058712447826,-2.718455327964309,-3.193873800233803,-3.2551025436168564,13.02975027247674,1.0891378286796902,2.452890643718477
-26.764020288033006,-22.12771281931308,22.03452316442428,-6.9322418642290735,1.3410605278991679,-29.118132341264843,-46.53626182042829,18.771254515215748,9.370199745166238,17.149647219219588,18.412064898630344,2.0501508576661025,10.793638441857846,3.534939300941221,-7.856127830627544,-3.8182913155033282,2.4959999828080086,-2.683872030012448,-0.755763524617555,-3.300891887957668,-4.232056760652525,1.0705161548415119,-1.215112473127329,0.15102134123222144,0.45370905417671925,-3.0109914022855757,2.6361565556499147,-8.086862875490288,5.086518541555849,3.601328044392126,-4.463996277855953,-12.89905563571491,8.137478827825799,-1.4189356809307392,-8.54317886725071,-16.162260710164766,-4.416709695977797,-5.580509139658417,10.556016819898437,-4.129812725446411,0.17619269158258324,1.9040712756259832,7.302045241451813,-1.6997947544460326,5.292590010913783,-2.825379293268485,-0.03859696767880848,4.760125008856853,-15.811209976666738,5.5715453953303395
-9.301211599185253,-6.338764216490983,23.489349956386363,9.069210818847898,10.346322688309291,0.8414900304076465,-42.09416986222752,16.68488299548184,-1.945702109780371,8.73492124458435,1.2101367655806314,12.122253278932135,13.180328591998874,0.9696109581430682,10.127499095659683,1.1738825148020176,7.92569665066787,-2.5977572445446295,-2.28924984055305,11.696632646971038,1.5039135586865615,-2.6556941401033143,2.990188605985928,0.4779405127662907,7.174583163121354,-0.19930439117503318,2.1496474547142097,10.14380794509844,-2.4156589693489074,-2.1086796996281936,0.5500375648965994,10.41215525196919,-12.760456076202024,6.36892636056838,5.735546735453588,1.3514528056520698,-4.118977382110035,-0.5874054969723611,-6.347832135006203,-6.488680720827208,3.162148648269346,-6.20371453728172,-2.2988073280667267,7.597702647616689,1.0987351931841953,3.6472333531422096,3.2885066748964373,-4.4053625255058515,2.258846918578611,-3.6061182798892735
-7.324856122792828,8.070932873719656,34.130464670846806,-14.122423556511395,-4.018616766837631,2.529410688529712,0.6784429544636073,3.7056245179702336,6.771175734139727,-11.239033336961947,3.4852180289492165,-10.144006795790455,-7.413456277158539,0.5780819849306218,2.6900059795895315,-5.964446265546821,-4.084174268484738,1.5519955892986095,-1.0644086597908204,-4.48053854663811,1.026629205649842,-1.659660173696977,-0.50143995915937,-7.328892315124828,-8.71091456804362,0.31173197613387843,9.020441373223914,-3.4277383431722965,0.02085361983940045,1.078254366134957,1.274903958512537,1.6353149034735104,0.2550975543711671,0.20714228979758506,-0.1402359569792082,-1.5152396253772198,-1.049199360054763,0.6875322148717024,-0.26103999415353835,-6.364155767707231,1.7606693095598103,-1.7345490366577916,7.019924669128172,4.168593688169834,1.7938134276611954,5.171121917917859,4.908817100606025,2.022360759100231,-0.5939825775487424,-4.253338414710744
-3.081808360766764,-11.453767255241955,-6.68141633577984,10.800797058994268,22.058780821742292,-32.30296007388735,18.840970288376926,-20.912840192642516,-27.939440386670245,15.198380844140637,-24.254764311012078,12.039730073654228,0.9054611577987598,0.8929016656296221,-11.314919959243262,5.917573791663084,-4.380993485284323,1.4900268828301197,6.323110817428365,-13.602216610165394,-2.307821183488557,7.23145156568218,-3.0087437111299815,-4.169592948947329,-0.7160557063164189,-0.8315817947283873,-3.8793016125681867,-10.352741040929805,2.221007418052365,-13.646391157732655,-6.241539032537468,-10.702371191329378,-4.302882850922937,5.616504463435043,10.494152245863495,2.326847105710431,-9.408814116000823,-7.4571326809534195,0.10675368852973215,3.7076023383529364,4.3522340593111375,-8.736764448044784,8.576560063294304,5.653056401225885,-3.5363270117272267,-8.610256321976262,2.4811343006281787,-7.394208968312035,0.13956091541049792,-2.810274393211931
62.89449241504987,-17.013323048473367,-8.044933576340457,-2.5067151669107237,-1.5496538686208938,8.274272151500222,-8.812768128676998,-1.1334173742823848,5.7562659929944475,-8.743533178355179,4.888463746662607,3.3320256408695017,4.355514675627735,-4.115274956918795,2.189786046680604,8.187753254141633,4.022337299057929,5.125920720382328,-0.702092721923269,-8.523255453746472,-2.287728183525576,3.814559599103537,2.8579496924184724,2.397891626064164,1.4031004826701836,-5.22726008277321,-3.020731911992691,3.9396655555138502,-2.9047184587365362,-0.9383615763838022,1.8518968110682634,-0.20712173471171386,-2.796062756375529,0.7581418281277941,4.15051484753892,2.5891186799607655,1.4952697537498219,-6.758543383613053,5.604273287987418,-1.935276523903786,-1.4098985288382602,-2.0879781789966874,2.5682602697586305,1.5119510409059436,-0.26183869258740544,3.012648602347253,-1.7693428704820715,4.905416571505914,1.0320784155659468,0.8358443189821885
16.20196094242147,5.909725604750674,34.90230349394868,24.268153366855984,-11.312003754301717,16.057124895808247,-10.79856372912985,-2.493297563219301,17.25004482874117,-1.60074727355655,-1.7600832804654927,-6.019771312004402,-2.663905705875868,11.162558461074397,-1.791507332037731,0.8001117596841925,3.9139525610272052,3.9227476071319995,1.1241264692978554,2.4697234914668558,0.8692680865111585,-5.157595984563683,-4.53123559616758,-8.229226922878464,0.3126289798691919,8.700188880776382,2.6301978570849482,0.7618955178410093,-3.6421855269781043,4.610312170639727,8.146562525884644,-0.4105437261026909,-1.0249620293128412,0.5608998637452375,1.7640867180844186,-2.0370932315197634,-0.5726905385985113,-0.6461841283160122,3.7623245019853875,1.6998354568571612,-0.14247571731628975,-0.2616700354141907,-3.1862614948983703,-1.3213655404993188,0.5557387691001879,-3.8771123993629226,-1.4381309698150913,0.7406822022819608,-2.125025555939873,-4.328806742868262
-33.44007580435944,8.843719650791964,18.30496590891773,-46.41967620673906,2.0898183358180935,-7.015108580318385,10.021559279628365,-21.69600214332832,-2.2268156980633216,-4.705424085335766,-3.0650573601745,0.05719182117436353,1.5609889664343537,2.6115729390895637,2.9284198325660333,9.027434330697872,-2.7854157759292946,-3.4277766156762253,-0.28410838373248914,0.5781819838383792,2.5762652144363978,6.321750545275236,3.3172356200495825,0.32449796248645785,16.203959403508325,-15.620338855299469,-8.043743227269976,-5.350775184923827,0.7456030489146247,1.9327045041012558,-9.486448414031218,-0.3413362424614054,-6.198216847912039,1.620823578953787,4.412983552236661,-3.510712506604967,4.243035926507395,-1.756396050097032,1.4047946414533938,-3.1146544108026495,-3.2149959820506036,4.320391534695604,-1.4630415797743794,-1.1173527110097823,2.7742983798701,-5.918894181086983,-2.4941230508857206,3.1841096257264128,-5.178586473857331,-6.217242509139747
-51.123493632055556,-15.553814346091444,21.18435014340988,-34.86264857359639,-7.115551264886889,-25.92506518520048,2.3135920042743745,2.7945997695723435,18.620597256762277,10.941480536538856,10.348941195153458,-9.725778012097134,-11.840389776391946,15.905135450427833,6.482697239170719,17.79529035700849,-18.081454683769024,-7.882643199111161,-26.0524195781321,-21.10183459621596,13.56371750862629,-9.455029984624515,-10.029958631570679,25.95156702420299,-10.593876779634147,13.410287690012058,-48.22688215011817,16.619525273691718,24.036193497988574,-1.4403459627625872,26.856797781264486,-14.662735164514338,19.33091601429649,11.567055192800927,19.03268784038145,-14.342080080412527,29.435086351420413,-1.1381827287438444,-16.990130446878837,-11.051748858762027,5.2849579793361325,26.582417573661438,-0.2653721512010659,6.93661372471874,-19.223949501789804,-35.01863143250141,-30.566991788093503,-7.328201004154252,1.1617320545190546,-10.378064758917604
24.78140653995995,16.7003548732251,37.24623223825332,-2.1557526296691525,8.898388062621004,25.434378071021182,-6.418594376390543,-14.56459306885151,7.910022244239982,-2.1825415772345833,-8.915662478068292,-5.4910741180457325,-11.100217375865427,-10.253107540688779,5.605138503012883,-0.823492631045303,0.5189866608263346,-0.8357595852077435,1.6818954940230495,7.705130051954123,-0.6528047906938683,-3.8752486828237935,-0.6596232889222697,-2.757725761383384,2.1460414956613603,-5.4343466003978405,1.639407035963827,-4.889790301140841,2.4761298423220577,-0.31359860134052614,-1.6904992529440188,0.9425751987997852,-1.7307069017040742,-3.3502855875008315,1.3767035418897784,0.8676635970343732,-6.085129762661094,-1.4694754161774468,2.667706109186933,1.7545301286445614,4.517361545734391,-1.0771468538031574,-2.5823226806399684,2.9668239658109212,-2.29704279920008,-5.868004244858206,1.5009459238098368,2.931931089564515,0.9037294797908633,-0.13846535334897844
-45.36911562924954,-61.07892259511209,-22.073823897085063,9.368315735522987,14.924711563162116,33.51126019678287,0.05022346450480233,-1.0846745267768274,0.5804588186939471,-6.388259406528625,-0.30657817452833547,-8.99589672740735,2.8207565490914925,-0.43075252308084033,1.2452337164334317,-0.16180262242557386,-4.352350907157403,0.3113601030671599,3.431264353619574,-3.287157875737432,-5.680545847064663,6.080673613226211,-2.372368427494921,-2.586999394418964,-4.613687098995328,2.5716226275555694,-4.00412689752342,-2.99604807427664,-0.5384036712430449,3.7267258460739043,-1.3042650539568124,-5.064933258552648,-7.815551555672867,2.0655542163547533,-3.93365286254289,2.745018832702419,3.3208196541288637,-1.7523786329165671,-8.430922165853849,2.7860252075005,-0.22272644466007632,0.12799937143173004,-0.26010142380291534,-2.0047801807148153,-2.201238596307617,1.8905607771290842,-5.714725015417597,-2.490950390105364,3.477748900879711,3.8705596451017605
-10.553118364205908,9.61483144235201,35.80009844839519,-18.02609511622155,11.678555909275062,5.12303809938446,6.510539267882771,5.567653701164933,0.05151556314779172,-22.35683763954242,12.500491463594784,-1.5919630760761343,16.041775042094987,3.616883060114453,3.967240799276051,0.3711100709803466,-9.6478383753243,-7.869771640794001,-3.808789669586476,-2.9955948493474165,0.365054982364937,-8.923368574358326,0.8373241171008341,-7.3821339674865065,1.3208119598210661,4.060299902065583,5.588086351401957,-12.874250832008647,0.567181927654442,2.939030414397876,-3.397019594004871,3.4852493201043706,-3.5487153564845806,-0.19858099572347848,-5.111197998916257,-3.973994333400061,0.7866924289487626,-1.0119288495993295,4.06771846174039,3.125459989074781,0.40694575490981405,0.8141779577713733,-1.4435436741766632,1.7725101805651833,5.193525324126603,-4.961851422490843,3.297272889398965,6.80911572865362,1.4066465236203225,-3.419212032630816
-0.45401861511850733,55.41778379152202,-37.63727108371152,25.138922111810356,-1.0031468340073872,8.702688706989843,0.12048119288412729,4.201331206770031,-3.182281620363264,7.979942106166866,11.426223670159791,-1.0816193219424781,-0.22083604040980587,-1.2562383238501178,-5.886761110409673,-4.628937383030833,-9.58679017451416,-11.1427539933158,5.917874509108409,-6.267696975751896,-2.2534776544262294,3.401255969872771,-7.134235747795745,-0.2972307803468483,1.8882769771113967,0.7238794231387738,-1.1362223554044162,2.409593572452813,-7.3732314935133765,0.019796464425520858,-2.1628824245715665,0.7456508986765673,-0.20937973489894224,1.627703150883181,1.6862196207734752,4.516298189982834,3.656772351025736,-0.8027120584920211,-5.471065463997082,-0.7600599560379886,-4.6312193668132755,0.021781240949991863,-0.4615325464352342,0.6971360693016116,1.6190114060365959,-0.42662439076966424,-2.931794222621,0.8307213987870982,1.5648050392053718,2.761019136902799
7.300914146178944,-12.643439286606341,20.26778470312085,36.47500342397744,-2.0461877688882444,-28.525018609027544,2.591263255731456,-24.563885337673362,16.921471998841028,6.980791800961545,6.991949527750902,2.325754523133397,-6.481563464857616,-21.811883928091234,23.273176597699948,-21.10372335718564,11.880501390288735,4.887838113050459,1.0539352595860958,5.348795018983388,-10.01548126048317,-0.8513901587360538,3.4361847539570483,-4.852689095641827,12.0714100618451,6.772624551217309,10.33449159102832,10.124434324128764,-2.9473814143128645,0.22932368627590596,3.8243966890383567,-4.731544335384653,3.8021542613434502,3.6746817840477637,-5.573139063600279,0.9253889621326261,0.4568128641774044,-6.781308681080482,-4.784073689304134,-2.7390848799097696,0.8040179899957054,-3.051907152282518,-0.9761250942401885,9.31959694114049,-3.0266431863131116,1.5500257135338753,-13.11612739199777,-2.553697364866671,-0.6834818331215133,-6.846182571949126
-42.84325300844456,34.7214654424253,-37.36074676450458,-6.114152998119469,12.519172526036193,-23.08271398170103,0.7401472511054418,7.3219793038501555,2.4503101352620082,-9.61092859215998,6.061343078240931,-4.462487306359247,-13.145065624859654,11.08765312955016,0.8175252944218019,7.753317136039106,10.351297264275845,7.497586047873021,4.15378244168913,0.8397081901380693,-2.917278703778459,0.3800058563121631,9.22194767932792,-0.9084670601719461,-6.165639510565022,-1.6340874697373757,-8.37363316496241,3.1061118521257636,-4.993885668065845,3.848780076713752,-0.7247438706219538,-0.12985846049526317,0.9695458887724392,1.8484982635179754,-9.530544462981245,-9.36491379323526,-0.31157581405554435,-1.4136833409467402,8.492107006428038,-1.374085850703368,4.734887416222882,1.1391441954097221,6.939902819667267,-0.9601015850633019,-6.334683384022553,2.7845814385490173,-0.6653594465881876,0.6907313068621753,-2.446018289948466,-2.2261247197150578
-29.704540324182457,-20.708562721066126,3.4667518011289333,10.242675120357703,-6.279110904432686,-46.81653811822446,19.837322114225476,-19.499381452381556,-20.056053153303633,13.542416797296548,-10.454022486076509,-15.290459615574523,7.3167492011871875,7.460614957455042,3.214730389387247,-11.579310453418861,8.019647034624414,13.187718113384637,0.5823220386188941,3.6386070684773877,4.049976980883372,7.5487910963577605,1.6514316607300747,-4.675524797358679,9.483014510881437,-0.2526735905743652,-8.672767511817465,8.386480602834657,-5.677208606289884,5.976752763738294,-6.8646229345027985,12.85913183807243,17.469344386025647,-3.284514274863023,-5.579696777906553,8.11944312371852,8.534032489734901,1.5878245620101605,-12.03836000059236,0.3700222076872554,5.769346554262664,-4.215874670664598,-6.268178520476384,-0.6814776408177732,1.4405109167217076,2.353312761259072,3.5523465396827407,1.9220519757981214,-10.006102904275272,7.823961152555806
-3.272972996824356,-14.42831908585773,16.01012922387901,38.07531169943362,-2.9654146792621514,-11.457425069272036,9.088776622598205,1.5057523503018524,-8.973134144048386,-6.271443194382885,-14.321821260260608,2.5592654354430806,-8.718747541890135,8.331856740970249,1.0516332388436818,18.459428038014885,-13.431599172028626,-16.78330688389306,-2.6071220406179543,-0.12001916460090112,-13.795290423985678,-2.9304072430439163,-3.9727782651148473,2.0693994835794087,-1.1824168700015674,1.9954781333509635,5.084176324657045,3.3155733289623806,-2.830238318243744,3.240692206853417,6.293867834549622,8.946888949818113,-2.011393581981061,1.8045186727532752,-2.7972902697399182,-8.422332206319297,2.3883574151962654,1.287198148884631,-0.7230022941813616,-2.0378765019039693,1.2163081842823797,2.533201993390547,-12.170250084310014,-2.486701784384657,5.129734290781188,7.920438323027549,-0.9349979834492061,10.676311796954703,-8.853534443970394,7.444102925481543
-51.050742791801994,-49.16466909456426,-23.154424360238643,9.245423133977695,-1.7342352631607734,31.41381081580966,1.3510996118018044,12.215322799630691,-9.83949429001898,-9.402441587084946,3.636760344909803,-6.5230820934476865,7.774757912145374,0.4681647164474318,7.069798180443346,-1.6543320924353528,-5.680162392606607,3.024801884011342,6.186595381098057,0.2521580592542014,-5.078790916055065,-1.146445078534572,-1.1533085083416723,-2.688173941687741,-2.6272560169237975,1.8925492163607125,-2.6568631895834303,-3.9941182106818776,-0.1845843652735411,6.429843299814636,0.7693114980926478,-6.004448582181502,-1.5546226147368065,-4.315849441968749,3.6263745214948107,-4.168188504106155,-2.7765828415229747,0.9925693662662748,-4.921096284146108,-8.360351307753685,-5.061342507669587,-0.5543921776580484,5.181872900243552,-1.1434458395577685,-2.8958880877893725,6.526530483825372,4.273727167251449,0.4582174393197375,0.8303393624178196,-3.53957631839714
12.35654829217744,-15.142254702401564,12.981783895549173,30.8765774838319,12.08779643655521,-21.75579375662393,10.487192462906032,-20.47568856692387,2.4883991262223315,15.839147708056768,-4.118917161636211,0.1824835771843207,6.907588140761709,-7.660830143832836,-4.47330871781425,0.6137827301188935,-3.9122122196790086,10.397130560271474,8.688797268500961,-6.889246461786638,12.303105737305085,-15.166756833026819,7.173215267517213,-1.896748604819283,9.534444353997628,3.0392872707503837,-4.507684885525119,-2.939352620545869,3.24647617606866,-7.997675985347213,-2.498506355090667,-0.32292823116684694,-1.9898231399859612,1.120278423017243,2.9910860120842386,5.046522039124289,1.016830406257983,-1.9159346675404114,10.216696737474841,-3.6984573759893964,7.492650120910214,-2.304732929308679,1.7401760221456666,-8.848564274498413,-8.007419278504562,1.1229569191733522,1.7483287647566337,-2.5119710623375746,2.496222589747965,3.504797941442616
-47.13979167908738,-64.28003982452942,-11.700324852546174,6.587158150885929,23.6496813194657,16.535479188703242,-5.501181427517329,-18.039959783252442,10.383858400985057,-8.53458846716476,4.081385332600818,-11.69017854280364,0.24320197274536837,14.986150165197541,-8.742800161038039,2.3183937579114837,11.259861173341413,-21.02297862757261,-11.197422400679226,10.852454374465285,5.311499102385834,-0.054466695010684296,12.913247699500637,4.844447694942597,4.02744334995657,9.48865646224418,0.54554022008482,7.224391811963184,3.687944190044824,2.2740463828568886,-5.020325850174007,-5.8527519622837305,8.46909302208066,-15.09282141393118,-2.296707185913336,18.197489712960085,-8.825856524299146,-3.242552099476001,-5.155102936504526,1.8884661447789348,-9.131496739042941,-0.4172348603618734,5.917477860930701,-2.7854917488618263,4.027895204290631,-3.79866766420068,-2.9266889357037806,6.823119681362655,-1.0449703637709733,7.524607604900609
49.40407254807618,-23.85195936836353,-5.288429050324838,-12.569186310954324,-5.432154502887694,0.8133615361211074,-23.0348816778835,-19.99539641830993,-5.268543137711833,-11.66545373852619,11.976233248533038,2.00624556945929,-2.1131870809206452,-8.82116127715565,-4.831799039443532,19.106196476316498,3.4662854017886047,12.56814728086939,-2.3604540970258876,-0.668707395516497,3.677241720492508,11.556003324536004,-0.596318359509987,-1.163716413455392,-7.852925656742207,-4.501284215465822,-4.007904019980463,2.750737326275431,-6.073195612313218,-2.0693722328878925,-4.3235196679272985,5.4831793104733615,-4.695043699423952,-1.3461531780021423,-6.881064177920022,7.800755901626302,3.5572825121513763,-1.6529851793523753,-0.4600699986205859,-2.7428931255191156,0.45442501025899845,-1.5469220855757746,-4.497610242650786,1.3064070092470101,-0.3754026687667284,-6.950215822393119,3.310765119792704,-4.746313583466747,-3.41095078212611,4.484058698344782
54.50114573533753,-42.62423267127128,-33.337063598257686,-64.06948569540873,49.23793759918139,-29.87529940485139,-3.838888933977634,4.716038011795999,9.29222077672076,17.816861089605833,1.6325849868508524,12.362382442825822,-35.01201656660025,-23.100651308122426,17.872915864680756,-21.78937240381358,7.6895659980562305,-4.669399901350077,-8.308706112119493,-1.9031491073152045,1.0685942091514593,-7.481567014160578,5.140243864275247,6.663841518927776,-9.986769049638204,2.083406219404472,-3.4347110020825586,-11.06330374208108,-5.000981628527219,-4.336411850368953,2.9065288894159615,10.055313150388017,-1.4332448115436818,-9.33675188923218,5.511526711001692,-0.5896324217287143,-11.421706981141957,5.293280337143328,10.067589176823734,-3.154889741477387,-3.0408447630902917,-2.398887948304436,-3.7966206660472346,-5.084618893224743,-3.0239241602952567,-4.237516759307276,-10.437842936412828,-3.296071282382723,-0.16841560687101823,11.373709369593833
3.8936634956660026,-14.808766802077393,23.53325623168721,37.6050930977172,3.8915565527334457,-11.70352441095237,3.433381093925612,34.390003920447505,0.6749306892126661,-7.782267086269196,1.9641108657458743,15.599587232186364,-11.236254591774326,-2.091637797672245,6.229858141685599,-3.6192086552803353,-13.504002301008692,-8.544473240478572,1.5004279799039768,3.9361649570802215,-1.6942259460076767,-7.037726994242416,-0.6802850588726225,9.309704931218592,-3.664444366337819,-11.083935797547712,-10.02248678566861,12.724172002394639,-7.634932206988926,3.6916259800677214,8.631907102216674,10.73132649334158,0.023211224726821467,-1.2566777123599815,4.497903836929821,-5.143847207411387,-11.911332119601246,-8.488305942162855,5.6343324139171065,-7.932301339223448,2.951498426271459,1.2699102378386797,-0.33475834154253103,1.295223662522987,-2.435018070889017,9.80155172069998,-9.692821211517886,-7.032567381187245,8.680937297840599,-4.029091160057456
59.87366913300588,-23.266238721395574,2.4585051304305487,-8.795564527548521,18.42164173249997,-2.0666510001841174,-20.091310366886734,-17.291341677176614,14.31526348034014,-12.569321392252325,-5.38866255441348,-5.072490931923691,4.38392613879002,-5.765422974157349,2.2771420325307945,2.6636850252106226,1.4422502829068473,-5.339891139389843,-1.3554046887389952,-0.24194841016380042,3.0499732550942507,2.959681602381454,-6.222325562289247,-8.732403633219064,3.3241684564388434,-6.512177935183111,-0.27324987116698696,0.9350243289265194,-1.8320720805782023,-2.7306707106742905,9.158300616110125,3.368036890483835,-2.888231612463136,-8.069270539573917,4.867000928589788,-3.2605499008859358,5.417963105052813,0.5752580656223926,4.939748007354895,7.03778350243573,-0.2989237070077416,5.24534733413966,2.320348214467576,-1.62467552831607,-1.3683575790206897,1.2761512270105473,0.9192450485773794,3.279894720910166,-4.944090783049673,-1.1992320363054985
-75.49523585160854,-61.588707215302534,-55.500083083469434,-1.0928145166638654,3.4023981617574433,13.712822870856408,27.703712417867003,4.516276014309246,11.141035974794544,20.006665796557765,-4.885422041049876,11.790579633700252,-9.614312618784473,-2.26484742981924,-7.771756332917787,5.426115358867653,8.6694810109125,-11.785786503245328,-8.191122730286148,-0.7084760333292135,8.222550915587052,-10.157448173952341,-1.3530066097240696,8.630670532143075,10.41630604996485,-26.718996767048168,28.885519131704296,16.877941209099028,-12.996819600252039,-10.720580475660736,18.23024756939537,-1.3147014563163635,6.389277784247272,11.34862227722977,3.020419871446979,-14.549738026139561,2.002978496634961,-0.5230579218994458,4.6322177623629734,2.958691978550989,21.857735610879573,-2.3484742620496664,-3.023718158955302,8.327091067015099,11.019305444419762,-8.961351828799547,8.740449830861547,-13.847085626952857,-2.6546598572319833,1.1768282968447086
-17.25286127003893,-22.88775832178679,3.586903736611606,25.312692582029374,-15.127252406381652,-36.06178876564409,14.904643212388029,10.266971786194379,-2.6162239160661502,-12.068537361878501,-25.055942161576688,3.384254930799923,-15.30737770885443,2.8461698924777123,2.080525125224494,21.785233914901298,-9.528318431653606,-19.21065148320489,5.5125916118215725,9.843229287619351,-22.10749319390346,1.555151217810419,-11.690160113560093,-4.340273814222453,6.4058289356973175,15.344864675631733,13.440018325917709,1.9261783616130688,-7.276613356451229,11.895350951222024,-3.4504161056520237,6.8207455209898855,1.9075703179645536,6.955838847798779,1.9081937846716803,-0.6791729319412279,-0.8104439764474848,-4.4394794391249635,5.390008978213749,-7.725286264309776,-5.018084300799185,-3.9286793129879753,-12.95800218486957,-3.654630235747722,3.468236718241789,8.404423992864457,-11.64496313766522,-4.332343316098983,-4.065554718400904,10.736826001432359
4.9417292473201995,-14.32842467734479,12.82417853937373,39.67583545377726,-7.083270166049991,-23.883148789231566,27.398895407230473,4.263551992313478,8.54284734467765,13.181646747331468,-5.18109493388852,-16.05129151320091,11.863225337385659,-3.2393205287725886,-4.837799800250483,3.0317696105841296,-6.045306786813542,10.450665782858339,-2.189621582484559,-7.359731842789277,15.818704777743053,-15.791957714184953,2.2480132588933452,3.3953866902210224,-8.281205129623968,-7.178411457363485,-4.003338857748902,-0.7930524239175262,-1.5596458974540375,-1.1236138373461237,-6.563252735434995,1.3784688867890658,-0.6435785920008784,-5.194783214265528,-7.99748035919155,-2.737075863968536,-0.27809083829726206,-3.0898882003552117,3.958399803957557,-5.4058664370180045,-1.1249343348109981,-4.73993795575341,-0.11393072015192827,3.2569307131088694,0.9305593403549144,0.26254239358283743,3.5888103690400652,-2.5274290921505176,-2.5395004642908137,-1.6525849295106612
-61.768241620054674,32.079056306441366,-63.40931240908386,-10.859168134127646,-43.54171200507616,-41.241949246002854,-13.364985308992722,-19.76944548796095,17.071535896526655,0.3728266587653044,-11.850794352405211,-0.9385835100749145,-9.91156302495095,-4.045850827938616,7.401203054451273,3.334231061853347,10.515530229981193,-0.2075982041000869,3.388948602490709,3.752608601303176,1.6033341858516938,-7.4059185921222825,9.951337842975132,-0.48161596002189805,-8.449771562701676,0.5774789015795961,-7.340333458586849,0.7760871568683388,-2.044551633815149,-6.582090972056175,1.5963499518262059,6.500592416961004,-15.522473220089692,-5.321864802068435,6.845100370395041,7.2529163372880765,0.6369985289899837,0.6601469883286957,-10.115997389455254,3.415591333914327,12.651940768563993,10.332098799452465,-0.374115231647684,3.7122648865774144,-4.2942169662421525,-0.07374915986663737,-0.26201033688381875,4.253599491748328,-2.2010892487081724,0.41628033166544604
58.38685402146306,-18.662676724725,-7.288919977244609,-9.542037506543888,-6.411538834271263,3.3571238689971437,-10.081010532670973,-2.117905526113402,-2.1610336373491146,-12.776867684095706,-0.6764050892877619,-10.239177489507059,-2.70062481312933,0.06424206494411797,-9.088722975696053,10.86478634624318,4.176734078135729,-0.13538144467528881,1.3177756188425864,-5.938401193644657,-1.7344210189145828,1.113156569872995,-2.582168126664585,-4.1197648708015375,2.7319837684690977,-2.052713747432424,-3.5286727205796935,1.4986008539704638,-1.1207169899029854,-1.381913148641038,0.06758878991867862,0.8021631928672033,5.036254330712766,-3.0073655807000605,-3.5015724679585114,-0.1513860462977747,0.808356353317791,2.6773045929623422,1.8542551204507474,-4.1584612902204645,3.7389348486333738,-2.8957637406471783,1.595037328701182,1.8595822376324012,-3.3000952362263027,-0.8486004832434043,-0.6693216425483804,-2.8019020878893213,3.452285057538715,-0.46448874859687445
15.108918399893547,22.709887024871936,33.36187636482117,-5.779038696857716,17.498036075473415,27.418409367608206,4.0092342281602,3.751656641152896,-0.004588005527056292,10.383044742843694,-3.8321647113007153,4.919897248735502,-9.743361877646413,-7.597575008823517,-2.478644500654205,-0.571355743277592,8.343367398537191,-1.0219235595772926,3.3490044895947935,3.6096697266259885,-1.346952494419869,-0.9660652314197191,3.3980372492811295,3.1603519887590394,3.298139032694876,-3.4092390544469398,-2.677469642722323,-3.7796241388097744,-2.170281146531636,2.0970465841716375,-1.1470011182615565,2.5787916460645883,2.4545392887526156,-4.396113792795081,1.221467650383417,0.6461283394198223,-2.5849540934338684,-3.656571209345963,0.3335654494666315,0.0843889802943378,2.9195590801444817,-0.09792986696328153,-0.47795260150062047,-2.618966493784681,0.1999045086012706,-1.9034661294533224,-0.494139198648552,-1.509202246524418,-0.8079342443734884,-0.5518614532580058
13.892601628753592,-10.775884055925589,24.349900125067997,31.08443440654443,21.164866686322384,-11.406773766366008,3.974359281731011,-8.824037624121528,-12.753769511572175,0.23230490809353377,-3.5040282840054,-14.431004995076297,-1.0299129842392667,-9.685688939617677,2.3716792950498413,-3.6300626855779674,0.5301314109052739,1.1860565807835637,3.258011529173688,-10.366113218793329,1.4612413425076813,-5.468279898492053,2.329653455292127,6.141537873815718,2.5250560852818493,-0.14250405908319405,4.468997208362731,-3.311936524811634,5.555204439113188,-2.427060405335973,-2.3693413913069286,6.37651510348382,0.48904730621258846,-5.158202254456014,1.5476187207716616,-1.4991488824527093,-0.04090556864315239,-0.7646010944084559,-2.3319808836988343,2.992534531935268,-1.141925037115456,4.914771004627472,-4.483555839295366,0.9562082872319249,3.8216257976534393,1.8803900591291531,-0.024631062014699313,2.3410279475235964,2.71773868907929,8.546621832862142
0.4738558172730378,40.2077950321103,-20.738983526008383,30.763227613118946,3.982704816894884,-0.5944919147317139,6.479339332541635,17.949592552043455,21.384886278202636,-5.504134142077536,7.984592854237642,-3.6206035423927267,0.4989194357434779,4.357652403022635,13.078740276817625,4.4378508141342525,8.730438245275751,-0.9537506492591322,-4.836397652175207,5.944257811781619,-3.234622175121001,3.049761523320578,-3.494602142218649,-7.129724414282082,2.627915462871091,-5.591791589827077,3.023737848785157,1.2564037715449725,5.671710713841861,3.2546380150584158,4.584253638178652,0.6004844912795746,3.4089646956965267,8.133955602907742,-7.610819533899362,1.371445276146406,-1.315797984881333,4.136335162695798,4.263892021935852,-1.1664117015871978,-1.914832855316212,1.050713641012762,1.2500188174501496,-1.0127021375657153,2.4930432845797124,-0.6015174737816842,-0.45923289357834285,0.09770641228164377,6.865677621822187,-0.8273733165587158
-4.005310937262041,13.889013744773038,29.744311909446896,-12.718489504780965,-13.974969573309641,2.2009218256321423,7.197129092572261,-17.133093973687874,5.243390506047904,-0.33066804644061254,5.647935575492874,-5.219081465207134,-5.594769819028064,1.282228270280465,6.4236128373288395,2.0147998180500992,2.4083530771274226,3.2475338703320142,-4.813218671576837,11.043630742292965,-2.710077383624277,7.182016409481689,-4.187039881521808,-0.16860476987122036,6.4068197159269555,9.030661160674809,5.180154530354072,-2.4442706192772725,2.6132070001473986,-5.084669051452594,-0.9525068639514435,0.9380059549661475,6.141941294874133,0.7017268545001935,0.6971078354185364,-5.667533226834688,3.5857122283898524,7.083544435580043,0.656287925948254,-3.0165580061252495,-3.281370969683859,-9.02527207011345,-7.281542972987551,4.501308864835287,5.511791121531331,3.702383446599554,6.77396074543611,-0.4684605768197499,9.755989740288966,0.42155140545138614
3.549384127445878,39.58688234519879,-13.270857572543221,23.34599425395526,-3.1914411314067794,5.951435725228434,-4.61385930820479,9.7813203472178,9.622858747740006,-6.5080042060135685,5.81273052175137,-5.468101454970149,-4.095133745503104,0.6710844863889512,0.4036600527772455,-3.492375134774348,5.332690703168621,5.12232359252479,0.9857101506014553,4.651204063197493,-6.013780075188721,5.588327817531644,9.149899858259557,2.818619532552389,-0.19141001699516041,6.752121997171953,-3.9005687947281653,-1.3092486377991825,-8.017993770203184,-2.752694935481652,-4.89713593230946,0.9588085647738586,1.7442621042603432,-0.23542220721912727,6.782517769734636,-8.120093308162149,3.6346795883210508,-6.5619222955644405,1.2901765706954271,-2.3304419171797677,4.79765363067181,-5.574940211338061,-2.0378940215591155,-2.8239483181493705,-5.537140174185858,-0.06500575860881846,0.5694149452976558,5.216761863513094,-6.8439918415463055,-3.474823300730481
-39.5887434194,-5.243138211508524,22.683913528418678,-38.80994812854794,-10.903884494860671,-17.20645477811945,-0.03948135310897997,4.004883350400457,4.706640695166198,-4.281754969050027,2.2318004927863204,-1.7940410309259482,7.123983029509052,-2.704874016404444,4.178760836052857,-0.2068641350745244,-1.8650165377111647,-12.522610988218638,-3.4425377287630865,-4.38159931710333,0.2805244334575588,2.3157620712058113,-4.579162175782225,9.120147415764764,0.8131850126577828,8.414383281099134,-8.402000343341145,9.788038349906323,4.7572433300317805,-4.141777016565155,-3.692202821445127,-0.8738474701433668,6.930397756639068,4.389433564738925,3.051497938466679,0.8055493294655182,3.2599658063463206,-4.761050043868902,-2.724784768848581,-4.4278733533195025,-2.216888756720019,-3.190412717437307,9.268113987596617,7.482075193903319,6.343721269931134,10.808949513619908,7.243931218646212,-3.6404163940331435,0.8378890068698578,-1.369817066842186
-3.128565775890627,1.8119866229591224,25.116977117599767,15.142681441546724,-5.501906649165843,15.93253904913714,-32.100872732548616,21.62922608736127,-21.57278504345869,11.948015512689794,-2.8554890408467815,-5.319413910861403,12.087675977654238,8.772707212098661,0.30086128340777707,2.586238259999383,0.37600299194981585,-2.9006561521784153,-0.7678010338497382,2.1122180824407013,2.281418598098587,5.3504445634491065,-1.1008469465315376,4.964238059865628,-11.387765015828696,-1.948143019009314,-6.081220282364331,5.560331218069527,-1.7871885977181843,1.0808320454661775,-1.7384551525760248,1.8853823733500545,-2.7664195054525624,1.197058810979002,2.8503288560835416,-4.812704799302622,-7.4465646403060495,0.8919394764338895,3.6810974890754857,-2.6957086404455466,5.739706533488851,-2.8978280019699056,1.9164200461008176,4.832585045350045,-2.6908446192616498,-3.4566615417662434,-1.2728766848387703,4.982225013417497,-2.742203103687578,1.8813128500253453
-4.916757092505517,47.68227888331228,-27.571837758493892,13.788625362211267,28.418719541683725,0.5996320077297831,-5.017743982526253,-1.83884263509597,6.709941092753687,1.3457974783607336,11.364623371118284,0.5316953017245388,3.42541735181688,5.5839287872666965,-7.110734929624942,-3.6714853511815555,-4.328903786544671,-5.798542124838718,3.5963630942554254,-5.973712785007976,-3.1193640217765273,5.804856510561156,-1.8222092809004558,3.4116793738767206,6.086396850549542,3.686518810895669,-3.117906475999229,-1.8915634209410779,-7.949292576483552,-6.088024256789725,-1.3019364626292393,2.9281392543322786,1.494126325358513,0.6752791495115218,2.3228785893228605,1.190281426702754,1.3181892437423333,0.25954073082334894,-4.472497698913313,0.7176879355937312,2.407268018885257,-0.49487140974868393,2.942924069495778,-10.648143485496437,-0.9335132217789724,2.864878311078687,1.9968576849230741,2.760279110753599,-1.0553542902400688,-0.02686988299593861
-29.050298197689642,8.6470686738025,27.94696704506273,-44.4197062436761,1.1544574378711703,-4.3863020501759244,16.240283204688787,-9.772087537242232,-4.940965261255599,-1.7215734218801493,6.40158400411332,-8.038249296750053,6.464741910799869,-1.743327460952423,-1.3083645185282842,3.241579870288979,-11.7086597996712,-7.026239975803703,1.8081909089678305,4.798731465877362,-4.056317063251103,8.393580408054605,4.839415096612992,0.7760549656640684,17.325740276914836,-9.466570363615114,-11.495393105591207,-7.68162899473994,-0.09452940961504076,-2.8066314279457174,0.17692035780113088,6.772642156998283,-1.210786114769931,2.6582451584299953,1.8027369556695403,6.091434895229424,-0.9617897793156269,-3.3085326474046575,0.39627002916424103,0.6313445536103749,1.1475143144299544,-0.5723560727045477,-5.183471849894936,1.256217480516884,-1.8084676346196578,-0.7643344417929766,4.478633346703058,1.2157882446704673,-3.213053024348597,-8.795752122529878
65.53958699692889,-20.17439390083121,-6.790913429406534,-7.813003457647888,7.7210999707415775,-0.5800308949825412,-1.9567431916883653,0.6488573430355761,3.405690079530832,-3.910601810951372,17.077138541628685,-3.5887131088584,-3.580587826824739,-12.23961127194736,-4.546886720001795,10.009350756980867,3.4640450116096675,3.528516225114361,1.3621196397051745,-2.5732802440037252,-2.4861036278727626,4.708441617352118,-0.5681408530581008,0.22067011178358506,0.5328738181310598,3.340246019950493,1.6785048111746836,-1.3393792447690371,-2.6610458308143414,-2.6043283968329005,8.443097088588704,0.9800823431371047,-2.2614021890865295,-4.871059829836031,-3.8920396303575546,-4.692388072656162,3.564121413712212,-2.2947629585071345,-5.0194286642113015,-0.2949436205234639,3.149416748599003,-3.9801312863957308,5.200211466710737,4.0915925487999765,-3.4214714827207846,0.4126706198228118,3.6548736354434768,2.667436368891002,1.7000872994887084,0.14464227147221526
-4.2026465751807836,-0.17985100094567902,29.373065837280368,-13.474348739866548,13.5588059138122,-2.997030402537016,-16.262392958732008,8.69099059049058,-9.252539290056065,-10.87526501761041,1.5252944184001793,-16.815826014218302,-9.679634257061224,6.870397534761958,0.6853847475676678,-7.355994344277115,-5.770792584383939,7.100209378485818,-2.166454629366507,-1.8606133499315711,1.2814389760143174,-0.04153551990400898,-4.270698410944531,-5.0359772652216,0.31810419749772945,2.7034852487921586,2.623171252114269,-8.404275262148031,-5.890803102011445,3.067275186080926,-0.32256712878423455,-7.798913652899945,4.857917275057369,5.046388036711526,7.5057413664050046,1.7021270808617173,-0.9402712427449297,-6.207851989889007,-1.369357274583248,4.496826706718459,3.5149712007129055,-6.3816910597472845,-0.1976010284903635,6.1134764196859885,-1.5918979683103691,-4.95165958361315,5.904789201945494,2.7056845571321544,1.7058147009047429,4.520406915109686
2.2010592956467963,5.549385974492982,32.41401332256551,-3.134419272179158,-8.609301763803568,8.928964569266507,6.7488663013150685,-10.746390242397098,33.120732643907616,-0.13048027070945445,-8.087120454655706,0.3995189089877347,0.6306462474684615,6.259708580662073,-0.2684562556007905,5.3774535437378095,2.201784958125052,-3.898382764582415,3.334272711509226,2.0481575236214975,-4.488004849421211,-4.806316754066682,-0.6977829319592317,0.2510922124293867,4.646305992584859,-14.315937569929309,-5.8897597032983535,-3.020506193458741,1.8868892179122132,12.398283027155792,-0.9666370527083621,4.009175231039778,0.07312906368559913,1.054559561544906,-1.161458489278387,0.5650315495115787,-1.6225295294409636,0.3096755305038915,1.8089547265451302,-3.968356501249638,2.053654983067024,-1.1398684796489835,-0.7925336026485637,0.8472620470926504,-3.044529446381517,0.9985096096864575,-1.7437278566874317,4.640655885799994,-3.2173454507650687,-0.9198317113009918
-5.6638246331112185,-16.17469987509975,7.987389910018083,20.45278161090914,7.729877318725232,-4.102121414665116,-8.52616986765961,4.364976938860713,-7.252217519336227,-41.449729245798,-5.525528479045672,31.79587675994009,6.849748618236932,-0.08769702272360448,10.45092969459868,5.258163874535979,-11.396440055080351,-9.401183298171741,10.620312366585278,9.954952336319177,-7.939280166675089,-17.317398815089305,4.592236527188099,0.003465189239794359,8.092880714221085,-0.38847336411751865,8.43460220256696,-18.936150021706577,-1.008748297431835,-10.551435842687006,2.6977299021762753,2.1277183967709234,10.742945576669957,2.6752645291186794,-1.1175933491262409,-9.371448630869128,12.278496307603133,-3.7075336451751353,-7.113789247771993,8.578716944874497,-17.04939566673555,1.4890830960569545,13.065658807318435,3.7266702626095016,-18.77488636124589,-7.5964985776712615,7.345729577592635,-18.52583545421862,3.0773966224606055,11.637571827711445
-9.850865074276122,-27.39969910580587,22.219201496087013,-4.315516071817624,19.987588074030494,-26.4695479443634,-37.31915376769463,23.517724835158788,36.35764160556585,14.208880536113352,-9.791360168609966,6.2871677640489425,1.7841867221222378,-16.570403242869332,7.313264608066615,-0.028451095267996874,-4.897366472465582,-2.7121085217110448,0.40660692042310836,4.483381680537558,-1.6970620239691707,3.2967326150414156,-4.12407112795733,-4.627136157685799,3.236485409551914,-11.824714003480757,-0.9004273857193976,6.8001466125455,-0.9664186752038341,0.07890141224192752,-4.1041901377149514,-8.630825193272841,-5.381298646567779,-7.683136412163166,4.59939479359406,-0.725585159338791,-3.12000027096592,-0.15619041611957565,-7.507440989190956,-1.743610894825819,-1.8590992325677125,1.8062813031645502,0.6465460675472948,3.5364551494364562,-2.761447129349586,4.607055967001015,6.8885146228897645,-7.469766184510315,-9.450843048246737,-7.638510137735763
-9.854016522531674,46.37855408831073,-28.445163483311415,14.080424308423536,-2.5652417224223094,2.667643434774151,-11.249820899299761,-2.3504415968028796,-0.5975144288777845,-5.645788912568448,-4.289134643377777,-6.651119162793539,2.8238342008594652,-3.4810353087981336,5.001350606514538,2.243779939304447,1.9929326900400173,6.0646633233222085,3.640911845099346,0.3144753820740464,-3.3905201678084644,5.656015621794324,8.854268230469774,-0.5676022364940999,-1.259026017972181,4.464691208535351,3.223061200455534,9.723590239382302,2.4898185033978364,-0.13079195661455584,7.816940583753003,-1.9879590339226165,2.0655618365701183,9.940568699295977,-2.745782361674382,0.8347247210568088,1.5132614222941547,-4.56641577184006,2.2645223649815396,-1.5472738168816855,-6.122376468146011,-3.8409531943148103,-4.872989271447793,-3.565368103978452,0.7680637354909513,-0.1778425029454258,-4.2673596258156055,-2.384592978809279,2.214651878353115,-7.278449354597206
-53.68177461978569,-15.300900767888123,-5.443898757971631,-19.656995660631434,-46.15193087449571,-30.06609427095913,-51.979233842383586,-5.7413251971576145,-19.604241951865728,29.189641057996795,-1.3809764074480642,6.4684219641320775,8.322174414795896,0.43636135910921364,-0.6221765349454169,6.749919321849494,14.092390009490156,3.33613566227698,-3.8428503462103523,13.807272513306078,0.8929558767132337,-2.5132793906501223,6.136317251333121,2.4468914811575715,-6.116319416971934,-1.515274422275511,0.779004543317372,-6.899309231803626,-0.9648348082328938,-12.68722469888736,-3.276728633209171,-1.3014492467866094,-3.8532536967636184,12.703640203491473,-4.429926935306317,-12.166068821856882,8.925366683727754,-11.119093975449212,8.041908510258514,9.619124936976613,-16.740601441843243,-7.560579257906181,3.8891790951528855,1.1232168547801218,8.164680654008649,-15.711285970526776,-5.582587720519512,5.996166706822398,-10.36374848971078,-1.2597508686724705
-29.116006136237235,50.51730689216124,-51.20882664013602,-4.861671671039706,31.133289938594142,-13.904857748272931,-3.673175900633984,1.9762957711719715,-0.5549492234831311,6.544000761832575,6.356733054039184,3.2292572314554864,-2.21191060699071,-1.1994107076625593,3.231087890336735,4.055049812112742,2.9332041433651637,-5.323180581404999,5.871871382816893,-7.080614923075031,0.6092226658267003,-5.805298025722339,0.3300184016570754,-3.2596149481982497,-2.1445288327819227,-4.712699017402148,0.009649868108582586,-0.9082730963110565,7.851041686951637,-1.42062722587547,4.715939235892483,1.3229287103110505,3.0831260768626514,0.5350973120102704,-3.18316609504685,7.186171219546397,-5.633175902669062,5.537428508599598,0.8262564178325513,2.5591206912118896,-2.2334070963130936,4.803787093852547,-2.3554911226587336,-0.9179747012515495,2.9899179491518137,-1.459363170109348,1.9133778930599692,-0.6668039908697554,4.628468669194936,1.390915518589375
7.426511038936844,22.397114456703427,20.594008896971538,-11.67520239229566,8.510916824780388,12.836140407665798,8.549235791014349,1.4561734808896327,12.337146568174846,6.398316662207925,-12.198112434765626,6.4649241529902355,3.6571328294604344,-2.126703443890919,-4.004651095300871,0.7565437743205519,3.2712544357154134,-1.7085432528292261,0.15508316296120192,-7.344234676772497,0.6214465128726967,-6.770032744412223,1.7899490086296426,-6.219574092841972,-0.20606713485608225,-5.722805577446989,9.845433131873207,-4.334758465073107,2.0366750993563465,7.134663169911661,-2.575844156830804,-2.7356033741444996,-1.92738233123365,-2.922047076948184,-2.658248178759402,-6.37100247428222,-0.5470624911780592,-4.183983380871937,-3.0703061533574156,0.5388516191667162,1.852790535222467,4.982192918202962,1.1041261073841921,2.057435633896214,-5.7850938031520664,0.6225690015310086,1.9746702652126544,3.736233038928475,0.4189244960749652,0.9561600321313293
-11.369067789011059,19.081154953707927,31.45554164247627,-18.657968130258872,6.427307585375588,9.110415870268769,9.96517816657526,-6.639082697089344,2.70332255309249,-5.857821832424759,10.264969937684656,5.930251284588133,13.612705438258425,1.2608645195339376,8.346172788066198,5.030493517974936,-2.760651086373445,-1.7569759014912385,-6.612075128835186,5.244701983933865,-1.4148504537534892,-0.17398503810184435,0.2435642247292162,-2.5223078620462234,4.874528542286418,-7.331758019117212,-7.872134096330551,-1.0311421217302,4.853500445274654,4.535170557467655,-7.48151508545842,1.1209734212785356,-0.1792506059763404,-0.9079782585545996,-0.15305472776617748,-1.311775019159767,-5.55106182713868,3.0564373757520933,1.1916848305863674,-3.119287472222895,3.1537924805541726,-3.6775664490307425,-0.5737667724113003,-2.937451353025426,1.7907794832706354,-4.05890416207486,-1.2237142322461074,3.8005408252259336,6.8199717534231175,-3.586930802705673
-65.2224707280524,-59.84863244234641,-39.67196805303418,-1.2944263369904656,1.605242068067015,22.299050346074395,14.29688063656746,4.2498262336818895,-10.651588140222263,7.717718144522463,0.21288696889016917,-8.122224205877307,13.309886010123543,-1.2562244439776538,3.1472099405484433,3.8757592328767636,-8.050494136451555,7.077580258609615,5.471181035149422,-7.897698030580555,-0.9503284472962199,4.879424907677075,-12.165727911378788,-1.4952337826194149,-2.9257911367748553,-4.32197762265454,-3.20763327566933,-7.733465834850493,5.494703097046335,0.20204717085858906,0.7696930538932811,2.799548916115951,-3.543032372966045,-0.3937834115570783,-6.631255935842683,-10.62705920917349,1.5716334436586648,-6.923278218862723,-5.406789229207,3.2986828940363435,-5.784396913895876,3.7165507944339637,-0.8984390560116885,5.0776605590791855,1.4953666571023176,2.479830385336344,3.2250208420284685,1.214515702320385,-7.405836357094086,-6.672683044104921
0.1831019153511034,4.698429080378935,37.797292735488725,-23.062942893121747,17.98005401624524,3.7081503816212606,7.133182951574506,-10.141822896008941,12.354313303433498,-11.8697367762587,4.516017167689511,-17.077621217725156,3.0791589374043906,-0.6037639449039589,3.7660130541583454,0.32457043977664335,-12.036685093079317,-8.205439485765632,7.953296693729945,8.121602028363458,-2.981282601864712,3.37118943603462,3.6312030958943144,-4.647917499727672,10.983450139948376,-11.317565460477589,2.6884245681829326,-1.1696310261992502,2.565679156881083,-2.403800531162429,-0.6311177127407374,0.2929177358261845,-0.8941759371305049,5.287833261873455,2.5248534897311083,-0.38544239013551257,-2.9947684062721858,-4.182673237274777,0.03631136937767476,-2.3889373742584255,5.280754466304624,-3.5250036923563823,1.082851187987478,-0.46534454402549547,-2.0642968562230166,-1.9377674291205425,-2.213386829725536,-1.1282619637231648,-1.9067519784612823,-0.951764206771943
-25.51985932767727,43.32013294083921,-42.66657768838589,-13.053473748795035,34.4316831884242,-12.218192297662242,-4.723398327496991,-0.7068487484712105,-3.979877125018047,-9.68014081188061,-10.449552792013739,-3.408570578433041,4.550773957265735,3.7262203288790294,9.017479061559587,11.392808530152262,9.43421075968813,5.451228180005155,3.8416786802078815,3.651004495212241,4.205078570018514,-1.6059392750742205,7.485516602954352,-6.672886181502107,0.3577312878454738,-3.3092959504588046,-1.682102218651276,-3.8750307398650556,14.761179941559345,2.861429100048947,11.002150106546901,-1.218791864820164,4.080811994912579,-0.6910072833663659,-8.022953333686642,4.981375466708175,-7.1638129019968675,2.4860925075804645,4.068940671800757,7.178435454104478,1.6863116636063749,0.253633437348568,0.18290352407323401,4.236064038826513,-1.5410081491550094,-2.731686448470562,1.8329018035889282,-1.049599375445525,-2.014092032912424,2.8707446789028137
14.417900149171198,-0.32078914319671015,16.294650307209924,45.7890842530012,-14.585293471397048,1.183960341541023,15.00117172289572,-0.4296921728244664,-11.059899597351667,-4.7265002969852015,-13.39182071240334,0.6197806343541773,-1.0685093768973075,-1.7938725949752812,7.32451254991565,15.615552666358791,-6.421937096916567,-2.5849011765184597,-5.712100521545266,1.2418586131642393,-5.411936927228696,5.378643459822999,-3.021907324727625,1.2794189124075745,-6.2995666626130165,5.061495410252714,3.6414886459560827,-4.468212632023382,-5.6083014810545935,-5.146322274469066,-2.877591293314387,-0.524384589226256,-0.10446170750064394,4.806617031035661,-0.4478694101684043,-6.171943535261413,-0.06508866739464536,0.03372029569639059,3.7420406488184064,1.9740371111150492,-4.36467955798666,4.084095654250172,-1.435108449668402,-0.184396222683332,-0.07661454660763409,-3.74487351097929,3.284848775894989,-3.077442754151112,0.8675725343842585,1.816066070730581
-49.72919916570433,-18.063835355709223,-7.489242215726674,-16.740567247678296,-72.85998120341345,-48.60798527730311,-50.65765552721381,18.489056362342158,-4.460744709225817,49.89791752153705,1.1124443946878686,2.0490597250766887,7.541322387201439,-11.414382821611152,1.5173952323689153,13.767298218970863,-18.190999839704507,-8.401970833008932,-16.942864997416,5.4703092894565115,-3.7502140162355952,-4.2687970429459785,5.82398361466332,11.65887283164323,-15.31830702413115,-19.660618212276734,-2.815131741787249,-16.4877857889718,-6.297394503789528,9.889779373116895,-1.6156343032729572,-32.28360423277662,14.54850105882349,-0.4567556525788759,-17.76137094051065,5.840007844093232,20.243749394230928,-9.93861590599417,11.645445183960007,56.554683752870076,5.499732211968264,-30.88939918397326,-7.54789117337098,-24.20603435352986,-12.07636633505171,35.02929316669916,-14.553743417541687,13.875668069617957,9.620206962769538,-11.438594818228106
-13.597578792188655,14.875624723936527,17.399680870630654,-21.16451139787339,-4.432383613747574,-7.637336686692981,-0.20436296913003651,-22.114751449010285,18.921941040898634,0.9530012770950824,4.216643198184737,22.543495943230212,17.108899142926617,-2.160940651429011,7.576260759135537,2.247514346076935,6.07625500592243,-12.509907808887041,2.464225769894182,-1.3011724195403762,-6.3724718484834915,-11.403137495891908,7.324217107362003,-8.476134992690033,22.01739503544906,-6.259885443679494,-0.020363441832282638,-12.680232318803467,8.205823851008944,9.354324599172607,-6.502702222398842,4.250539921406696,1.7871135130731843,-5.41198686357039,3.4542252921424526,-1.9992425736370305,9.1818725401602,0.5343652428747411,-0.3452912918928461,1.3633827087554227,4.0201964737777205,4.867495244718612,1.564794544045134,0.2659778526356418,-5.676457743137106,-2.1240716221473446,2.4061958196452258,2.28425727165735,-14.41169612836953,-5.820880515886139
-9.739405209884607,-28.159455624718095,-6.547577204122199,30.62985807147592,1.126010024893315,-8.677898995036788,22.75973432910779,-24.962835152636814,-3.269096140592319,21.51980422419727,16.34044024376914,3.966318707301438,-7.801888681920775,2.3097139647749745,-6.698640938635774,-3.8283500042930108,12.591301214718209,-8.064722244866159,-23.07852104850183,5.21420903274517,9.868651674163761,5.817731311389367,13.059684243213605,-6.98565031282425,-1.3343384189477374,-9.443102172050992,4.842017917738115,-1.9116573972860553,-5.643874137244023,7.543666858087384,-3.475181725118782,-6.297185911146857,0.8070339188163222,-1.6065230357357227,-1.5342986287494496,-1.8513133370535908,1.3218902647886943,8.279909074921632,6.64234170429868,-6.025184627862563,2.755220682712377,1.5250783546449584,4.471462938863673,1.5534432442182027,-8.37347788515726,0.7160340669541715,8.186658686919968,-8.42851618959831,7.377934043973897,-5.63371964866194
-36.14334212664247,-42.990064641578854,-20.454158799889093,9.92317906607633,0.4404284409660251,34.77679601167744,-7.902180982968185,-7.120767816006146,-11.946419336754342,-8.344940599921431,-1.7668838976548746,-3.2623696443351715,0.5386657436325492,-5.40436140138263,11.387307092216284,-3.783825864612499,-7.0681974667474865,2.835576379622322,2.502305200186242,-2.865567257300556,-3.9039483153035732,4.59889894773967,3.480614466163202,-5.551852350706718,-10.777093280537835,-2.979140726229981,-1.3413002925922992,-9.350660676692478,2.4374389819590543,5.656986007618662,-3.120513785775048,3.16303809808849,1.0340641190053812,0.9324605837010976,2.5449171959252537,-0.4291896982105727,2.9820187084672303,3.3209536753988,-4.64986477241001,-2.377900116639077,1.4898191134067837,3.7852279830964757,-4.322447598417338,-1.954607678595886,-3.8866526468425535,3.6762457404499482,3.588827961361856,-3.3145040498766103,0.9349115376502111,-0.12564269628471844
-11.062389241046217,-17.9525241319775,16.858148569988774,20.468315263749226,11.364275928856522,-30.1046409631185,-10.119731852982056,-44.189201163778826,-18.99188256427579,0.8104550907536666,6.885448815149161,4.665174165841785,9.646098998215765,-0.7972259845216804,14.988286686440553,-11.107131823717491,-1.0375768418828413,24.15501834281141,10.257079325240431,-1.4546257655273498,-0.4054522656311868,-1.3661115070881944,8.972541121235606,8.426686229649572,3.709832048331378,1.2083302449666213,-1.7094378841865183,16.584819224949403,-4.324126181606728,-4.040762800367334,2.0590265453424768,-4.740061911829533,1.4461744877396614,-14.91629581331763,-11.991047187224027,1.0459550123343002,-5.561413998624583,-1.674708241077126,-4.94963479060453,5.792355006417359,5.277166832382909,-1.7244232576984917,-6.463976581328625,2.4318462971223602,12.309107392616193,-2.796595375512178,-5.354701271952236,-3.1110598627869654,1.5829907046333613,-7.361698637552603
61.546555296319184,-29.20278495720137,-34.80410238343671,-39.36635291022763,12.71638295102431,-11.499046924474182,3.7185520988440026,-8.969868548226907,-0.22734463462145968,8.243881914406801,-0.913492983510264,4.549911563794277,-0.7435723395216272,18.425933520294773,2.140056405507874,-7.840173195455001,-2.335285874104265,-0.8395742402764175,0.7875511059475445,5.623461410521978,-4.582761208411099,-1.2108621149571173,-4.158583765490092,2.9819000038712855,-4.208594965306604,2.237473474728083,-1.8078822395048328,-7.00678981270505,0.5475739794029818,5.888989495060749,-1.8389844181837411,1.7112615576441597,-1.7905128622667141,-1.7198122066477097,-1.4624757353185682,-0.24940198717273962,-4.765533085266298,-0.37074753724401394,3.185132700491884,0.4231385630467012,0.3382597723569419,1.9144505837168306,-6.707642139957696,-1.0024270419842396,1.4133090784654543,-6.612115275600458,1.524327967332194,-7.283668233158648,2.7223388511077897,3.946402935373071
-6.759168505052631,14.882352419195945,33.23082031056243,-28.578508968600847,-0.18068288271737867,4.013567926049536,20.338915997340766,-3.7855428760271517,4.972372600992774,-6.002610164188471,1.7832468177445182,-3.948548913420325,4.370893665869063,-4.166332108383073,-1.975844983877322,-2.3134189827066507,-0.9574630524140443,-5.5671172521584635,6.280074582308226,4.5449240779960824,-0.6227342041204966,8.265974548657226,1.5713700393088195,-0.32580538120994773,6.72338041230456,-1.1648960845051253,-2.4169828507737656,-6.399905949906985,0.4859919924365306,-1.4072061166939913,1.5019291253769775,2.7341115068761845,4.854024414674698,2.952006037254749,2.203323619822652,0.9458328430386566,-1.6957588710777383,-3.6336383976674345,1.3418099366592697,-1.9918060874816705,3.8393718391881744,-6.514207999927165,0.0035040991502261884,4.538226836296226,0.8292420634357981,0.704983669250234,7.424603006100741,0.5258380057057294,4.230225470006012,-5.1282205890774195
-3.2837498792610345,11.28476021811431,23.4091035989873,-12.448118712995639,-34.22830352689667,-4.567569418416965,10.013944695333889,22.583510845013468,15.543159210130858,-3.7291508188090345,2.066606958420081,15.287425277706442,-9.236950721357237,-29.385568902522014,2.588792188719495,-10.237514862464671,1.8197552523544527,2.8458013565645155,4.139630653140682,-12.771857926669272,-3.035847247410524,15.158749495785115,8.986716245363727,-6.705350194630619,-5.28530838234452,8.184716366382153,4.108380861188126,2.379556900172018,2.0870138689514386,4.057634316124681,0.3232019251485196,-11.355563878859178,2.390033023611021,-11.463191900120803,8.465306673044843,-3.7293346234058777,-3.2137070620164914,0.6745041639048547,9.560288564057203,-0.48005062507363444,-0.694075994299599,-3.1368456964939067,-7.398899978016714,-7.210814352145414,9.478218810712413,-3.9440041509434978,4.98927770725177,-15.37533318628138,0.9605979617583945,6.18837405715676
59.21198788187724,-13.122982216405562,-4.989572932114536,-0.1851686449332221,-1.2731042005541058,8.694113464696317,-8.410581981791946,3.3093877909800753,-2.0254156606132065,-14.160651183529355,8.849569097435541,0.1712646996237289,3.0217397700370663,-12.83563282135801,-11.118909640244063,12.269031203186003,11.362244683369266,1.6256199483756935,-4.164860766188389,-12.903186471779994,-2.4575744610231296,0.3993666743917541,-2.780337922826518,2.3018824046846107,8.25126787300711,-0.7997114965887767,0.2816241213699037,7.402130176370421,7.405690227160922,-2.8139998121234404,0.32971608196381574,2.74109292117952,7.478511799147878,0.8390633020862823,-2.3538262328855435,0.025939382256631623,-0.4499495898379176,3.6359806138907906,-6.7124341625182975,-3.5448041414643803,3.6220823569810428,-3.338239285052686,-2.6749992908219005,1.8483670655303857,-1.1301406923762363,0.48670419724322234,-2.4779425574763625,4.895652299112615,4.5050889423744795,-0.8009473648119159
-1.9557624017623398,42.21115149572062,-27.72634051234855,19.613730446557454,12.25824081904319,9.028188709902055,-17.456413706148222,-27.787268312314698,2.111089896215292,3.4460726438135594,4.11090064692036,5.119816293502274,3.0092551865152375,4.442202897969402,-5.903951638102337,-8.025164755377737,-3.6469029089743863,-11.961657648338925,0.24555803651421834,-10.093934588216538,1.553935618942065,3.9836028725544534,-7.689327558336041,4.018145314326357,5.012015379554332,0.6359300716574451,0.333644501554508,1.402292943821323,-3.0152228847259765,3.8713048007848117,-4.608498628677705,0.5720916595246867,1.9402514127047188,1.149438303189098,0.5705251777925425,-1.4977095545189198,-0.8081869813819972,1.1019373158886971,-0.7130599529116397,1.3187468108357496,0.21357954602673218,-4.523184074600538,-0.005955316233588822,-2.5078875647485543,0.8778833234965193,1.1298239006333413,-0.4908103344980998,0.33305293112176404,-3.484392896784313,2.88574432810938
69.14942011267391,-9.016146040375284,-9.502888374612004,-2.6569877209511508,-6.0157963451361285,15.27486658840784,-6.1907957381492,4.936804668829862,-5.019960513951549,-9.148967459287359,-3.471248446476056,-0.2492978299327455,-5.811625344806474,-6.462782787082939,2.0735871645437807,0.39789593243976495,7.336812514031561,-0.9295153448758499,-3.007238764791452,-9.92937728075628,-2.6469107410690103,3.634323440878528,1.3275233505879844,1.7947764419401828,8.019887168746724,-1.0024483885773563,-0.6745520529668444,4.303749481661025,-1.179941885951778,-3.1749122258990434,2.1244072346639316,-4.706908018774026,4.050247916373786,-1.3445759475397911,2.5438709183541555,-2.3005204467200433,1.2149687645926845,-1.858246909250256,-0.4381190082099363,-3.602210338349098,0.559279736541702,-1.4029993489578407,3.0762262610574953,2.131795434013943,-0.41851834394631415,2.409602074284152,1.186139593067461,2.8502501695179956,4.618710809215075,-2.187206475297838
61.55599906408974,-26.1825489536097,-32.507579100127664,-29.104090151232963,1.6108963264913958,-8.877317548342882,6.794071921985589,7.831097279632153,1.7852844238688512,6.379270657229671,3.6939367278468596,4.031254931728056,3.2912292346538568,13.914832953166611,2.4514385806800707,-3.83394183893698,-1.8032941010270498,2.9698203392335802,0.5684402966357783,2.025288226597289,-0.7093633215341465,0.3016560880482472,3.854233163856812,8.987862570916935,-1.500429435711986,-0.053626939695784775,2.719481341315178,-1.110454168535031,-2.1556269049058145,-2.9715353892212852,-1.0055651534243248,-5.028654894264131,-8.901703144483784,7.162987862988265,-5.229664087513299,4.132110179528486,-1.5303065656322408,0.42450514091925706,-4.797755193297697,-6.624613878475078,2.8687467688765222,-2.90025364145851,0.16099088907824188,2.0620896156397373,0.540184894241635,-0.5229061067649688,-1.0276081210554053,5.043267177994175,2.5627147216254893,0.3787132641660566
0.9212875217806703,22.852027469391484,27.884426678462507,-15.955993544955891,12.586309419688085,16.37040664758167,-4.610133424408126,-17.56887865642225,2.383479076969243,11.572654637725847,1.198411134201618,2.0361633323936412,-2.4671927400934037,-5.9996076064139885,-0.30437430044794467,0.356585517422309,4.631313266261364,-1.9185475524910296,3.344940529255759,2.507104076638102,-11.190179398491491,-4.547791515060058,2.3531521249978424,1.6253625913648748,0.15740050359522006,8.480100137754844,7.780955053214305,8.668168990633694,8.032682201356188,-5.350755728374814,-3.4910521281115643,3.1595598983096203,-0.6842312196148652,2.3252473642063807,-1.6573017967059123,-0.7400730307606211,2.001966995381221,-1.5475458235857957,0.5263291746638932,-0.2207327390200076,2.914811412444559,0.3162666299289899,0.9999959204142955,-5.253132537932038,-5.487304041562922,1.437745161946104,-0.43847922705542214,3.8378564817038883,-1.1188794360170964,-4.06205258765049
-9.315161990640224,48.63697941242679,-32.2605038327753,11.269533449369924,32.13156631417038,-2.3581805288520115,-4.169312686142832,10.139181413376557,9.233575297735076,-1.1201056370336973,9.450980391817922,0.7150064285313628,-3.024114684196265,-1.3664928925033226,1.527775963650453,-2.456056188135702,-1.308927888999245,-4.452038325168948,2.122360538901417,-8.391466913484184,-1.0214920202576474,-2.353800626538065,2.7196096126865035,-2.46863644077166,0.7899802657317149,-4.279123178417958,0.6820716553698842,-0.2993058758137163,3.225260947425003,-2.3659628687674794,2.027045132495179,1.698807161795678,1.4992349166467815,4.008386470330936,-3.3350214915675456,2.4991733593645926,-4.702772783701985,2.2009655305399987,-2.624948062751456,4.362942567545156,-1.2589074806483147,-0.6607082995331364,-0.42487911440041887,-2.09316566004536,1.514420724695813,-2.31989376817607,-0.17180625248474407,1.8050563163477473,1.8671279225990502,1.5469946289588705
-16.691659991472743,2.5339099647839114,27.266598710135312,-25.135153070024458,4.95588711118606,-3.7378042070986828,-2.007525970343042,0.520349913230164,8.206460146021376,-15.624481811388977,-0.69530045755426,-5.058829191391426,-3.6570980318656017,-5.376821592191511,9.544028475330144,-5.892916934504144,-12.547806070866141,-2.0662918090476463,2.7816410261211457,-3.624192525379179,-1.886965385443302,2.253108306778222,-1.8532598048578808,-3.1200571957677217,-9.077511926936564,8.373822373957173,8.91809045932093,8.204387242907984,3.3646876059953974,-10.459750753352267,-1.165372133193294,-0.43009892300129804,3.682767376648374,-0.8326395409010648,0.03929451674526517,6.518158647596762,1.7422896840298743,4.812291710635669,3.5160282129402654,0.44231343099879555,-0.06382081246901154,3.189068668138097,3.6335549836164573,1.698239441652748,-3.0124770659885463,2.6458905112387514,1.52256160022488,-2.547980088344235,-7.783086448889452,2.352324863883324
-2.8826609493526094,-16.713313144905893,15.459433455548432,32.24947236588238,5.674891841052164,-16.80708284485159,14.003234025051798,5.959115031503973,-17.079901824606004,-8.051520812838007,-16.483083086401365,7.522820700162526,-8.43982017042773,-1.1233929496614885,11.982552113469364,18.73636960677286,-7.8160250275215635,-11.110799269691208,-5.2491621248921305,-3.704472019506724,-19.320864768763453,2.89036497222783,-3.3641520593996646,2.992217025400426,4.565315653393127,10.51517012229347,-0.9437796236471182,9.03111209185912,-4.943410910393537,3.822431811930033,1.58216049192064,2.289408980934179,1.0497515824392647,-5.699334843881274,-7.3574197352318835,-1.9753779224916903,-8.285333899439062,-1.348290629094274,0.18610040504730693,-6.544765426780365,-5.757418690017647,5.279773335352759,-10.581008075074033,-6.077559732498567,8.902448857597822,0.2974660437436018,-1.6900959050468447,11.898254500286676,-4.344284119991229,4.321946810930467
-0.7930535668365137,-3.9910041167458523,13.628291264911658,29.90698220278839,5.0956718910534535,1.2234984712140116,-3.7226513626316975,35.74373722025522,-21.621169379842204,-37.43971086406823,-0.2281752333714782,36.52477370168402,14.128209192656213,-1.6605542324334308,18.116120899544008,-0.08724350567448252,-8.497803919525643,-16.551477919387676,-8.110719681686382,6.530199169099113,-3.1037074693558506,-23.033608248293046,1.3458080850596839,7.133207594160508,10.337366084946657,-4.633360635261644,3.800889082331702,-10.949920807098275,-1.9125591908433213,-5.544489687643405,2.0546585389634116,11.54694521950791,0.12337158137828594,1.6229072988963282,0.6140566297789595,-2.5093630070474737,0.970041374749481,-11.942539397233356,-7.251429839693474,8.958010001879813,-10.744881402075238,0.624358434127116,10.07788000583744,2.626006789390821,-21.160252475991243,4.0626222086883015,-2.5753440424237333,-5.498438982527314,12.572236768990456,9.244706026128805
2.717526812176149,46.27684865713311,-31.38655022999255,17.424865971707668,-6.73149745627787,6.591650237665452,-0.40251254288368427,5.038343041386052,3.9339727657244628,-10.831234160328007,-12.180438133049984,-0.0038000664228923452,5.031090314263378,-4.231895258459765,2.360897760858529,-1.8083554936520239,6.542559298615087,8.38941130236301,-4.026192290857986,9.10140843194484,-1.135785881477613,5.343437303766297,-1.6498391250199085,0.5581079290262559,-2.5478153033215585,4.405496054028995,-1.349512937986182,-0.9383967532857334,1.2159943318584359,-4.100734698643442,-9.044793327839367,-6.332169517627974,5.662682801433422,-7.450567041141681,6.373590084084429,-8.680721862488898,3.8301670862563606,2.6410725117807066,2.054393903431793,-0.0416632509145502,-1.0318145839782342,-4.303953438592898,-1.5928246941918827,6.7295860768559415,-2.395066531564319,-4.969880338547785,-3.7598591854891685,-4.887088344959499,8.52237845387713,-1.4423252844752332
58.75072045538862,-20.492848566767993,-21.7577968774306,-13.441560672464808,-7.8881030297373975,-2.1779151519553177,-5.413526009065955,-4.382121094406233,-3.19423180528685,-2.5482620437685415,9.936732782734413,7.141955294898274,7.0730454633069355,4.452508516312041,7.345517567572751,6.980785049341959,8.776780494527495,0.6006234229791176,2.7801788947419483,-1.598310471232312,-7.569731419751459,1.1396163504778438,-4.767307784527461,6.43904003197076,2.31244030995596,1.0469505604907938,1.7407232835250395,-1.396639733500207,-4.360188165012611,-2.952266691264256,7.273443077836872,1.9648072690207516,1.7369886501565264,2.8715399421664953,7.643196128385558,5.5783179799544795,-3.497292397945162,-10.593749777668465,1.4449825254847581,1.219943517483799,-0.8705933863016199,-0.3699818167646349,1.669898812272713,-0.5001494672587792,-0.8757274091600713,3.617600654172501,-0.04373348827778711,5.578070342913055,1.0917799503578163,6.48729604607587
-25.324566051419573,-38.33351173098062,-15.272014809388239,14.996329251659443,1.395807771922522,31.321315717921234,-10.146462533251645,-8.670641153153333,1.1924173868668329,-5.144164249403327,-2.780716479219366,-0.2584639860130121,3.52169184089453,-7.282043546017145,9.49722764810414,0.21274452085082718,-8.058997826863735,2.393283044370184,-3.353945722837201,-2.821890039721653,-1.119926163120823,4.859895556055606,10.906567207192376,2.028898610604678,-6.130407811592213,3.804621624130897,-10.202869741768867,-8.05281061119655,-5.219412480737097,-1.0576631603829356,0.4399328928600809,0.8623664314664915,3.8753603848307328,0.29354731983713706,2.103053151476922,-0.7998066830055052,-0.22030994767071657,9.889913250919083,-1.9468767323493785,-5.550163515065731,-3.14230871457658,-3.7685206956768105,-3.791615213038092,-3.2984535101864094,-1.8724027495883182,4.523077816754174,5.016530998534525,-0.6418367669772973,-0.05236118938816813,-5.6535617155177675
-3.311002196362395,30.008409932391817,20.9575917440762,-23.262152616750054,8.135061144277207,21.283437613963503,7.475746457218098,-12.658694586980678,-14.245769195759276,16.30912502338871,-5.442276089691662,8.624762211400805,-0.45826999758910936,-6.078869969871853,-3.9028104043875103,0.7164965943272542,6.260811132126133,1.1345482066203088,7.330314317431021,1.8957044466025879,-3.0009796604899415,-2.906388839446538,1.8526775894962855,7.056111908835232,1.321707219766397,-3.6598797791729716,-3.05101455764857,0.10869304663205175,-1.742039335642191,-4.161545699736524,1.1914710389961956,0.11340027077559799,-1.789153835305148,-1.9985422173938416,-3.5911712224089825,3.597270561843039,-2.75981734803957,-0.01629254011111544,-2.10469961053219,1.680809783029225,-2.0782876940968884,3.099803645822828,-2.311564235354632,2.119450200207688,-5.160086731248252,1.3773736936054362,-3.0338961774077835,0.05788023014177456,-2.885151889366841,-0.6934609200317813
-58.2213661624649,-67.65073146360457,-22.134082461647345,5.435228179548481,7.5651918547697905,16.823569064549115,2.1917619336529235,-6.031457245854945,5.569114392143618,-2.668863791091934,-0.7044584978989553,-15.675059802807702,-10.145548257910663,10.082825816085002,-13.856944749914964,5.314593820943632,14.145940846870765,-24.688085628363854,-17.583464418972,12.186881243170795,11.156086886633796,-3.910509881931253,16.730221880510957,8.024542572474944,3.9019026288681933,5.221400426606831,7.048196679719207,9.617763017506032,-4.16089524130882,-1.0611551369311074,-1.6068354338020814,-0.8990759551308,3.3320632201114,-5.267076721148407,-0.06643798116966806,13.92594072818927,-5.643183495445467,-5.429738347862338,-0.6075012340870166,-2.5939182854063687,-7.226460536086695,2.789719924637248,2.499229333589798,-2.483951728960791,3.5098319193876133,1.9265815470327903,1.6586003395251179,-0.5021375358717707,-0.1927394201325009,2.9584086642480742
-14.554872212230888,15.420863721735751,20.04703885836056,-23.275157878023624,-12.266829559623954,11.05819291522772,14.05899932495171,5.528174337184629,-14.778506009342863,-8.620132041861156,-12.729506601737343,0.7673093629158492,9.024143933357616,4.441629100106522,-6.850769232591138,-0.9291513665068379,13.705200457574009,0.9013768285730563,3.2312434299730737,-5.55344901942912,3.851433242664294,6.35257412211744,3.6474100130749507,-1.7545050525337222,-0.8145109853202037,-4.512350581889986,4.697834726096484,-8.592577227956992,-8.28407407358368,4.69601915868107,2.710956753979954,-2.097973985041558,-2.279650510594802,1.5114346872591415,-5.119623645404039,0.17025628764939987,-1.6833225645355847,-4.787203808912621,-4.003066157368988,-1.2774726806369445,-2.3251028322630067,4.180721787031054,-1.592831299882271,5.041936639131763,4.028217702620192,-0.7082151810629483,-2.085291097719476,-1.6956156220214536,2.6150116155866865,-0.5545755211276581
42.518753921310754,-29.33520431994103,-29.38273407824143,-10.215885755938455,-44.70726249014358,-18.79485384335048,0.015216795030026795,9.36820622473265,2.7676319846827475,0.28077473777195355,29.50611384061785,5.100706840855012,-5.050572916676074,-16.868970642332595,-4.141588573211352,9.47949656095869,6.498752871069773,4.138028949523153,-3.1152933393401527,0.226494600054749,-1.0723869646615154,-3.459002855374159,-0.8727308620734392,12.517447935466024,-11.097807597194585,8.823590956356956,5.744175625573134,-12.29557736448691,-3.4005337587017777,-1.3108033458856472,-3.204419306345897,-0.20295128682328573,-1.5118344270973663,3.9009176488894406,-3.6936510697260707,7.376578104489695,-6.836558763115506,-3.1947376897337905,-5.801119658782278,-7.208326825629731,6.8142143657523935,-2.5619932872361066,-9.27232495107483,6.320653719717472,-2.5032334976200135,2.668832979251126,-7.9662829563303434,-3.856164415164844,-7.473556688453445,-2.188206698661891
-5.192902386649107,48.26326641178587,-32.44875958812486,20.37468501999136,7.058987971188992,2.0835178201771107,2.74947438752886,13.921113412900025,8.763930747374399,1.7582678149742763,4.47370357875613,-6.139696509202627,-1.3110215864090917,3.226910650642063,-0.381990016964758,0.24885449759065412,1.1585029360907368,-10.637130265165831,5.864325203090412,-3.6133293861356686,-1.2436826437220079,-3.7227063889902863,2.3154644080652127,-5.2180208139356905,-2.8270096641023645,2.088101238635409,-2.8591487211730566,1.0708541538129193,-0.42098152912055736,2.463460583811625,4.239650622268191,1.903606898224667,-0.49807912483686473,-0.2674575736462622,-1.958501046616021,0.2537908355787212,1.7775671991939745,-4.659633410448109,-1.2217773064925699,1.9182600592994588,0.711830236175539,-4.942983044751165,-0.7134986329338682,4.650180418121439,-0.5809473789636228,0.2176584866120634,-0.004698181132304597,4.99808187954451,-1.7877700336477178,1.078615854567031
-21.379697421967624,-30.538784073334664,30.259255645442902,-5.4688113311940425,20.605041150664807,-27.10617356862451,-42.01313288037813,27.593713525225187,23.279752376811338,24.956447468287656,-0.711128240897099,-1.6286589627318742,1.0681678584935388,0.2860202247500215,-6.258801150205226,3.2568832252841404,-10.294426083560257,-2.3468406917988327,-1.2693200455438851,-1.530561838597554,2.4009345388204753,5.984267931962425,-3.8617312154717274,-0.6649147555698642,3.598213328108435,-4.570248014878276,1.3093352638236226,1.4462209121243215,0.29991235416775813,7.015953647562122,-1.1942132954502123,-7.358020333875088,-0.9699254197357066,-3.7858954689297035,-6.349550403411981,6.07228104674158,4.738469231981275,-0.8216173698451067,2.232046985212827,3.3270164005662966,3.6877295046316303,3.079103866986787,1.9257711539141789,-5.891262575642286,-1.271170477166208,4.44214820263891,7.606774576065192,-3.40805066549167,1.6216291194529402,-4.089556960863256
-3.4303993174667635,8.512749500419389,28.963726629066315,-6.50709277672338,11.760413166089094,10.891656949272198,-5.516139352816304,-4.4644968651452155,8.650198365105643,2.3218774918376583,-8.85640657362776,10.857482947720744,-0.8203702152419965,3.513496707309805,-4.138524702094598,-5.957433388919568,9.575151215985198,0.0706437416796653,0.37039180621559026,-8.43994068824332,-0.06457245771328435,0.05476181565707451,6.770199054206335,-3.1861635796058168,-5.159665002497489,4.839113983947575,0.042559873759723935,3.538618988539173,-2.4202238029950465,9.661952235632633,-5.578568231516926,8.62957292508695,4.496684359229693,-1.4190268773206909,0.5073080288610463,-1.8475694234192337,-0.8054523651047942,-2.541751744241367,1.7232235324682033,-0.868622403120134,2.089578925871776,-2.2804238587749115,2.478736701048861,-2.8271649677769424,-1.1581246536619623,0.6341569071186866,-7.315839211546734,2.8673637596816985,-2.3753010060020117,-3.809411050729622
37.03770182952639,-38.944160219668085,-11.94964865366849,-17.937643663405876,-16.663202022309505,-7.786990367523292,-20.60250196925311,-7.662203042853723,-6.881233846728205,-21.520278437733943,7.551632169035898,-14.907223219900306,-1.0177973782806706,-12.295033386716131,-20.989044776407194,15.943324026002221,13.94827698383623,0.08109245269141466,4.104911890523679,-8.290223764229621,0.9278060338326088,2.7856206274869377,-23.616184314556573,-8.591127495562723,3.7605843853356378,-6.643539927653437,-8.268664797434251,-2.401565654853415,-9.649259584243298,-3.653350017684022,-9.870105332738696,-4.305929579268754,3.731824815845897,-12.19172226058084,-13.092485955434622,2.7661336382623873,-6.687167123746508,16.679103360176573,6.608258946846664,-0.321899534360198,0.4914207232462623,-3.1477694452490863,-5.990567341150319,5.90219600583269,-4.351379553540815,-3.8395437582654,-10.336065570088223,-7.264073734742494,0.6129701554469237,1.9040454977095518
-27.093575935783814,9.460907410137677,22.73954479527789,-21.50400570900345,0.07322614417883178,3.2485610971011383,-7.246363190995296,-0.7346314380730878,-30.172780520871235,-19.218329512746188,13.926988668762073,3.430206020297819,-9.975184824266064,25.813276280002313,-6.3629371950385725,-2.15164404398365,-9.97127245861411,9.033166032837727,-12.672781425350246,-5.248674423923725,13.506302329450898,-13.199301573591056,-1.4203039134481892,-6.644665768753651,5.715640210595497,4.8764499739764835,6.053057607098923,-10.288308171286955,-9.181981084138659,1.0363334389757222,4.620071914972571,-2.47707635485152,-7.735835005652031,-4.154354506407983,-10.525688424303404,4.361809378922166,7.025700495132744,3.3642411486652155,0.8739766218293756,7.252312151925852,2.6606852796958034,11.232753637457138,0.8010248709201662,-4.509849861884928,-11.490414864135845,-5.170900118576595,-6.647995290446506,6.530491341345402,-2.7799547081959726,-5.742053983125806
-14.228932759682527,-3.416931678690315,31.385587553490314,-1.2955683143459389,3.6612215876807204,-7.037411534881054,-8.076603281077027,6.826440470670405,7.675999099620531,-8.733241177176298,3.878415180043303,-7.679683096249718,-9.28815603293973,27.458906135670823,-2.771097077956645,4.226700012016693,-3.5094801753579747,13.049753767616496,-0.652088436377957,-7.232847418196268,2.1995499528581663,-6.695107651952936,-12.906554232290766,-12.268791023924926,3.975612323752067,12.778886219805987,6.653056454472964,-2.0087408334873786,-3.1260403720085344,13.205672476865272,1.8459885788138204,-5.0250126283018055,-2.5471950215477444,6.6692113143351515,-1.783580952150269,6.788923443179602,-0.19402516583481993,-1.200127178606399,-1.6030873680768454,6.956679058386839,3.4958038450952915,0.07905169846915731,0.02426776242987715,-4.573837580847553,-5.466191037701834,0.24960197639590423,2.307488262611169,7.306849517458273,2.2759486921251093,-1.2214110245588339
23.634101942754302,33.99133120338438,24.418684220428936,5.685934997748826,-2.7200603926236697,32.34576246585691,16.33696320379754,10.756424728011849,-2.9803084446671155,18.01278824796339,-0.6150013612731497,0.24208680709955774,-3.225111652813748,-1.1015779820017806,-12.896864741547885,1.789955251254321,1.5019114918606193,3.6435842012143045,9.407624055548418,7.011379932773727,2.7595226434402167,-6.716602833831545,-0.3520820421767719,4.787114784294695,2.29248176044667,3.665938759936586,-1.6075033362508933,1.2771457132888109,1.034018822430222,3.8198811204160763,4.824687805823791,-2.159915079185556,-3.8674855066114695,-13.27332695867675,-0.43596866441810794,-4.781853060892001,-0.15676794400788654,-1.57063951021408,-6.036642146922255,1.7687395028531372,-4.938493052983972,-0.34731470638958534,-4.01876499617404,5.190732742625222,2.917356236339551,-4.417612766144422,1.5190048304807033,2.090035354882364,0.8014212553017459,-2.3023098248606697
3.6203739129836494,28.864178168407253,27.943141789638435,-14.271692101906346,7.85835530406755,19.58224263172721,14.193361284071973,-4.007210424021346,-3.02042971287037,4.861481062369958,0.7982961926127339,-8.733272807033876,4.42647387718618,0.06611737381901847,-3.4095304809643663,0.7528345404805559,-4.42896827478241,-1.3562909127358393,7.575035911925538,10.009862676643298,-4.837488526560723,-3.1556280642218857,-3.338512272752698,-1.2261152378080846,-3.7292979716905617,-3.972834791027521,5.4562985996212845,1.0335996760779993,1.9297227647704052,0.8795868330694757,-1.8815222397131763,2.324937602248544,-1.2388534717638098,-4.370086036372248,0.4913283810137143,2.360137822393863,-2.284840190017768,-2.171194109815225,-1.7187960615135007,1.5530673104746027,7.042811517306568,-4.11613192737347,0.2774004579929793,1.9306582716069656,-3.82920001723642,-1.1096643888530606,1.1898424752110521,-0.019902682640784243,2.1082946619411334,0.37843864444776043
9.384477404867992,24.726420131482435,16.53618514428234,-0.8969384274806289,0.744430058364714,24.294362497959725,4.057023748496741,3.0530611957202063,-1.8855853142915817,15.937961491092002,-16.506136509288805,3.514696810753536,-12.588318417356604,4.638071742526306,-3.7005940557228887,1.2008186383916502,9.883993309085993,7.784289926899278,-4.9789119805053055,-6.6271715888029,4.88270804215956,-2.535578199544229,2.353360745475384,1.7816953945677725,7.9088204285990376,-5.778557158175218,0.37569801741986825,-0.4716648427906618,-7.867403994429999,2.4092340102459113,0.7494751866123714,-0.7070870724653371,3.236232240488917,1.6538795454709219,6.413030279914232,1.2783509027427118,-1.0194068466784127,4.419631267344725,-4.022593739325272,1.283849628920967,-10.034926323130355,-0.850602684621118,-8.334780629435256,-1.5228497314966607,-5.4942371169786055,1.6873662657361665,-7.004198715087892,4.869254145807658,-2.3320026048462417,-0.18414199187336894
-33.576143989511394,-53.03548457376736,-24.035809498899788,17.0465021431625,16.197396925814832,29.589099111818744,11.417913833965786,3.0680764967619374,16.552909362878044,3.2646671078472895,0.04934928765218375,2.9990042338344223,4.7656543628363135,3.330882488433529,-0.5162851566227095,-1.5431098381167676,-4.522194288370099,5.665821108434977,6.569686702331659,-3.27863635054896,-1.6291304230731198,1.7078576100829452,-5.095705311451049,-5.734295629642049,2.646369842790966,-0.8481423402579781,-1.6867568464616742,-0.6660411567473257,1.6858772131110682,-4.049013054679237,7.278832015160386,1.207638397256641,-1.0992978491916379,4.543333497149686,-0.24152437860103082,-3.8104140011088394,0.7736485593956511,1.4225892463487895,-0.8420506708745433,6.052315671832815,8.963087737952458,-1.8782759492371321,1.4970991541599814,-2.7413313654784868,2.601502261820097,-0.7208062300671331,-3.887478394577124,-0.15428290312131593,5.082403437618117,6.299487290871329
10.609316816039673,14.611506485015866,32.90289773934144,-5.842361340323106,1.4229490665103717,12.099653449642775,3.4206793335080636,-3.427823048322468,17.867940627485883,9.84046901643359,-1.8761076129577183,19.744486822938413,-1.179944804006438,-16.301195987161503,-7.278177288497782,-6.9683498174035945,7.710293317351888,-2.3461519321698354,2.310912777783862,-3.9721185788412092,-1.8044522418555629,6.3886745496880115,2.6569564321048174,5.380051802851411,-3.040872212267948,3.801042606162459,-1.9745725280372088,-5.740102516904346,0.9044151600409069,-4.528877578907625,-0.6716303854965638,3.1427167295755267,7.0024681456828155,-5.947687857024836,-4.1962589163990645,1.570242070503207,-4.6529632978482915,4.01506057511271,3.5291193479829737,3.251342752171898,1.8161034833885206,7.022022347682843,-5.425216222540466,0.11071219906914204,-1.1190843454475659,-2.116087702175897,4.168799964841558,1.1798920714303889,2.692626717029586,-0.46297463005107026
-36.067283040484604,5.373430946533389,16.21231141792963,-25.74499515591634,-64.17772911912273,-10.024066711155069,-0.7824824866488279,-39.490331462804996,9.073270345374691,-5.128504972005972,-0.43448792177940765,0.15787392469839412,3.452884140725935,-1.1300862675519516,1.9554017913290744,2.938040654247224,-4.018687323589452,-4.347227575399565,4.044190971992181,7.667680679141855,1.7993432606823725,-5.525447452196618,6.612912891819627,-0.7859851363573623,-1.8044286849248696,-3.213913814072396,-8.56734318772639,-4.3194198669611135,-7.213370598970589,1.6176953838327777,4.56984435899373,-5.245835191040603,-8.34243582510947,-0.7456850830546368,-3.253069867307066,2.3781957261498805,4.056346289557014,-4.04194737637479,-1.0990936058808554,-4.0821269445533845,6.255014997249567,3.1769228105993714,1.4479017147759614,-0.8648937414008587,11.327396920430745,3.391725784593956,2.26306893752937,1.938207656269735,-1.415311545495149,-2.0793092635175348
-35.793842599997646,37.249987290818794,-44.40323170093182,-4.45268226099526,-6.4424875235323125,-11.669400115383757,2.4592517787323454,24.70208023516722,-4.864313839868724,-11.285490463323825,-9.172436034459528,-11.690005857324403,5.726103791142489,3.216053720283199,12.545317914307718,11.229300660312482,16.80304796941347,5.85911242319004,3.602779221372325,4.4175867933223065,3.4909579612127697,-4.82602342510703,11.209984784016715,-4.337542298201174,-3.9476471015060857,-2.1472492916618062,-1.9240343937193862,-3.4963914104090468,10.595143861157151,2.4052014707665945,12.390741633429093,2.768336411751892,3.9668089073837396,8.09681446302408,0.18264193600378326,9.567837020928465,-8.328297437330004,-3.6845569024409355,10.335209968989014,-1.1083077009169664,0.20120480029354637,1.2738537247574861,-2.585065335063143,5.908560188125718,-0.8618188249420932,-4.774896060285309,6.262369446052074,5.1069083391414996,-4.618372039601211,-1.0507361795561019
-30.65006995414029,3.058031198240998,25.581513946384334,-37.15397345482871,-7.057651401339634,-14.495499679087752,5.647737174283043,4.140923387685248,-3.6663270437269797,-19.802947217462012,6.863748676173798,4.485777228262922,2.0498819584070778,-6.049525105450768,9.85226036861232,-11.291271443028647,-3.166216907165018,1.9579828172608997,-2.1667317825705457,-1.9866113142143558,1.180016932065424,9.197793781478332,1.2002302666524127,-9.27350248182208,-2.4951793014110226,0.1863915500998962,5.48451753287954,-5.3347500209769825,-0.7071026468719017,-5.779478267504114,-1.944740916393256,1.2871441982843768,9.414956249521694,-1.818343274520108,-1.888092039721764,1.9942630331409112,4.485204303032888,0.3579515553653747,4.39623592998265,1.5243018448097478,-5.970184760425509,-5.893281905887426,-2.499155701862948,-2.7293388549909805,10.454939238095225,2.873666261800854,-2.458795403747246,-3.218406730614009,-0.663790525131627,3.4299364878789502
62.72281821319067,-22.142649683695772,-29.30523355994664,-36.44566377953441,10.454564408822748,-6.440729896702129,-4.630720827012159,-17.243807685791285,-5.430494071087732,3.839523534882441,-5.572769235938273,7.589050211158194,6.385158089321919,16.674203436483616,7.347808941979395,-7.2772075187388765,-0.6258317565904321,0.6006671304107526,0.36124917507057597,-1.321808254902102,-6.165153518746168,-1.1230932937028353,-0.5183781537821145,5.436260503489073,2.1004122811729378,-3.180421339944674,-0.06566305376301088,0.04451490625627648,1.8173895667154385,-3.5456724221532667,-2.22620433385427,-6.500438872299381,4.5706583341253735,2.4516614269335903,-2.15466755854055,-3.4325397338136434,-3.0922233278239784,1.5065514745941406,1.5754984211591552,-5.320052762136322,2.111602283687557,1.776714556136387,1.0355782351447331,-3.1698414743655725,-2.1107104018652456,1.0220120508372796,2.7968704626899523,0.30518682180945145,3.5164274393327313,1.1424258464154589
2.2405862091098534,-7.475659535183228,22.794362708880783,34.86461255118106,8.313844533685378,-3.843478899852666,-3.101825365591923,-5.749129822892569,-10.41913799895903,9.788786386643212,25.621679017878424,6.959396203938061,-4.4830215570255,6.311067282514175,12.88599883602683,-14.124504763107332,21.776945553219416,-18.479590268684692,-22.936398467112255,8.628342920883057,0.6936267640849375,15.606462291333406,-12.789200469646747,-16.829163465845053,7.435617150817465,3.890482638293691,-4.639544217724875,10.988057670477518,6.626247121658707,0.25761752427556295,6.165029589439353,4.941918964634346,-5.188744550498765,3.2137690822560017,-6.789544850223484,-5.178358222503186,-8.96379257173929,2.7350791337818063,-5.04990760760812,1.5753673912903692,-1.533724387167603,9.263663600233482,-6.303795020983886,-1.9878150590375576,-7.386964785429261,7.5188964276834795,-1.3769995675392135,2.3819233823991786,-10.96650380447413,-2.559559401351827
12.244037838077062,11.430343278292597,38.40501253472112,-5.150061374382385,2.7047020756076883,17.096534820854867,-4.44015044380598,-2.3769978793847786,11.259664076853038,-5.563001914505948,-3.005064640702347,0.36852650725572184,-14.510137160343678,-16.89889592429414,5.686540403211296,-3.637087128126715,0.6867408079704356,2.0913505024848296,-0.7865376289720555,-4.851925278592298,1.5556764375318068,-5.194952778285308,3.781104343347754,-3.8041035034677506,-5.247394327468552,6.461825320533123,9.338392111315573,-5.275673849623898,-0.08599882376377481,-4.242989008903909,2.31923478575218,-1.9019605272753146,-5.083192588632369,-5.594970892925051,3.863536553981155,-2.1788184844852303,-2.08091270355983,3.087838719933101,5.160114101959331,-2.189651444844357,3.549572032746101,-2.267663642405429,-5.222357511716231,2.546614076410982,1.7753587747916684,-1.281093232676768,5.195938192242185,-0.5681144148174354,1.5455048278387564,5.212042083372153
-9.073281331602788,-34.0673841209531,18.706637504920465,20.333268271463883,-8.063449049736471,-42.07123134010683,-15.888431102127507,-32.751131260956264,5.125292549336851,-2.8460411790381825,-2.0398700571349355,-21.678686142592234,-10.866697074692187,-19.839214959424336,0.9432361791618331,-17.897781548573324,1.013911117843976,4.40759879827842,21.453444113269,-10.535517514445756,-6.2291812178526245,-16.791691631121473,14.523140226791817,9.00090861223772,5.370407892494751,9.637429196972473,3.590950946456734,3.4673468551934046,-0.3945589006352477,2.197226592675808,5.724726258439442,3.764967461948183,1.2213188108582325,-0.27040469594939076,-6.5927970875147235,5.158629933566141,7.950333530471333,-4.869998576046439,2.333010994525894,1.6294040827837677,-9.546514728597389,-3.275994475912015,-3.6286637355701643,4.738800270997892,1.022371615550316,0.8985414297817442,-14.304388290678428,-0.890292987033931,1.6900161574761856,-1.2585888298438483
60.58709807022469,-21.18086267887588,-30.732384459496547,-36.40617285962318,10.7569131422742,-4.354083532452822,1.9365751649187588,-6.769381822669561,-1.1198890132257036,6.816765547886254,-12.58603094195411,4.248672353545524,4.703365959798244,16.918570637572337,2.110466815249067,-13.862918759954272,-0.8258055505927897,-1.283027220477799,-2.3653390117881954,0.7188332690217165,-2.999866506948354,0.8815163138796767,0.2700468979736451,6.852412140123023,-2.2846151829888557,-2.1989797602811376,-1.8676873357782253,-3.7104672615578367,0.3830699724198294,-2.702244645359223,-2.413206442399377,-0.6809705685210924,4.526776422741722,0.4937037568442467,-1.687089040832075,2.030581940905745,-0.8457370484151031,5.8739611034964945,2.70641865209845,-3.4296315268094784,1.2571191205369048,0.6639755874304534,-5.408270819315423,-0.6691564076193267,-1.0894934865270915,0.270955807712088,0.6132426242061416,-4.253333997432217,2.2178695696257007,-0.22318967866328748
9.074358743943682,40.814599591916476,-17.83584738257993,27.675775008966834,6.6756614858731655,4.7283996134296435,-3.936582099448672,10.329771171293903,23.86641419520935,-0.7136039767561843,8.322236651807813,0.49675262065002995,2.148907685909996,1.7025128008269268,-0.03992382551301089,-3.4202889195850106,-6.145976890603272,-6.948874886358285,0.9250963126938169,-7.60589334230913,-2.1557364509272454,-0.7641975167038065,2.189257778898691,-1.0019130965273706,0.7991025334796625,-1.0512336224301915,-1.7083506165728741,0.6309461422717476,-5.26048109919308,-8.367931661524977,-5.606599263985624,0.256878872411013,0.4193113647120769,-2.3158810086325166,3.711246122194133,-1.6046064217046097,1.3113837027918671,1.0398894807290593,0.6071191839538479,1.0239039962209746,-0.7290031141046138,-2.8813708244968956,-3.298632675063713,0.9601734434124477,-2.444741443002562,-0.28886424600949157,1.270167261974438,5.050855495551888,-0.12864686169131972,1.0707253189094545
-15.658691529912224,53.04361102360136,-42.46354292961886,7.7607033451683805,24.661852200187347,-2.7321946104617547,1.022049510726012,8.088996827671773,-1.600127137416013,13.175890103797618,19.42376916890728,3.6749513787464743,-2.1681844437596105,0.17240528563292462,-5.399497195664513,-6.98030303632905,-9.30403229824463,-10.535331407019312,5.314422095539092,-14.020262981290804,1.236143858344457,-6.277591585992768,-0.7951521301805404,-5.863655375547986,-2.4020549091818855,-7.119665659344826,-0.09709656820175516,9.586993502135494,-3.957108531329436,-5.330755797937757,-4.905399123827951,-0.2886486363249206,-1.1936852225787378,-1.115452630040262,0.7285333478441608,1.3970664202716103,0.7200682664734884,0.45528876868361146,-2.0341836756790412,1.57261578008071,-3.8483613639654712,-3.859978843037776,-8.811425737351327,5.972759124600428,-0.6696061180212993,-2.639490237158348,-0.7045884613259733,0.5896831659663652,1.5477871212581378,0.806736294705065
-6.495525513106828,-24.323908605466396,13.284437658060066,18.788278436148307,19.41418989897723,-17.806234678731396,-2.398709504585714,-22.37498974367396,-12.398981656660029,-2.569611075329654,-17.1382302945231,-5.679204864438332,-10.475571211426017,1.3851353778131659,-4.349724213506323,13.876482022342842,-2.246329171059839,-4.429132232897643,0.6352930891644114,-6.825352345026697,-7.9293449619706555,7.167629437345211,1.4373139136911313,-2.4661037608715963,-7.838576735378985,-2.5553458053140483,2.190000712314956,-6.7667184849286395,9.125129857161157,-2.7593445608019453,-5.99970597971813,-3.297600799155887,-6.817406431019543,4.953644683196116,18.14213148641669,0.9708809473821918,-8.955941710080445,0.8021797573279491,-0.190343028052889,-0.13694577275760286,-1.3027811480847458,2.619912273478312,-3.003180872259861,-0.7699100348614528,2.463356369583087,3.5929105502491345,0.3604107908599661,-4.62709104199741,0.5856220190946104,-1.2531626251469037
-12.381065495088682,15.415828025809265,33.62292672169197,-24.439870467055567,0.03350715922057256,0.47309505121954515,10.062540598367097,-12.417229368819616,9.44004516180699,0.9037976972203258,15.50827015098571,-5.808862896580732,3.0063563364121024,4.565147452137817,3.095688008134928,2.4379366516852228,-7.277802251545106,3.921764068735977,-1.0553899289413455,5.170027379447851,-6.896336899590852,-2.1232252731745542,-2.2145579529041473,2.910859848277891,9.53913833677514,-5.898439475716341,-4.45404374885822,-7.615650810268349,6.028235138725279,1.3836097105510559,-1.210093829956814,-6.9967764225760805,0.417142022984997,-2.135681545919081,1.5389094986365264,-1.3499377667754398,-2.623604664056783,-2.505446409983356,0.6028358961039081,-2.4136904925086475,2.1717405380565533,-7.729730639679708,-0.03635515435375039,1.0697844222916928,5.096357110250918,-3.7120555491439706,6.661286084677036,7.049451402302081,6.631857821446891,-1.103341032838013
64.77064454037023,-24.23944341842576,-12.869153949652796,-9.303231204791397,-1.0046714751403367,-1.1938543395734171,0.919172947421756,4.019459657590322,17.973494088022775,-2.3047455924495814,6.105257927782994,1.4762693526989212,-2.426041997028185,-0.738432053680587,3.393660478215933,1.7018105247632047,-1.0732641199493116,4.213474064595973,0.6440401556361232,2.2423814740725168,-2.7344415163703704,4.2519900382029325,3.7088260010303222,-1.2133500358541027,-4.838555326377936,3.160447392922231,-0.4381727890999719,-2.9730364306873422,-2.701128562663528,0.04233403298742233,2.518461314973969,9.24081345861035,-4.4139860893673,1.2962610282403624,5.313665297120112,6.97164136183246,1.139532727869068,-4.601786418438982,5.927378796801421,2.3701101437175414,-2.5931561860747316,0.5577431069033556,2.2078989847571195,0.3528502308495835,0.6916155960671725,-1.2769258794516263,-2.3095618796775574,-1.1528744861915716,1.5990628516830983,-0.21362873031055868
-34.546605548563555,0.6970296909914925,16.425166775277244,-29.707144308159076,21.47602388995431,-14.504520523183096,-7.461744004364714,1.365423593336608,3.0133630767565913,-6.997494805661956,-11.205030929450471,12.882983478545558,-26.557247959725512,11.517392986115922,11.744289756747737,4.385945635506363,3.6702287507706775,5.619537383395052,-16.715776562198176,-16.139250114319644,8.104181596228718,-13.4994404590067,-0.3789342535008117,-9.507607938378051,3.3570924389317462,2.5729779058403137,11.283126772106625,2.9370120058012796,-12.484487905265233,9.492680532943421,2.100287047243077,-0.9765958018618265,-1.025850214253404,4.539549955603813,0.49765287401023783,1.851591642426373,4.161259660921411,10.818005496211644,-12.467926498563981,4.199808541152026,1.7310443574837795,-5.842021629282817,-2.405565659148762,-1.621134154075601,-11.65466205901977,3.3646725594196703,1.7491076880331606,-2.119034238638638,-3.9478150388030504,2.2642294750755623
-9.161939693666175,-17.233566903084395,32.631654344885426,6.003069057300087,4.649677761388791,-11.805117392977968,-45.845895658162625,14.053932893948021,18.074888011361455,15.296593285204992,-1.0189534684154893,2.601249736077192,6.56248873078657,-1.8404344944398905,5.971862400555319,-0.08035277096188319,-2.816819372893314,-2.665505958253534,-5.293660806363792,-1.1435270138820994,-3.6245813565413156,0.14136938668819288,-1.413460453389424,-1.5239303925931882,8.313965312935379,-1.6003320611467384,-0.10257416154810887,-4.805403272964701,4.803765669829625,0.051303713178703345,-8.21632142761507,-7.694141278858831,-6.053961566448353,3.684288068838968,-1.1105988151899215,2.674093539347853,4.256445059085583,-5.856244996775452,2.1953484945003665,-0.6052230476517688,2.841907559440254,-5.40938972247246,-0.5778879334415857,-0.07413281732554983,-1.2463611666616647,-0.1595476406859758,4.288353710964601,1.1922874142543691,-1.4989441819466247,4.650605945239425
-5.440300791271523,13.216728928729776,26.85400028290139,-19.3594047155331,12.579152770071186,14.338951289923793,-2.0074595086812717,-16.152894009751606,-4.005721001859483,-0.37427070515983774,-7.452476302852612,-4.966961729827419,-0.4805158663129589,-0.6110635149302452,-4.251308883079986,5.207639518255831,-0.11244806895501369,0.28790410288831664,2.3704785180397536,7.163369605904248,1.3211359806176892,-3.0914315924655367,0.35257301786395473,4.097366736977817,1.1233843927118161,-1.761660900053082,-9.732972655437171,-3.567885739075381,-0.5727665301326074,-4.276228619465836,-4.213804233056127,3.260947564523061,1.138843923163621,-4.47249144440965,0.6393446190492503,2.147387039248868,2.1584822130603514,3.030358036045785,1.943257532585401,-2.529851197304921,4.360129959113019,2.3685336946221005,-1.6254467771564685,2.857446060023035,9.655369921040318,1.5591784215302547,0.5257056976477286,-1.432450315393439,1.7100424243463836,-4.010681675258321
-17.226776428799354,60.512622422191214,-53.97329123612424,8.854254479739916,-0.44408189067719006,-3.7256107163574224,-3.0970661633919394,-3.950749573390472,-6.459714163042761,11.55739667238792,8.893606968243922,1.218812847171421,2.14658037234236,2.0080479404354605,-7.5222989141482755,-6.49900043174937,-9.65954952132782,-12.308445604146039,2.526929514167959,-11.327709641388209,-0.3811979330296037,-2.6103875360294224,-8.345088199944122,-2.5731474620239725,0.23748334215675096,-6.424949320632975,-1.5968864378775343,0.8262103649359819,-9.49965555281045,-5.740836107806706,-12.869075693887192,0.5388940783073397,-0.304933060299573,-4.252701705731278,5.46548387139964,3.713461945306761,6.382751984415545,3.771853449531432,-3.966065232747511,-2.2430777299063354,-0.2294674288168543,4.370098247009872,-2.916163655030693,1.5056644036944558,1.6137256680887988,-0.04535642185271206,1.9933602042346446,-1.3934268688861209,7.188997191309287,0.8433026750154805
8.051602881616828,34.385077863999925,20.056292360638224,-4.00297103910976,-3.105599582116323,28.769543472142388,5.719977985998427,-3.912380693310078,-10.555161060106498,18.20462092429892,-7.496334438543134,0.49972725098483073,5.291870694411846,1.7739438600136985,-5.630000616970994,7.890867781668048,2.965910284519137,-1.419969343315749,6.862876509925141,5.205420907969133,-3.5586883448397337,-9.420899463676786,-7.559870566048471,2.2668474873770514,-7.44672314026235,3.11363984652463,2.5173607895889147,6.229106860096823,4.39657080922323,-3.886116197706289,-3.1945826954374232,0.10038158253078175,-0.3732048194678459,-2.637666714359904,-4.320164433180593,0.8123003876627225,2.130864570823368,1.3322989559454195,-4.205872988655882,2.503407228025002,-0.9900657469039972,5.2405167680737685,3.115777062519748,2.2930052666718757,-0.25047255278223146,4.243395566365147,-0.2651357171283916,-0.6526195858064964,-0.3439247097667486,0.8537479628658042
-79.47522509088485,-61.070614440809706,-45.79653895074586,-15.98223141601199,-15.330635897362539,13.543494972536564,10.582526015797988,8.978621378560009,-17.5310379562393,11.665993296372498,6.1664743281349885,1.665228357152037,-4.468370399605913,-8.034286265603974,4.999429601002596,-6.571471660722839,5.893814922726386,14.648430018094125,2.3288616244842784,-4.594242660491886,4.234518438136199,-1.2823063475397398,-7.508127230477058,-2.4231222867534723,-3.5677120475772424,-5.789539382483104,-5.99677297222123,-3.220688083760702,-2.507911198519002,0.09256926657053034,-1.866495671914553,2.69777201118339,-7.468548217659968,0.6096339486219235,4.557970368872719,-3.425296759757063,-2.0003022426135,1.3256290513217863,12.949760524307102,-4.733208605306003,-1.0405360581675402,-2.944411000632473,3.3056853658990852,-1.3586540768195,3.0499690591152846,0.4113511488118121,4.911995592246332,9.267645282562226,-2.358349521553295,-0.39573507433817534
52.46373832438646,-22.059797213952024,-45.36217127408308,-26.50150278082484,-42.30819320448385,-9.949677474253365,14.345709571819516,10.970743143247068,-6.988137359578672,14.109176233760106,-13.895770444243112,-9.051947559259759,-0.8284652232967432,14.596476170644406,3.740104905578787,-13.188071052594646,1.1125913910410297,-7.0268956713995605,1.9285841020847596,2.5077288361078227,-5.513947116262574,-6.446784779355272,-6.179911110869278,-0.5382792806923112,-3.6038895686852466,0.9535275643679358,3.916127956213909,-3.9202142341393644,4.218771977589035,2.429481747692895,-4.145913237279469,-4.341419826380716,4.573170531556392,1.770507373094377,-5.092540753081715,-8.291216566611793,-7.25818922232072,7.005485727997319,-2.3207284312306014,-6.530160601530787,1.7741093025274783,-0.8284192233980964,-3.237347136775794,0.1795421024518207,-1.7695288412728474,-5.829917059203343,2.0013106858037317,3.2940911090200937,2.2118110263285575,-0.5252590644253908
-8.587419613559547,-23.878377696657516,10.457153093723662,27.827859430604782,11.304906833556027,-4.397056372720136,2.2708700369667536,-1.5976585738257885,-20.0357081938379,-11.44954194965368,-0.9120323561854016,-4.011474601697556,-11.229741820422902,0.03092255952557632,-2.360828640289252,8.891240084016793,4.811061310908357,-15.674232300537462,-2.888476243735035,1.0705691198563771,-13.235964950623849,9.262230507300137,-1.126601852422164,-0.24072894646968618,-12.97713790205774,-0.017886206848061595,9.401375538821057,-8.968281359131424,1.2515619321531215,8.329325723208658,1.9703090972445223,-7.497844188835044,-11.746375250065494,9.398661152184644,5.792973677470199,-0.5520075699070806,-0.9378346272895064,3.6476163285842294,-2.360687684599026,3.4704650459076194,-6.812052031655189,3.924578843706753,-2.574391603119941,-1.2428904549007174,-1.9917760310946213,-1.4065578875292633,-2.3084012326250005,-3.7598427502629352,2.4853562068870074,-7.36497801975428
59.79882126689029,-25.008188664103233,-14.551329584427657,-12.796965122146734,3.4702595222337753,-2.742638936150363,-1.8196450312994805,1.4405071793133135,3.2663269549141063,-4.096618775373424,24.22356928818496,6.452935766676849,6.96558052223479,-4.887465121148915,-3.3340784760938136,14.284766317675885,6.315275838510945,6.801364858195129,-0.2815612238206738,-6.049326222227338,-6.608725938325959,1.4540026186494481,-3.5433009423534734,4.769466132321246,2.0748184952799873,-3.9449078947284715,1.870392830135208,1.4713718594499028,-1.490198405222813,0.5911449138125436,1.6947575222608044,2.509636789234652,-2.1746797777226763,-0.9555569703153369,-3.16392670781111,1.37666268221991,0.692030753017392,-1.8348196850914755,1.5952584116687345,1.403942443018612,4.841456591770038,-1.75623351196437,-0.7680260883495589,0.5841366277536505,-1.0834052589304697,-0.35799044845886335,-0.1599964590854803,5.308004373814492,-2.3825243642589213,2.488071993394107
13.465309382024202,14.182131523872991,37.009108648723455,0.08854134096885082,12.453580775473037,15.24936898127697,4.6294303146160445,-2.549759166364117,24.325547697163948,4.510402527239769,-5.406323026210767,2.5191605195008036,4.500598810511957,2.935697861955569,-2.0145388964482365,3.7723636828639897,3.9758571189967764,-3.017443263541053,3.227558429017184,4.739712575402363,-1.4948985205699934,-5.189034629939849,-9.73835437632643,-0.07934296545627473,-5.096767540908224,0.6949027228314552,-1.4076096901624384,2.992996196692984,9.538781582968525,4.678244315018156,-3.58336777152457,3.2035106720064017,0.8746139136708662,-1.930416208045767,0.1871549261959688,-2.2820955424404077,1.3738935367731173,4.33628356413402,3.171871575975436,1.2434931183600044,4.631826173728346,1.0761573462654104,4.017554072568246,-3.2964270540296314,4.671439012333138,3.8915021969969095,-0.41581198556320237,-0.21627697673798207,-1.4439567056400855,-1.2444945045055527
-24.127181659950928,-5.091731799205713,30.855686087814135,-19.61033737758597,-25.772451038582847,-15.73462564192626,-9.957766645669322,-7.061181697789924,33.07950576351042,-3.1839883131182067,0.02446857309236747,4.23198515071107,0.4149170362038833,-1.603393368291411,13.31136544919805,-3.2727976960489795,-10.8557898604559,-0.027677466387852862,-3.8756516888305943,-8.811171236166485,-4.906775907543868,1.2897920623073367,-8.434293660992312,2.189203243124201,-2.2080143594388613,11.245524641682048,-2.03127946616309,3.137934400425464,4.530898483468293,-7.421732896706972,2.683426791347702,-7.709000294271016,-0.2898162950514764,1.6171960222093849,1.7791403163047728,8.34877140668357,-0.6672117783311049,2.7497399587134006,0.5293113337535738,4.14158362064061,4.96530529899905,3.012849333460261,3.4722507046696225,8.926319554611046,-5.983467109497906,-0.5078069595717548,9.695348450482241,-0.02514700976559812,-2.193788029255841,-1.6092403594409126
-20.721331062235855,12.168714309542622,26.341319892622675,-32.72645415959445,-4.400633694359023,-3.3311876185183644,11.053229482290629,-18.30442625628674,10.171244266646845,0.16734020628535398,2.263314578191515,7.716761821411713,6.2889977923313864,4.821522780589659,-6.362669355715787,-5.341445195946296,-0.10593719461111428,-1.4673016084788808,6.470326868042768,-0.5611924830510203,-3.8114864518413265,3.0332325406396112,3.9819151010783287,5.499229820798149,-0.1444868828985662,-8.399891926823997,0.743141669013896,7.02088479627885,-0.41646465567926794,1.6167965734357912,2.019461331229018,1.9211180198908215,8.385204496777972,1.7052805499002686,-0.10468693165189477,-1.7476738954576387,-4.809144777395389,5.635299634338357,-1.691936970147212,-2.0587468140150023,4.446627745244625,-0.3854710880042574,0.6532185186192636,-3.7364387177644014,-9.923353421829928,3.9122550536407963,1.1475129647639335,1.5361543465976346,-1.9082130119096057,1.3947249195920877
-1.1827463925556319,24.94956131911035,30.72299049446999,-21.90540320822833,11.298399294298564,14.912998327543791,7.786612412795021,2.2230421467575097,-5.395424406481526,1.4627027586622798,8.610901792317215,-7.1826507088573175,-9.396098579497021,-14.204637524254698,3.781704455559526,-6.169685262318846,-3.2067012243937607,-1.2590824211047429,4.015522229986689,1.3536564779698597,-8.087582053346992,-2.776805020801641,1.9238918923311412,-1.7253758327242377,-7.235281187790481,-0.6575645330644997,9.881384946390808,0.7054616271851607,3.132548920169473,-1.6638220975419007,-4.283502143482052,0.09108951184544753,-2.112827352679473,-0.22243203561063501,1.5665606298279822,3.679754521055752,-1.448588817895207,-1.9462808759203798,0.9307397597359904,2.8215802833852623,5.008842941295373,1.6635745140009848,7.816142755437207,-2.354649605403857,-8.587753969673185,-2.8779336237894917,-4.827489568543615,4.520601672743995,-1.8810398178961607,-0.7760652380686803
